

================================ OV Log Start ================================
                           Tue Sep 15 14:35:32 2026
==============================================================================

DISPLAY QMGR ALLDISPLAY QLOCAL(*) ALLDISPLAY QALIAS(*) ALLDISPLAY QREMOTE(
*) ALLDISPLAY QMODEL(*) ALLDISPLAY CHANNEL(*) ALLDISPLAY PROCESS(*) ALLDISPLAY N
AMELIST(*) ALL                                                                                                                                                                      DISPLAY QMGR ALL
     2 : DISPLAY QMGR ALL
AMQ8408: Display Queue Manager details.
   DESCR( )                                DEADQ(MT03.DEAD.QUEUE)
   DEFXMITQ( )                             CHADEXIT( )
   CLWLEXIT( )                             CLWLDATA( )
   REPOS( )                                REPOSNL( )
   SSLKEYR(/var/mqm/qmgrs/MT03/ssl)        SSLCRLNL( )
   SSLCRYP( )                              COMMANDQ(SYSTEM.ADMIN.COMMAND.QUEUE)
   QMNAME(MT03)                            CRDATE(2018-01-10)
   CRTIME(10.58.25)                        ALTDATE(2022-04-04)
   ALTTIME(15.19.26)                       QMID(MT03_2018-01-10_10.58.25)
   TRIGINT(999999999)                      MAXHANDS(256)
   MAXUMSGS(10000)                         AUTHOREV(DISABLED)
   INHIBTEV(DISABLED)                      LOCALEV(DISABLED)
   REMOTEEV(DISABLED)                      PERFMEV(ENABLED)
   STRSTPEV(ENABLED)                       CHAD(DISABLED)
   CHADEV(DISABLED)                        CLWLLEN(100)
   MAXMSGL(4194304)                        CCSID(819)
   MAXPRTY(9)                              CMDLEVEL(530)
   PLATFORM(13)                            SYNCPT
   DISTL(YES)                           
MQSC >DISPLAY QLOCAL(*) ALL
     3 : DISPLAY QLOCAL(*) ALL
AMQ8409: Display Queue details.
   DESCR(WebSphere MQ Default Model Queue)
   PROCESS( )                              BOQNAME( )
   INITQ( )                                TRIGDATA( )
   CLUSTER( )                              CLUSNL( )
   QUEUE(AMQ.2026042010053304)             CRDATE(2026-04-20)
   CRTIME(12.05.33)                        ALTDATE(2018-01-10)
   ALTTIME(10.58.28)                       GET(ENABLED)
   PUT(ENABLED)                            DEFPRTY(0)
   DEFPSIST(NO)                            MAXDEPTH(5000)
   MAXMSGL(4194304)                        BOTHRESH(0)
   NOSHARE                                 DEFSOPT(EXCL)
   HARDENBO                                MSGDLVSQ(PRIORITY)
   RETINTVL(999999999)                     USAGE(NORMAL)
   NOTRIGGER                               TRIGTYPE(FIRST)
   TRIGDPTH(1)                             TRIGMPRI(0)
   QDEPTHHI(80)                            QDEPTHLO(20)
   QDPMAXEV(ENABLED)                       QDPHIEV(DISABLED)
   QDPLOEV(DISABLED)                       QSVCINT(999999999)
   QSVCIEV(NONE)                           DISTL(NO)
   NPMCLASS(NORMAL)                        DEFTYPE(TEMPDYN)
   TYPE(QLOCAL)                            SCOPE(QMGR)
   DEFBIND(OPEN)                           IPPROCS(0)
   OPPROCS(0)                              CURDEPTH(0)
AMQ8409: Display Queue details.
   DESCR(WebSphere MQ Default Model Queue)
   PROCESS( )                              BOQNAME( )
   INITQ( )                                TRIGDATA( )
   CLUSTER( )                              CLUSNL( )
   QUEUE(AMQ.2026042209540165)             CRDATE(2026-04-22)
   CRTIME(11.54.01)                        ALTDATE(2018-01-10)
   ALTTIME(10.58.28)                       GET(ENABLED)
   PUT(ENABLED)                            DEFPRTY(0)
   DEFPSIST(NO)                            MAXDEPTH(5000)
   MAXMSGL(4194304)                        BOTHRESH(0)
   NOSHARE                                 DEFSOPT(EXCL)
   HARDENBO                                MSGDLVSQ(PRIORITY)
   RETINTVL(999999999)                     USAGE(NORMAL)
   NOTRIGGER                               TRIGTYPE(FIRST)
   TRIGDPTH(1)                             TRIGMPRI(0)
   QDEPTHHI(80)                            QDEPTHLO(20)
   QDPMAXEV(ENABLED)                       QDPHIEV(DISABLED)
   QDPLOEV(DISABLED)                       QSVCINT(999999999)
   QSVCIEV(NONE)                           DISTL(NO)
   NPMCLASS(NORMAL)                        DEFTYPE(TEMPDYN)
   TYPE(QLOCAL)                            SCOPE(QMGR)
   DEFBIND(OPEN)                           IPPROCS(0)
   OPPROCS(0)                              CURDEPTH(0)
AMQ8409: Display Queue details.
   DESCR(Queue model pour test mqexplorer)
   PROCESS( )                              BOQNAME( )
   INITQ( )                                TRIGDATA( )
   CLUSTER( )                              CLUSNL( )
   QUEUE(AMQ.MQEXPLORER.2026082707302059)
   CRDATE(2026-08-27)                      CRTIME(09.30.20)
   ALTDATE(2025-12-04)                     ALTTIME(10.18.13)
   GET(ENABLED)                            PUT(ENABLED)
   DEFPRTY(0)                              DEFPSIST(NO)
   MAXDEPTH(5000)                          MAXMSGL(4194304)
   BOTHRESH(0)                             NOSHARE
   DEFSOPT(EXCL)                           HARDENBO
   MSGDLVSQ(PRIORITY)                      RETINTVL(999999999)
   USAGE(NORMAL)                           NOTRIGGER
   TRIGTYPE(FIRST)                         TRIGDPTH(1)
   TRIGMPRI(0)                             QDEPTHHI(80)
   QDEPTHLO(20)                            QDPMAXEV(ENABLED)
   QDPHIEV(DISABLED)                       QDPLOEV(DISABLED)
   QSVCINT(999999999)                      QSVCIEV(NONE)
   DISTL(NO)                               NPMCLASS(NORMAL)
   DEFTYPE(TEMPDYN)                        TYPE(QLOCAL)
   SCOPE(QMGR)                             DEFBIND(OPEN)
   IPPROCS(1)                              OPPROCS(0)
   CURDEPTH(0)                          
AMQ8409: Display Queue details.
   DESCR(NOR-DEV-SYB02)                    PROCESS( )
   BOQNAME( )                              INITQ(SYSTEM.CHANNEL.INITQ)
   TRIGDATA( )                             CLUSTER( )
   CLUSNL( )                               QUEUE(MNDFLUNT)
   CRDATE(2018-01-10)                      CRTIME(10.58.51)
   ALTDATE(2018-01-10)                     ALTTIME(10.58.51)
   GET(ENABLED)                            PUT(ENABLED)
   DEFPRTY(0)                              DEFPSIST(YES)
   MAXDEPTH(5000)                          MAXMSGL(4194304)
   BOTHRESH(0)                             SHARE
   DEFSOPT(SHARED)                         HARDENBO
   MSGDLVSQ(PRIORITY)                      RETINTVL(999999999)
   USAGE(NORMAL)                           NOTRIGGER
   TRIGTYPE(FIRST)                         TRIGDPTH(1)
   TRIGMPRI(0)                             QDEPTHHI(80)
   QDEPTHLO(20)                            QDPMAXEV(ENABLED)
   QDPHIEV(DISABLED)                       QDPLOEV(DISABLED)
   QSVCINT(999999999)                      QSVCIEV(NONE)
   DISTL(NO)                               NPMCLASS(NORMAL)
   DEFTYPE(PREDEFINED)                     TYPE(QLOCAL)
   SCOPE(QMGR)                             DEFBIND(OPEN)
   IPPROCS(0)                              OPPROCS(0)
   CURDEPTH(0)                          
AMQ8409: Display Queue details.
   DESCR(Machine Traction)                 PROCESS( )
   BOQNAME( )                              INITQ( )
   TRIGDATA( )                             CLUSTER( )
   CLUSNL( )                            
   QUEUE(MNDFLUNT_FO.QL.TDMMTR.00000001)
   CRDATE(2018-01-10)                      CRTIME(10.58.51)
   ALTDATE(2018-01-10)                     ALTTIME(10.58.51)
   GET(ENABLED)                            PUT(ENABLED)
   DEFPRTY(0)                              DEFPSIST(NO)
   MAXDEPTH(5000)                          MAXMSGL(4194304)
   BOTHRESH(0)                             SHARE
   DEFSOPT(SHARED)                         HARDENBO
   MSGDLVSQ(PRIORITY)                      RETINTVL(999999999)
   USAGE(NORMAL)                           NOTRIGGER
   TRIGTYPE(FIRST)                         TRIGDPTH(1)
   TRIGMPRI(0)                             QDEPTHHI(80)
   QDEPTHLO(20)                            QDPMAXEV(ENABLED)
   QDPHIEV(DISABLED)                       QDPLOEV(DISABLED)
   QSVCINT(999999999)                      QSVCIEV(NONE)
   DISTL(NO)                               NPMCLASS(NORMAL)
   DEFTYPE(PREDEFINED)                     TYPE(QLOCAL)
   SCOPE(QMGR)                             DEFBIND(OPEN)
   IPPROCS(0)                              OPPROCS(0)
   CURDEPTH(0)                          
AMQ8409: Display Queue details.
   DESCR(P.Abadie)                         PROCESS( )
   BOQNAME( )                              INITQ( )
   TRIGDATA( )                             CLUSTER( )
   CLUSNL( )                               QUEUE(MNDFOIN01_FO.QL.GCGNT.AVAL01)
   CRDATE(2018-01-10)                      CRTIME(10.58.51)
   ALTDATE(2018-01-10)                     ALTTIME(10.58.51)
   GET(ENABLED)                            PUT(ENABLED)
   DEFPRTY(0)                              DEFPSIST(NO)
   MAXDEPTH(5000)                          MAXMSGL(4194304)
   BOTHRESH(0)                             SHARE
   DEFSOPT(SHARED)                         HARDENBO
   MSGDLVSQ(PRIORITY)                      RETINTVL(999999999)
   USAGE(NORMAL)                           NOTRIGGER
   TRIGTYPE(FIRST)                         TRIGDPTH(1)
   TRIGMPRI(0)                             QDEPTHHI(80)
   QDEPTHLO(20)                            QDPMAXEV(ENABLED)
   QDPHIEV(DISABLED)                       QDPLOEV(DISABLED)
   QSVCINT(999999999)                      QSVCIEV(NONE)
   DISTL(NO)                               NPMCLASS(NORMAL)
   DEFTYPE(PREDEFINED)                     TYPE(QLOCAL)
   SCOPE(QMGR)                             DEFBIND(OPEN)
   IPPROCS(1)                              OPPROCS(0)
   CURDEPTH(0)                          
AMQ8409: Display Queue details.
   DESCR(P.Abadie)                         PROCESS( )
   BOQNAME( )                              INITQ( )
   TRIGDATA( )                             CLUSTER( )
   CLUSNL( )                               QUEUE(MNDFOIN01_FO.QL.GCGNT.BATCH01)
   CRDATE(2018-01-10)                      CRTIME(10.58.52)
   ALTDATE(2018-01-10)                     ALTTIME(10.58.52)
   GET(ENABLED)                            PUT(ENABLED)
   DEFPRTY(0)                              DEFPSIST(NO)
   MAXDEPTH(5000)                          MAXMSGL(4194304)
   BOTHRESH(0)                             SHARE
   DEFSOPT(SHARED)                         HARDENBO
   MSGDLVSQ(PRIORITY)                      RETINTVL(999999999)
   USAGE(NORMAL)                           NOTRIGGER
   TRIGTYPE(FIRST)                         TRIGDPTH(1)
   TRIGMPRI(0)                             QDEPTHHI(80)
   QDEPTHLO(20)                            QDPMAXEV(ENABLED)
   QDPHIEV(DISABLED)                       QDPLOEV(DISABLED)
   QSVCINT(999999999)                      QSVCIEV(NONE)
   DISTL(NO)                               NPMCLASS(NORMAL)
   DEFTYPE(PREDEFINED)                     TYPE(QLOCAL)
   SCOPE(QMGR)                             DEFBIND(OPEN)
   IPPROCS(0)                              OPPROCS(0)
   CURDEPTH(0)                          
AMQ8409: Display Queue details.
   DESCR(JM.Bayle)                         PROCESS( )
   BOQNAME( )                              INITQ( )
   TRIGDATA( )                             CLUSTER( )
   CLUSNL( )                               QUEUE(MNDFOIN01_FO.QL.GCGNT.INF01)
   CRDATE(2018-01-10)                      CRTIME(10.58.52)
   ALTDATE(2018-01-10)                     ALTTIME(10.58.52)
   GET(ENABLED)                            PUT(ENABLED)
   DEFPRTY(0)                              DEFPSIST(NO)
   MAXDEPTH(5000)                          MAXMSGL(4194304)
   BOTHRESH(0)                             SHARE
   DEFSOPT(SHARED)                         HARDENBO
   MSGDLVSQ(PRIORITY)                      RETINTVL(999999999)
   USAGE(NORMAL)                           NOTRIGGER
   TRIGTYPE(FIRST)                         TRIGDPTH(1)
   TRIGMPRI(0)                             QDEPTHHI(80)
   QDEPTHLO(20)                            QDPMAXEV(ENABLED)
   QDPHIEV(DISABLED)                       QDPLOEV(DISABLED)
   QSVCINT(999999999)                      QSVCIEV(NONE)
   DISTL(NO)                               NPMCLASS(NORMAL)
   DEFTYPE(PREDEFINED)                     TYPE(QLOCAL)
   SCOPE(QMGR)                             DEFBIND(OPEN)
   IPPROCS(1)                              OPPROCS(0)
   CURDEPTH(0)                          
AMQ8409: Display Queue details.
   DESCR(P.Abadie)                         PROCESS( )
   BOQNAME( )                              INITQ( )
   TRIGDATA( )                             CLUSTER( )
   CLUSNL( )                               QUEUE(MNDFOIN01_FO.QL.GCGNT.RAVAL01)
   CRDATE(2018-01-10)                      CRTIME(10.58.52)
   ALTDATE(2018-01-10)                     ALTTIME(10.58.52)
   GET(ENABLED)                            PUT(ENABLED)
   DEFPRTY(0)                              DEFPSIST(NO)
   MAXDEPTH(5000)                          MAXMSGL(4194304)
   BOTHRESH(0)                             SHARE
   DEFSOPT(SHARED)                         HARDENBO
   MSGDLVSQ(PRIORITY)                      RETINTVL(999999999)
   USAGE(NORMAL)                           NOTRIGGER
   TRIGTYPE(FIRST)                         TRIGDPTH(1)
   TRIGMPRI(0)                             QDEPTHHI(80)
   QDEPTHLO(20)                            QDPMAXEV(ENABLED)
   QDPHIEV(DISABLED)                       QDPLOEV(DISABLED)
   QSVCINT(999999999)                      QSVCIEV(NONE)
   DISTL(NO)                               NPMCLASS(NORMAL)
   DEFTYPE(PREDEFINED)                     TYPE(QLOCAL)
   SCOPE(QMGR)                             DEFBIND(OPEN)
   IPPROCS(0)                              OPPROCS(0)
   CURDEPTH(0)                          
AMQ8409: Display Queue details.
   DESCR(P.Abadie)                         PROCESS( )
   BOQNAME( )                              INITQ( )
   TRIGDATA( )                             CLUSTER( )
   CLUSNL( )                            
   QUEUE(MNDFOIN01_FO.QL.GCGNT.RBATCH01)
   CRDATE(2018-01-10)                      CRTIME(10.58.52)
   ALTDATE(2018-01-10)                     ALTTIME(10.58.52)
   GET(ENABLED)                            PUT(ENABLED)
   DEFPRTY(0)                              DEFPSIST(NO)
   MAXDEPTH(5000)                          MAXMSGL(4194304)
   BOTHRESH(0)                             SHARE
   DEFSOPT(SHARED)                         HARDENBO
   MSGDLVSQ(PRIORITY)                      RETINTVL(999999999)
   USAGE(NORMAL)                           NOTRIGGER
   TRIGTYPE(FIRST)                         TRIGDPTH(1)
   TRIGMPRI(0)                             QDEPTHHI(80)
   QDEPTHLO(20)                            QDPMAXEV(ENABLED)
   QDPHIEV(DISABLED)                       QDPLOEV(DISABLED)
   QSVCINT(999999999)                      QSVCIEV(NONE)
   DISTL(NO)                               NPMCLASS(NORMAL)
   DEFTYPE(PREDEFINED)                     TYPE(QLOCAL)
   SCOPE(QMGR)                             DEFBIND(OPEN)
   IPPROCS(0)                              OPPROCS(0)
   CURDEPTH(0)                          
AMQ8409: Display Queue details.
   DESCR(JM.Bayle)                         PROCESS( )
   BOQNAME( )                              INITQ( )
   TRIGDATA( )                             CLUSTER( )
   CLUSNL( )                               QUEUE(MNDFOIN01_FO.QL.GCGNT.RINF01)
   CRDATE(2018-01-10)                      CRTIME(10.58.52)
   ALTDATE(2018-01-10)                     ALTTIME(10.58.52)
   GET(ENABLED)                            PUT(ENABLED)
   DEFPRTY(0)                              DEFPSIST(NO)
   MAXDEPTH(5000)                          MAXMSGL(4194304)
   BOTHRESH(0)                             SHARE
   DEFSOPT(SHARED)                         HARDENBO
   MSGDLVSQ(PRIORITY)                      RETINTVL(999999999)
   USAGE(NORMAL)                           NOTRIGGER
   TRIGTYPE(FIRST)                         TRIGDPTH(1)
   TRIGMPRI(0)                             QDEPTHHI(80)
   QDEPTHLO(20)                            QDPMAXEV(ENABLED)
   QDPHIEV(DISABLED)                       QDPLOEV(DISABLED)
   QSVCINT(999999999)                      QSVCIEV(NONE)
   DISTL(NO)                               NPMCLASS(NORMAL)
   DEFTYPE(PREDEFINED)                     TYPE(QLOCAL)
   SCOPE(QMGR)                             DEFBIND(OPEN)
   IPPROCS(0)                              OPPROCS(1)
   CURDEPTH(0)                          
AMQ8409: Display Queue details.
   DESCR(P.Abadie)                         PROCESS( )
   BOQNAME( )                              INITQ( )
   TRIGDATA( )                             CLUSTER( )
   CLUSNL( )                            
   QUEUE(MNDFOIN01_FO.QL.GCGNT.RSCORPION01)
   CRDATE(2018-01-10)                      CRTIME(10.58.52)
   ALTDATE(2018-01-10)                     ALTTIME(10.58.52)
   GET(ENABLED)                            PUT(ENABLED)
   DEFPRTY(0)                              DEFPSIST(NO)
   MAXDEPTH(5000)                          MAXMSGL(4194304)
   BOTHRESH(0)                             SHARE
   DEFSOPT(SHARED)                         HARDENBO
   MSGDLVSQ(PRIORITY)                      RETINTVL(999999999)
   USAGE(NORMAL)                           NOTRIGGER
   TRIGTYPE(FIRST)                         TRIGDPTH(1)
   TRIGMPRI(0)                             QDEPTHHI(80)
   QDEPTHLO(20)                            QDPMAXEV(ENABLED)
   QDPHIEV(DISABLED)                       QDPLOEV(DISABLED)
   QSVCINT(999999999)                      QSVCIEV(NONE)
   DISTL(NO)                               NPMCLASS(NORMAL)
   DEFTYPE(PREDEFINED)                     TYPE(QLOCAL)
   SCOPE(QMGR)                             DEFBIND(OPEN)
   IPPROCS(0)                              OPPROCS(0)
   CURDEPTH(0)                          
AMQ8409: Display Queue details.
   DESCR(P.Abadie)                         PROCESS( )
   BOQNAME( )                              INITQ( )
   TRIGDATA( )                             CLUSTER( )
   CLUSNL( )                               QUEUE(MNDFOIN01_FO.QL.GCGNT.RSCP01)
   CRDATE(2018-01-10)                      CRTIME(10.58.53)
   ALTDATE(2018-01-10)                     ALTTIME(10.58.53)
   GET(ENABLED)                            PUT(ENABLED)
   DEFPRTY(0)                              DEFPSIST(NO)
   MAXDEPTH(5000)                          MAXMSGL(4194304)
   BOTHRESH(0)                             SHARE
   DEFSOPT(SHARED)                         HARDENBO
   MSGDLVSQ(PRIORITY)                      RETINTVL(999999999)
   USAGE(NORMAL)                           NOTRIGGER
   TRIGTYPE(FIRST)                         TRIGDPTH(1)
   TRIGMPRI(0)                             QDEPTHHI(80)
   QDEPTHLO(20)                            QDPMAXEV(ENABLED)
   QDPHIEV(DISABLED)                       QDPLOEV(DISABLED)
   QSVCINT(999999999)                      QSVCIEV(NONE)
   DISTL(NO)                               NPMCLASS(NORMAL)
   DEFTYPE(PREDEFINED)                     TYPE(QLOCAL)
   SCOPE(QMGR)                             DEFBIND(OPEN)
   IPPROCS(0)                              OPPROCS(1)
   CURDEPTH(0)                          
AMQ8409: Display Queue details.
   DESCR(P.Abadie)                         PROCESS( )
   BOQNAME( )                              INITQ( )
   TRIGDATA( )                             CLUSTER( )
   CLUSNL( )                            
   QUEUE(MNDFOIN01_FO.QL.GCGNT.SCORPION01)
   CRDATE(2018-01-10)                      CRTIME(10.58.53)
   ALTDATE(2018-01-10)                     ALTTIME(10.58.53)
   GET(ENABLED)                            PUT(ENABLED)
   DEFPRTY(0)                              DEFPSIST(NO)
   MAXDEPTH(5000)                          MAXMSGL(4194304)
   BOTHRESH(0)                             SHARE
   DEFSOPT(SHARED)                         HARDENBO
   MSGDLVSQ(PRIORITY)                      RETINTVL(999999999)
   USAGE(NORMAL)                           NOTRIGGER
   TRIGTYPE(FIRST)                         TRIGDPTH(1)
   TRIGMPRI(0)                             QDEPTHHI(80)
   QDEPTHLO(20)                            QDPMAXEV(ENABLED)
   QDPHIEV(DISABLED)                       QDPLOEV(DISABLED)
   QSVCINT(999999999)                      QSVCIEV(NONE)
   DISTL(NO)                               NPMCLASS(NORMAL)
   DEFTYPE(PREDEFINED)                     TYPE(QLOCAL)
   SCOPE(QMGR)                             DEFBIND(OPEN)
   IPPROCS(0)                              OPPROCS(0)
   CURDEPTH(0)                          
AMQ8409: Display Queue details.
   DESCR(P.Abadie)                         PROCESS( )
   BOQNAME( )                              INITQ( )
   TRIGDATA( )                             CLUSTER( )
   CLUSNL( )                               QUEUE(MNDFOIN01_FO.QL.GCGNT.SCP01)
   CRDATE(2018-01-10)                      CRTIME(10.58.53)
   ALTDATE(2018-01-10)                     ALTTIME(10.58.53)
   GET(ENABLED)                            PUT(ENABLED)
   DEFPRTY(0)                              DEFPSIST(NO)
   MAXDEPTH(5000)                          MAXMSGL(4194304)
   BOTHRESH(0)                             SHARE
   DEFSOPT(SHARED)                         HARDENBO
   MSGDLVSQ(PRIORITY)                      RETINTVL(999999999)
   USAGE(NORMAL)                           NOTRIGGER
   TRIGTYPE(FIRST)                         TRIGDPTH(1)
   TRIGMPRI(0)                             QDEPTHHI(80)
   QDEPTHLO(20)                            QDPMAXEV(ENABLED)
   QDPHIEV(DISABLED)                       QDPLOEV(DISABLED)
   QSVCINT(999999999)                      QSVCIEV(NONE)
   DISTL(NO)                               NPMCLASS(NORMAL)
   DEFTYPE(PREDEFINED)                     TYPE(QLOCAL)
   SCOPE(QMGR)                             DEFBIND(OPEN)
   IPPROCS(1)                              OPPROCS(0)
   CURDEPTH(0)                          
AMQ8409: Display Queue details.
   DESCR(P.Abadie)                         PROCESS( )
   BOQNAME( )                              INITQ( )
   TRIGDATA( )                             CLUSTER( )
   CLUSNL( )                               QUEUE(MNDFOIN2_FO.QL.GCGNT.GTDM001)
   CRDATE(2018-01-10)                      CRTIME(10.58.53)
   ALTDATE(2018-01-10)                     ALTTIME(10.58.53)
   GET(ENABLED)                            PUT(ENABLED)
   DEFPRTY(0)                              DEFPSIST(NO)
   MAXDEPTH(5000)                          MAXMSGL(4194304)
   BOTHRESH(0)                             SHARE
   DEFSOPT(SHARED)                         HARDENBO
   MSGDLVSQ(PRIORITY)                      RETINTVL(999999999)
   USAGE(NORMAL)                           NOTRIGGER
   TRIGTYPE(FIRST)                         TRIGDPTH(1)
   TRIGMPRI(0)                             QDEPTHHI(80)
   QDEPTHLO(20)                            QDPMAXEV(ENABLED)
   QDPHIEV(DISABLED)                       QDPLOEV(DISABLED)
   QSVCINT(999999999)                      QSVCIEV(NONE)
   DISTL(NO)                               NPMCLASS(NORMAL)
   DEFTYPE(PREDEFINED)                     TYPE(QLOCAL)
   SCOPE(QMGR)                             DEFBIND(OPEN)
   IPPROCS(0)                              OPPROCS(0)
   CURDEPTH(0)                          
AMQ8409: Display Queue details.
   DESCR(Reponse QL QR Poste GP)           PROCESS( )
   BOQNAME( )                              INITQ( )
   TRIGDATA( )                             CLUSTER( )
   CLUSNL( )                               QUEUE(MNDFOIN2_FO.QR.GCGNT.GTDM001)
   CRDATE(2018-01-10)                      CRTIME(10.58.53)
   ALTDATE(2018-01-10)                     ALTTIME(10.58.53)
   GET(ENABLED)                            PUT(ENABLED)
   DEFPRTY(0)                              DEFPSIST(NO)
   MAXDEPTH(5000)                          MAXMSGL(4194304)
   BOTHRESH(0)                             SHARE
   DEFSOPT(SHARED)                         HARDENBO
   MSGDLVSQ(PRIORITY)                      RETINTVL(999999999)
   USAGE(NORMAL)                           NOTRIGGER
   TRIGTYPE(FIRST)                         TRIGDPTH(1)
   TRIGMPRI(0)                             QDEPTHHI(80)
   QDEPTHLO(20)                            QDPMAXEV(ENABLED)
   QDPHIEV(DISABLED)                       QDPLOEV(DISABLED)
   QSVCINT(999999999)                      QSVCIEV(NONE)
   DISTL(NO)                               NPMCLASS(NORMAL)
   DEFTYPE(PREDEFINED)                     TYPE(QLOCAL)
   SCOPE(QMGR)                             DEFBIND(OPEN)
   IPPROCS(0)                              OPPROCS(0)
   CURDEPTH(0)                          
AMQ8409: Display Queue details.
   DESCR(Machine Traction)                 PROCESS( )
   BOQNAME( )                              INITQ( )
   TRIGDATA( )                             CLUSTER( )
   CLUSNL( )                               QUEUE(MNDFOPAO1.QL.MTL.001)
   CRDATE(2018-01-10)                      CRTIME(10.58.54)
   ALTDATE(2018-01-10)                     ALTTIME(10.58.54)
   GET(ENABLED)                            PUT(ENABLED)
   DEFPRTY(0)                              DEFPSIST(NO)
   MAXDEPTH(5000)                          MAXMSGL(4194304)
   BOTHRESH(0)                             SHARE
   DEFSOPT(SHARED)                         HARDENBO
   MSGDLVSQ(PRIORITY)                      RETINTVL(999999999)
   USAGE(NORMAL)                           NOTRIGGER
   TRIGTYPE(FIRST)                         TRIGDPTH(1)
   TRIGMPRI(0)                             QDEPTHHI(80)
   QDEPTHLO(20)                            QDPMAXEV(ENABLED)
   QDPHIEV(DISABLED)                       QDPLOEV(DISABLED)
   QSVCINT(999999999)                      QSVCIEV(NONE)
   DISTL(NO)                               NPMCLASS(NORMAL)
   DEFTYPE(PREDEFINED)                     TYPE(QLOCAL)
   SCOPE(QMGR)                             DEFBIND(OPEN)
   IPPROCS(0)                              OPPROCS(0)
   CURDEPTH(0)                          
AMQ8409: Display Queue details.
   DESCR(Vers NT à Florange)               PROCESS(PR.MT03.MNDINTA1)
   BOQNAME( )                              INITQ(SYSTEM.CHANNEL.INITQ)
   TRIGDATA( )                             CLUSTER( )
   CLUSNL( )                               QUEUE(MNDINTA1)
   CRDATE(2018-01-10)                      CRTIME(10.58.54)
   ALTDATE(2018-01-10)                     ALTTIME(10.58.54)
   GET(DISABLED)                           PUT(ENABLED)
   DEFPRTY(0)                              DEFPSIST(NO)
   MAXDEPTH(5000)                          MAXMSGL(4194304)
   BOTHRESH(0)                             SHARE
   DEFSOPT(SHARED)                         HARDENBO
   MSGDLVSQ(PRIORITY)                      RETINTVL(999999999)
   USAGE(NORMAL)                           NOTRIGGER
   TRIGTYPE(FIRST)                         TRIGDPTH(1)
   TRIGMPRI(0)                             QDEPTHHI(80)
   QDEPTHLO(20)                            QDPMAXEV(ENABLED)
   QDPHIEV(DISABLED)                       QDPLOEV(DISABLED)
   QSVCINT(999999999)                      QSVCIEV(NONE)
   DISTL(NO)                               NPMCLASS(NORMAL)
   DEFTYPE(PREDEFINED)                     TYPE(QLOCAL)
   SCOPE(QMGR)                             DEFBIND(OPEN)
   IPPROCS(0)                              OPPROCS(0)
   CURDEPTH(0)                          
AMQ8409: Display Queue details.
   DESCR(Vers DK)                          PROCESS(PR.MT03.MNPADMFO)
   BOQNAME( )                              INITQ(SYSTEM.CHANNEL.INITQ)
   TRIGDATA( )                             CLUSTER( )
   CLUSNL( )                               QUEUE(MNPADMFO)
   CRDATE(2018-01-10)                      CRTIME(10.58.54)
   ALTDATE(2026-09-15)                     ALTTIME(14.30.19)
   GET(DISABLED)                           PUT(ENABLED)
   DEFPRTY(0)                              DEFPSIST(YES)
   MAXDEPTH(5000)                          MAXMSGL(4194304)
   BOTHRESH(0)                             SHARE
   DEFSOPT(SHARED)                         HARDENBO
   MSGDLVSQ(PRIORITY)                      RETINTVL(999999999)
   USAGE(XMITQ)                            NOTRIGGER
   TRIGTYPE(FIRST)                         TRIGDPTH(1)
   TRIGMPRI(0)                             QDEPTHHI(80)
   QDEPTHLO(20)                            QDPMAXEV(ENABLED)
   QDPHIEV(DISABLED)                       QDPLOEV(DISABLED)
   QSVCINT(999999999)                      QSVCIEV(NONE)
   DISTL(NO)                               NPMCLASS(NORMAL)
   DEFTYPE(PREDEFINED)                     TYPE(QLOCAL)
   SCOPE(QMGR)                             DEFBIND(OPEN)
   IPPROCS(0)                              OPPROCS(0)
   CURDEPTH(0)                          
AMQ8409: Display Queue details.
   DESCR(RECETTE SIRIUS)                   PROCESS(PR.MT03.MQSG)
   BOQNAME( )                              INITQ(SYSTEM.CHANNEL.INITQ)
   TRIGDATA( )                             CLUSTER( )
   CLUSNL( )                               QUEUE(MQSG)
   CRDATE(2018-01-10)                      CRTIME(10.58.54)
   ALTDATE(2026-08-26)                     ALTTIME(10.12.26)
   GET(DISABLED)                           PUT(ENABLED)
   DEFPRTY(0)                              DEFPSIST(YES)
   MAXDEPTH(5000)                          MAXMSGL(4194304)
   BOTHRESH(0)                             SHARE
   DEFSOPT(SHARED)                         HARDENBO
   MSGDLVSQ(PRIORITY)                      RETINTVL(999999999)
   USAGE(XMITQ)                            NOTRIGGER
   TRIGTYPE(FIRST)                         TRIGDPTH(1)
   TRIGMPRI(0)                             QDEPTHHI(80)
   QDEPTHLO(20)                            QDPMAXEV(ENABLED)
   QDPHIEV(DISABLED)                       QDPLOEV(DISABLED)
   QSVCINT(999999999)                      QSVCIEV(NONE)
   DISTL(NO)                               NPMCLASS(NORMAL)
   DEFTYPE(PREDEFINED)                     TYPE(QLOCAL)
   SCOPE(QMGR)                             DEFBIND(OPEN)
   IPPROCS(0)                              OPPROCS(0)
   CURDEPTH(0)                          
AMQ8409: Display Queue details.
   DESCR(Flux GNSU1-IT. Contr?le de Synchronisation - Reception)
   PROCESS( )                              BOQNAME( )
   INITQ( )                                TRIGDATA( )
   CLUSTER( )                              CLUSNL( )
   QUEUE(MQSG_FO.QL.GNSU1.IT)              CRDATE(2022-03-11)
   CRTIME(13.54.08)                        ALTDATE(2022-03-11)
   ALTTIME(13.54.08)                       GET(ENABLED)
   PUT(ENABLED)                            DEFPRTY(0)
   DEFPSIST(YES)                           MAXDEPTH(30000)
   MAXMSGL(4194304)                        BOTHRESH(0)
   SHARE                                   DEFSOPT(SHARED)
   HARDENBO                                MSGDLVSQ(PRIORITY)
   RETINTVL(999999999)                     USAGE(NORMAL)
   NOTRIGGER                               TRIGTYPE(FIRST)
   TRIGDPTH(1)                             TRIGMPRI(0)
   QDEPTHHI(80)                            QDEPTHLO(20)
   QDPMAXEV(ENABLED)                       QDPHIEV(ENABLED)
   QDPLOEV(DISABLED)                       QSVCINT(999999999)
   QSVCIEV(NONE)                           DISTL(NO)
   NPMCLASS(NORMAL)                        DEFTYPE(PREDEFINED)
   TYPE(QLOCAL)                            SCOPE(QMGR)
   DEFBIND(OPEN)                           IPPROCS(0)
   OPPROCS(0)                              CURDEPTH(0)
AMQ8409: Display Queue details.
   DESCR(Flux GNSU2-IT. Envoi des Ordres de Fabrication - OF)
   PROCESS( )                              BOQNAME( )
   INITQ( )                                TRIGDATA( )
   CLUSTER( )                              CLUSNL( )
   QUEUE(MQSG_FO.QL.GNSU2.IT)              CRDATE(2022-03-11)
   CRTIME(13.54.16)                        ALTDATE(2022-03-11)
   ALTTIME(13.54.16)                       GET(ENABLED)
   PUT(ENABLED)                            DEFPRTY(0)
   DEFPSIST(YES)                           MAXDEPTH(30000)
   MAXMSGL(4194304)                        BOTHRESH(0)
   SHARE                                   DEFSOPT(SHARED)
   HARDENBO                                MSGDLVSQ(PRIORITY)
   RETINTVL(999999999)                     USAGE(NORMAL)
   NOTRIGGER                               TRIGTYPE(FIRST)
   TRIGDPTH(1)                             TRIGMPRI(0)
   QDEPTHHI(80)                            QDEPTHLO(20)
   QDPMAXEV(ENABLED)                       QDPHIEV(ENABLED)
   QDPLOEV(DISABLED)                       QSVCINT(999999999)
   QSVCIEV(NONE)                           DISTL(NO)
   NPMCLASS(NORMAL)                        DEFTYPE(PREDEFINED)
   TYPE(QLOCAL)                            SCOPE(QMGR)
   DEFBIND(OPEN)                           IPPROCS(0)
   OPPROCS(0)                              CURDEPTH(0)
AMQ8409: Display Queue details.
   DESCR(Flux GNSU3-IT. Envoi des Mat?riels)
   PROCESS( )                              BOQNAME( )
   INITQ( )                                TRIGDATA( )
   CLUSTER( )                              CLUSNL( )
   QUEUE(MQSG_FO.QL.GNSU3.IT)              CRDATE(2022-03-11)
   CRTIME(13.54.38)                        ALTDATE(2022-03-11)
   ALTTIME(13.54.38)                       GET(ENABLED)
   PUT(ENABLED)                            DEFPRTY(0)
   DEFPSIST(YES)                           MAXDEPTH(30000)
   MAXMSGL(4194304)                        BOTHRESH(0)
   SHARE                                   DEFSOPT(SHARED)
   HARDENBO                                MSGDLVSQ(PRIORITY)
   RETINTVL(999999999)                     USAGE(NORMAL)
   NOTRIGGER                               TRIGTYPE(FIRST)
   TRIGDPTH(1)                             TRIGMPRI(0)
   QDEPTHHI(80)                            QDEPTHLO(20)
   QDPMAXEV(ENABLED)                       QDPHIEV(ENABLED)
   QDPLOEV(DISABLED)                       QSVCINT(999999999)
   QSVCIEV(NONE)                           DISTL(NO)
   NPMCLASS(NORMAL)                        DEFTYPE(PREDEFINED)
   TYPE(QLOCAL)                            SCOPE(QMGR)
   DEFBIND(OPEN)                           IPPROCS(0)
   OPPROCS(0)                              CURDEPTH(0)
AMQ8409: Display Queue details.
   DESCR(Transfert des tables IBM Sirius vers Tandem)
   PROCESS( )                              BOQNAME( )
   INITQ( )                                TRIGDATA( )
   CLUSTER( )                              CLUSNL( )
   QUEUE(MQSG_FO.QL.TRANSF.TABL.IT)        CRDATE(2024-02-08)
   CRTIME(17.05.16)                        ALTDATE(2024-02-08)
   ALTTIME(17.05.16)                       GET(ENABLED)
   PUT(ENABLED)                            DEFPRTY(0)
   DEFPSIST(NO)                            MAXDEPTH(5000)
   MAXMSGL(4194304)                        BOTHRESH(0)
   SHARE                                   DEFSOPT(SHARED)
   HARDENBO                                MSGDLVSQ(PRIORITY)
   RETINTVL(999999999)                     USAGE(NORMAL)
   NOTRIGGER                               TRIGTYPE(FIRST)
   TRIGDPTH(1)                             TRIGMPRI(0)
   QDEPTHHI(80)                            QDEPTHLO(20)
   QDPMAXEV(ENABLED)                       QDPHIEV(DISABLED)
   QDPLOEV(DISABLED)                       QSVCINT(999999999)
   QSVCIEV(NONE)                           DISTL(NO)
   NPMCLASS(NORMAL)                        DEFTYPE(PREDEFINED)
   TYPE(QLOCAL)                            SCOPE(QMGR)
   DEFBIND(OPEN)                           IPPROCS(2)
   OPPROCS(0)                              CURDEPTH(0)
AMQ8409: Display Queue details.
   DESCR(Bourse Aux Bobines)               PROCESS( )
   BOQNAME( )                              INITQ( )
   TRIGDATA( )                             CLUSTER( )
   CLUSNL( )                               QUEUE(MSDF.QL.FO.KBB.001)
   CRDATE(2018-01-10)                      CRTIME(10.58.54)
   ALTDATE(2018-01-10)                     ALTTIME(10.58.54)
   GET(ENABLED)                            PUT(ENABLED)
   DEFPRTY(0)                              DEFPSIST(NO)
   MAXDEPTH(5000)                          MAXMSGL(4194304)
   BOTHRESH(0)                             SHARE
   DEFSOPT(SHARED)                         HARDENBO
   MSGDLVSQ(PRIORITY)                      RETINTVL(999999999)
   USAGE(NORMAL)                           NOTRIGGER
   TRIGTYPE(FIRST)                         TRIGDPTH(1)
   TRIGMPRI(0)                             QDEPTHHI(80)
   QDEPTHLO(20)                            QDPMAXEV(ENABLED)
   QDPHIEV(DISABLED)                       QDPLOEV(DISABLED)
   QSVCINT(999999999)                      QSVCIEV(NONE)
   DISTL(NO)                               NPMCLASS(NORMAL)
   DEFTYPE(PREDEFINED)                     TYPE(QLOCAL)
   SCOPE(QMGR)                             DEFBIND(OPEN)
   IPPROCS(0)                              OPPROCS(0)
   CURDEPTH(0)                          
AMQ8409: Display Queue details.
   DESCR(Bourse Aux Bobines)               PROCESS( )
   BOQNAME( )                              INITQ( )
   TRIGDATA( )                             CLUSTER( )
   CLUSNL( )                               QUEUE(MSRF.QL.FO.KBB.001)
   CRDATE(2018-01-10)                      CRTIME(10.58.54)
   ALTDATE(2018-01-10)                     ALTTIME(10.58.54)
   GET(ENABLED)                            PUT(ENABLED)
   DEFPRTY(0)                              DEFPSIST(YES)
   MAXDEPTH(5000)                          MAXMSGL(4194304)
   BOTHRESH(0)                             SHARE
   DEFSOPT(SHARED)                         HARDENBO
   MSGDLVSQ(PRIORITY)                      RETINTVL(999999999)
   USAGE(NORMAL)                           NOTRIGGER
   TRIGTYPE(FIRST)                         TRIGDPTH(1)
   TRIGMPRI(0)                             QDEPTHHI(80)
   QDEPTHLO(20)                            QDPMAXEV(ENABLED)
   QDPHIEV(DISABLED)                       QDPLOEV(DISABLED)
   QSVCINT(999999999)                      QSVCIEV(NONE)
   DISTL(NO)                               NPMCLASS(NORMAL)
   DEFTYPE(PREDEFINED)                     TYPE(QLOCAL)
   SCOPE(QMGR)                             DEFBIND(OPEN)
   IPPROCS(0)                              OPPROCS(0)
   CURDEPTH(0)                          
AMQ8409: Display Queue details.
   DESCR(Info Cde)                         PROCESS( )
   BOQNAME( )                              INITQ( )
   TRIGDATA( )                             CLUSTER( )
   CLUSNL( )                               QUEUE(MSRF_FO.QL.GKCTDM.INFOCDE)
   CRDATE(2018-01-10)                      CRTIME(10.58.55)
   ALTDATE(2018-01-10)                     ALTTIME(10.58.55)
   GET(ENABLED)                            PUT(ENABLED)
   DEFPRTY(0)                              DEFPSIST(NO)
   MAXDEPTH(5000)                          MAXMSGL(4194304)
   BOTHRESH(0)                             SHARE
   DEFSOPT(SHARED)                         HARDENBO
   MSGDLVSQ(PRIORITY)                      RETINTVL(999999999)
   USAGE(NORMAL)                           NOTRIGGER
   TRIGTYPE(FIRST)                         TRIGDPTH(1)
   TRIGMPRI(0)                             QDEPTHHI(80)
   QDEPTHLO(20)                            QDPMAXEV(ENABLED)
   QDPHIEV(DISABLED)                       QDPLOEV(DISABLED)
   QSVCINT(999999999)                      QSVCIEV(NONE)
   DISTL(NO)                               NPMCLASS(NORMAL)
   DEFTYPE(PREDEFINED)                     TYPE(QLOCAL)
   SCOPE(QMGR)                             DEFBIND(OPEN)
   IPPROCS(0)                              OPPROCS(0)
   CURDEPTH(0)                          
AMQ8409: Display Queue details.
   DESCR(Poids Bobine)                     PROCESS( )
   BOQNAME( )                              INITQ( )
   TRIGDATA( )                             CLUSTER( )
   CLUSNL( )                               QUEUE(MSRF_FO.QL.TDMGKC.POIDOPBOB)
   CRDATE(2018-01-10)                      CRTIME(10.58.55)
   ALTDATE(2022-04-20)                     ALTTIME(09.58.57)
   GET(ENABLED)                            PUT(ENABLED)
   DEFPRTY(0)                              DEFPSIST(NO)
   MAXDEPTH(5000)                          MAXMSGL(4194304)
   BOTHRESH(0)                             SHARE
   DEFSOPT(SHARED)                         HARDENBO
   MSGDLVSQ(PRIORITY)                      RETINTVL(999999999)
   USAGE(NORMAL)                           NOTRIGGER
   TRIGTYPE(FIRST)                         TRIGDPTH(1)
   TRIGMPRI(0)                             QDEPTHHI(80)
   QDEPTHLO(20)                            QDPMAXEV(ENABLED)
   QDPHIEV(DISABLED)                       QDPLOEV(DISABLED)
   QSVCINT(999999999)                      QSVCIEV(NONE)
   DISTL(NO)                               NPMCLASS(NORMAL)
   DEFTYPE(PREDEFINED)                     TYPE(QLOCAL)
   SCOPE(QMGR)                             DEFBIND(OPEN)
   IPPROCS(0)                              OPPROCS(0)
   CURDEPTH(0)                          
AMQ8409: Display Queue details.
   DESCR(Xmit Queue Recette SIRIUS)        PROCESS(PR.MT03.MSRS)
   BOQNAME( )                              INITQ(SYSTEM.CHANNEL.INITQ)
   TRIGDATA( )                             CLUSTER( )
   CLUSNL( )                               QUEUE(MSRS)
   CRDATE(2018-01-10)                      CRTIME(10.58.55)
   ALTDATE(2018-01-10)                     ALTTIME(10.58.55)
   GET(DISABLED)                           PUT(ENABLED)
   DEFPRTY(0)                              DEFPSIST(YES)
   MAXDEPTH(5000)                          MAXMSGL(4194304)
   BOTHRESH(0)                             SHARE
   DEFSOPT(SHARED)                         HARDENBO
   MSGDLVSQ(PRIORITY)                      RETINTVL(999999999)
   USAGE(NORMAL)                           NOTRIGGER
   TRIGTYPE(FIRST)                         TRIGDPTH(1)
   TRIGMPRI(0)                             QDEPTHHI(80)
   QDEPTHLO(20)                            QDPMAXEV(ENABLED)
   QDPHIEV(DISABLED)                       QDPLOEV(DISABLED)
   QSVCINT(999999999)                      QSVCIEV(NONE)
   DISTL(NO)                               NPMCLASS(NORMAL)
   DEFTYPE(PREDEFINED)                     TYPE(QLOCAL)
   SCOPE(QMGR)                             DEFBIND(OPEN)
   IPPROCS(0)                              OPPROCS(0)
   CURDEPTH(0)                          
AMQ8409: Display Queue details.
   DESCR(DEAD QUEUE MT03)                  PROCESS( )
   BOQNAME( )                              INITQ( )
   TRIGDATA( )                             CLUSTER( )
   CLUSNL( )                               QUEUE(MT03.DEAD.QUEUE)
   CRDATE(2018-01-10)                      CRTIME(10.58.55)
   ALTDATE(2018-01-10)                     ALTTIME(10.58.55)
   GET(ENABLED)                            PUT(ENABLED)
   DEFPRTY(0)                              DEFPSIST(YES)
   MAXDEPTH(5000)                          MAXMSGL(4194304)
   BOTHRESH(0)                             SHARE
   DEFSOPT(SHARED)                         HARDENBO
   MSGDLVSQ(PRIORITY)                      RETINTVL(999999999)
   USAGE(NORMAL)                           NOTRIGGER
   TRIGTYPE(FIRST)                         TRIGDPTH(1)
   TRIGMPRI(0)                             QDEPTHHI(80)
   QDEPTHLO(20)                            QDPMAXEV(ENABLED)
   QDPHIEV(DISABLED)                       QDPLOEV(DISABLED)
   QSVCINT(999999999)                      QSVCIEV(NONE)
   DISTL(NO)                               NPMCLASS(NORMAL)
   DEFTYPE(PREDEFINED)                     TYPE(QLOCAL)
   SCOPE(QMGR)                             DEFBIND(OPEN)
   IPPROCS(0)                              OPPROCS(0)
   CURDEPTH(57)                         
AMQ8409: Display Queue details.
   DESCR(GCGTDM.BAPWC01)                   PROCESS( )
   BOQNAME( )                              INITQ( )
   TRIGDATA( )                             CLUSTER( )
   CLUSNL( )                               QUEUE(MT03_FO.QL.GCGTDM.BAPWC01)
   CRDATE(2018-01-10)                      CRTIME(10.58.56)
   ALTDATE(2018-01-10)                     ALTTIME(10.58.56)
   GET(ENABLED)                            PUT(ENABLED)
   DEFPRTY(0)                              DEFPSIST(NO)
   MAXDEPTH(5000)                          MAXMSGL(4194304)
   BOTHRESH(0)                             SHARE
   DEFSOPT(SHARED)                         HARDENBO
   MSGDLVSQ(PRIORITY)                      RETINTVL(999999999)
   USAGE(NORMAL)                           NOTRIGGER
   TRIGTYPE(FIRST)                         TRIGDPTH(1)
   TRIGMPRI(0)                             QDEPTHHI(80)
   QDEPTHLO(20)                            QDPMAXEV(ENABLED)
   QDPHIEV(DISABLED)                       QDPLOEV(DISABLED)
   QSVCINT(999999999)                      QSVCIEV(NONE)
   DISTL(NO)                               NPMCLASS(NORMAL)
   DEFTYPE(PREDEFINED)                     TYPE(QLOCAL)
   SCOPE(QMGR)                             DEFBIND(OPEN)
   IPPROCS(0)                              OPPROCS(0)
   CURDEPTH(0)                          
AMQ8409: Display Queue details.
   DESCR(GCGTDM.BIPWC01)                   PROCESS( )
   BOQNAME( )                              INITQ( )
   TRIGDATA( )                             CLUSTER( )
   CLUSNL( )                               QUEUE(MT03_FO.QL.GCGTDM.BIPWC01)
   CRDATE(2018-01-10)                      CRTIME(10.58.56)
   ALTDATE(2018-01-10)                     ALTTIME(10.58.56)
   GET(ENABLED)                            PUT(ENABLED)
   DEFPRTY(0)                              DEFPSIST(NO)
   MAXDEPTH(5000)                          MAXMSGL(4194304)
   BOTHRESH(0)                             SHARE
   DEFSOPT(SHARED)                         HARDENBO
   MSGDLVSQ(PRIORITY)                      RETINTVL(999999999)
   USAGE(NORMAL)                           NOTRIGGER
   TRIGTYPE(FIRST)                         TRIGDPTH(1)
   TRIGMPRI(0)                             QDEPTHHI(80)
   QDEPTHLO(20)                            QDPMAXEV(ENABLED)
   QDPHIEV(DISABLED)                       QDPLOEV(DISABLED)
   QSVCINT(999999999)                      QSVCIEV(NONE)
   DISTL(NO)                               NPMCLASS(NORMAL)
   DEFTYPE(PREDEFINED)                     TYPE(QLOCAL)
   SCOPE(QMGR)                             DEFBIND(OPEN)
   IPPROCS(0)                              OPPROCS(0)
   CURDEPTH(0)                          
AMQ8409: Display Queue details.
   DESCR(GCGTDM.BSPWC01)                   PROCESS( )
   BOQNAME( )                              INITQ( )
   TRIGDATA( )                             CLUSTER( )
   CLUSNL( )                               QUEUE(MT03_FO.QL.GCGTDM.BSPWC01)
   CRDATE(2018-01-10)                      CRTIME(10.58.56)
   ALTDATE(2018-01-10)                     ALTTIME(10.58.56)
   GET(ENABLED)                            PUT(ENABLED)
   DEFPRTY(0)                              DEFPSIST(NO)
   MAXDEPTH(5000)                          MAXMSGL(4194304)
   BOTHRESH(0)                             SHARE
   DEFSOPT(SHARED)                         HARDENBO
   MSGDLVSQ(PRIORITY)                      RETINTVL(999999999)
   USAGE(NORMAL)                           NOTRIGGER
   TRIGTYPE(FIRST)                         TRIGDPTH(1)
   TRIGMPRI(0)                             QDEPTHHI(80)
   QDEPTHLO(20)                            QDPMAXEV(ENABLED)
   QDPHIEV(DISABLED)                       QDPLOEV(DISABLED)
   QSVCINT(999999999)                      QSVCIEV(NONE)
   DISTL(NO)                               NPMCLASS(NORMAL)
   DEFTYPE(PREDEFINED)                     TYPE(QLOCAL)
   SCOPE(QMGR)                             DEFBIND(OPEN)
   IPPROCS(0)                              OPPROCS(0)
   CURDEPTH(0)                          
AMQ8409: Display Queue details.
   DESCR(Nt Florange)                      PROCESS( )
   BOQNAME( )                              INITQ( )
   TRIGDATA( )                             CLUSTER( )
   CLUSNL( )                               QUEUE(MT03_FO.QL.TDOBOB.RESBOB)
   CRDATE(2018-01-10)                      CRTIME(10.58.56)
   ALTDATE(2018-01-10)                     ALTTIME(10.58.56)
   GET(ENABLED)                            PUT(ENABLED)
   DEFPRTY(0)                              DEFPSIST(NO)
   MAXDEPTH(5000)                          MAXMSGL(4194304)
   BOTHRESH(0)                             SHARE
   DEFSOPT(SHARED)                         HARDENBO
   MSGDLVSQ(PRIORITY)                      RETINTVL(999999999)
   USAGE(NORMAL)                           NOTRIGGER
   TRIGTYPE(FIRST)                         TRIGDPTH(1)
   TRIGMPRI(0)                             QDEPTHHI(80)
   QDEPTHLO(20)                            QDPMAXEV(ENABLED)
   QDPHIEV(DISABLED)                       QDPLOEV(DISABLED)
   QSVCINT(999999999)                      QSVCIEV(NONE)
   DISTL(NO)                               NPMCLASS(NORMAL)
   DEFTYPE(PREDEFINED)                     TYPE(QLOCAL)
   SCOPE(QMGR)                             DEFBIND(OPEN)
   IPPROCS(0)                              OPPROCS(0)
   CURDEPTH(0)                          
AMQ8409: Display Queue details.
   DESCR(Xmit Queue Recette PW)            PROCESS(PR.MT03.MSPQPWR)
   BOQNAME( )                              INITQ(SYSTEM.CHANNEL.INITQ)
   TRIGDATA( )                             CLUSTER( )
   CLUSNL( )                               QUEUE(MXRGPQPW)
   CRDATE(2024-02-27)                      CRTIME(15.56.38)
   ALTDATE(2026-09-10)                     ALTTIME(05.21.01)
   GET(ENABLED)                            PUT(ENABLED)
   DEFPRTY(0)                              DEFPSIST(YES)
   MAXDEPTH(5000)                          MAXMSGL(4194304)
   BOTHRESH(0)                             SHARE
   DEFSOPT(SHARED)                         HARDENBO
   MSGDLVSQ(PRIORITY)                      RETINTVL(999999999)
   USAGE(XMITQ)                            TRIGGER
   TRIGTYPE(FIRST)                         TRIGDPTH(1)
   TRIGMPRI(0)                             QDEPTHHI(80)
   QDEPTHLO(20)                            QDPMAXEV(ENABLED)
   QDPHIEV(DISABLED)                       QDPLOEV(DISABLED)
   QSVCINT(999999999)                      QSVCIEV(NONE)
   DISTL(YES)                              NPMCLASS(NORMAL)
   DEFTYPE(PREDEFINED)                     TYPE(QLOCAL)
   SCOPE(QMGR)                             DEFBIND(OPEN)
   IPPROCS(1)                              OPPROCS(3)
   CURDEPTH(0)                          
AMQ8409: Display Queue details.
   DESCR(Recette Lot 1MDI SIC on Line)     PROCESS(PR.MT03.QDIC)
   BOQNAME( )                              INITQ(SYSTEM.CHANNEL.INITQ)
   TRIGDATA( )                             CLUSTER( )
   CLUSNL( )                               QUEUE(QDIC)
   CRDATE(2018-01-10)                      CRTIME(10.58.57)
   ALTDATE(2026-09-15)                     ALTTIME(14.19.29)
   GET(DISABLED)                           PUT(ENABLED)
   DEFPRTY(0)                              DEFPSIST(NO)
   MAXDEPTH(5000)                          MAXMSGL(4194304)
   BOTHRESH(0)                             SHARE
   DEFSOPT(SHARED)                         HARDENBO
   MSGDLVSQ(PRIORITY)                      RETINTVL(999999999)
   USAGE(XMITQ)                            NOTRIGGER
   TRIGTYPE(FIRST)                         TRIGDPTH(1)
   TRIGMPRI(0)                             QDEPTHHI(80)
   QDEPTHLO(20)                            QDPMAXEV(ENABLED)
   QDPHIEV(DISABLED)                       QDPLOEV(DISABLED)
   QSVCINT(999999999)                      QSVCIEV(NONE)
   DISTL(NO)                               NPMCLASS(NORMAL)
   DEFTYPE(PREDEFINED)                     TYPE(QLOCAL)
   SCOPE(QMGR)                             DEFBIND(OPEN)
   IPPROCS(0)                              OPPROCS(2)
   CURDEPTH(39)                         
AMQ8409: Display Queue details.
   DESCR(Essais 06/04/01)                  PROCESS( )
   BOQNAME( )                              INITQ( )
   TRIGDATA( )                             CLUSTER( )
   CLUSNL( )                               QUEUE(QL.COUMES)
   CRDATE(2018-01-10)                      CRTIME(10.58.57)
   ALTDATE(2022-04-04)                     ALTTIME(16.32.17)
   GET(ENABLED)                            PUT(ENABLED)
   DEFPRTY(0)                              DEFPSIST(NO)
   MAXDEPTH(10)                            MAXMSGL(4194304)
   BOTHRESH(0)                             SHARE
   DEFSOPT(SHARED)                         HARDENBO
   MSGDLVSQ(PRIORITY)                      RETINTVL(999999999)
   USAGE(NORMAL)                           NOTRIGGER
   TRIGTYPE(FIRST)                         TRIGDPTH(1)
   TRIGMPRI(0)                             QDEPTHHI(80)
   QDEPTHLO(20)                            QDPMAXEV(ENABLED)
   QDPHIEV(ENABLED)                        QDPLOEV(DISABLED)
   QSVCINT(999999999)                      QSVCIEV(NONE)
   DISTL(NO)                               NPMCLASS(NORMAL)
   DEFTYPE(PREDEFINED)                     TYPE(QLOCAL)
   SCOPE(QMGR)                             DEFBIND(OPEN)
   IPPROCS(0)                              OPPROCS(0)
   CURDEPTH(0)                          
AMQ8409: Display Queue details.
   DESCR(Essais 03/05/01)                  PROCESS( )
   BOQNAME( )                              INITQ( )
   TRIGDATA( )                             CLUSTER( )
   CLUSNL( )                               QUEUE(QL.COUMES2)
   CRDATE(2018-01-10)                      CRTIME(10.58.57)
   ALTDATE(2018-01-10)                     ALTTIME(10.58.57)
   GET(ENABLED)                            PUT(ENABLED)
   DEFPRTY(0)                              DEFPSIST(NO)
   MAXDEPTH(5000)                          MAXMSGL(4194304)
   BOTHRESH(0)                             SHARE
   DEFSOPT(SHARED)                         HARDENBO
   MSGDLVSQ(PRIORITY)                      RETINTVL(999999999)
   USAGE(NORMAL)                           NOTRIGGER
   TRIGTYPE(FIRST)                         TRIGDPTH(1)
   TRIGMPRI(0)                             QDEPTHHI(80)
   QDEPTHLO(20)                            QDPMAXEV(ENABLED)
   QDPHIEV(DISABLED)                       QDPLOEV(DISABLED)
   QSVCINT(999999999)                      QSVCIEV(NONE)
   DISTL(NO)                               NPMCLASS(NORMAL)
   DEFTYPE(PREDEFINED)                     TYPE(QLOCAL)
   SCOPE(QMGR)                             DEFBIND(OPEN)
   IPPROCS(0)                              OPPROCS(0)
   CURDEPTH(0)                          
AMQ8409: Display Queue details.
   DESCR(Essais 06/04/01)                  PROCESS( )
   BOQNAME( )                              INITQ( )
   TRIGDATA( )                             CLUSTER( )
   CLUSNL( )                               QUEUE(QL.COUMES3)
   CRDATE(2018-01-10)                      CRTIME(10.58.57)
   ALTDATE(2018-01-10)                     ALTTIME(10.58.57)
   GET(ENABLED)                            PUT(ENABLED)
   DEFPRTY(0)                              DEFPSIST(NO)
   MAXDEPTH(5000)                          MAXMSGL(4194304)
   BOTHRESH(0)                             SHARE
   DEFSOPT(SHARED)                         HARDENBO
   MSGDLVSQ(PRIORITY)                      RETINTVL(999999999)
   USAGE(NORMAL)                           NOTRIGGER
   TRIGTYPE(FIRST)                         TRIGDPTH(1)
   TRIGMPRI(0)                             QDEPTHHI(80)
   QDEPTHLO(20)                            QDPMAXEV(ENABLED)
   QDPHIEV(DISABLED)                       QDPLOEV(DISABLED)
   QSVCINT(999999999)                      QSVCIEV(NONE)
   DISTL(NO)                               NPMCLASS(NORMAL)
   DEFTYPE(PREDEFINED)                     TYPE(QLOCAL)
   SCOPE(QMGR)                             DEFBIND(OPEN)
   IPPROCS(0)                              OPPROCS(0)
   CURDEPTH(0)                          
AMQ8409: Display Queue details.
   DESCR(Essais 06/04/01)                  PROCESS( )
   BOQNAME( )                              INITQ( )
   TRIGDATA( )                             CLUSTER( )
   CLUSNL( )                               QUEUE(QL.COUMES4)
   CRDATE(2018-01-10)                      CRTIME(10.58.57)
   ALTDATE(2018-01-10)                     ALTTIME(10.58.57)
   GET(ENABLED)                            PUT(ENABLED)
   DEFPRTY(0)                              DEFPSIST(NO)
   MAXDEPTH(5000)                          MAXMSGL(4194304)
   BOTHRESH(0)                             SHARE
   DEFSOPT(SHARED)                         HARDENBO
   MSGDLVSQ(PRIORITY)                      RETINTVL(999999999)
   USAGE(NORMAL)                           NOTRIGGER
   TRIGTYPE(FIRST)                         TRIGDPTH(1)
   TRIGMPRI(0)                             QDEPTHHI(80)
   QDEPTHLO(20)                            QDPMAXEV(ENABLED)
   QDPHIEV(DISABLED)                       QDPLOEV(DISABLED)
   QSVCINT(999999999)                      QSVCIEV(NONE)
   DISTL(NO)                               NPMCLASS(NORMAL)
   DEFTYPE(PREDEFINED)                     TYPE(QLOCAL)
   SCOPE(QMGR)                             DEFBIND(OPEN)
   IPPROCS(0)                              OPPROCS(0)
   CURDEPTH(0)                          
AMQ8409: Display Queue details.
   DESCR(queue local MVS florange)         PROCESS( )
   BOQNAME( )                              INITQ( )
   TRIGDATA( )                             CLUSTER( )
   CLUSNL( )                               QUEUE(QL.FL.SGS01)
   CRDATE(2018-01-10)                      CRTIME(10.58.58)
   ALTDATE(2018-01-10)                     ALTTIME(10.58.58)
   GET(ENABLED)                            PUT(ENABLED)
   DEFPRTY(0)                              DEFPSIST(NO)
   MAXDEPTH(5000)                          MAXMSGL(4194304)
   BOTHRESH(0)                             SHARE
   DEFSOPT(SHARED)                         HARDENBO
   MSGDLVSQ(PRIORITY)                      RETINTVL(999999999)
   USAGE(NORMAL)                           NOTRIGGER
   TRIGTYPE(FIRST)                         TRIGDPTH(1)
   TRIGMPRI(0)                             QDEPTHHI(80)
   QDEPTHLO(20)                            QDPMAXEV(ENABLED)
   QDPHIEV(DISABLED)                       QDPLOEV(DISABLED)
   QSVCINT(999999999)                      QSVCIEV(NONE)
   DISTL(NO)                               NPMCLASS(NORMAL)
   DEFTYPE(PREDEFINED)                     TYPE(QLOCAL)
   SCOPE(QMGR)                             DEFBIND(OPEN)
   IPPROCS(0)                              OPPROCS(0)
   CURDEPTH(0)                          
AMQ8409: Display Queue details.
   DESCR(queue local NT florange)          PROCESS( )
   BOQNAME( )                              INITQ( )
   TRIGDATA( )                             CLUSTER( )
   CLUSNL( )                               QUEUE(QL.FL.ZAS.ESSAI)
   CRDATE(2018-01-10)                      CRTIME(10.58.58)
   ALTDATE(2018-01-10)                     ALTTIME(10.58.58)
   GET(ENABLED)                            PUT(ENABLED)
   DEFPRTY(0)                              DEFPSIST(YES)
   MAXDEPTH(5000)                          MAXMSGL(4194304)
   BOTHRESH(0)                             SHARE
   DEFSOPT(SHARED)                         HARDENBO
   MSGDLVSQ(PRIORITY)                      RETINTVL(999999999)
   USAGE(NORMAL)                           NOTRIGGER
   TRIGTYPE(FIRST)                         TRIGDPTH(1)
   TRIGMPRI(0)                             QDEPTHHI(80)
   QDEPTHLO(20)                            QDPMAXEV(ENABLED)
   QDPHIEV(DISABLED)                       QDPLOEV(DISABLED)
   QSVCINT(999999999)                      QSVCIEV(NONE)
   DISTL(NO)                               NPMCLASS(NORMAL)
   DEFTYPE(PREDEFINED)                     TYPE(QLOCAL)
   SCOPE(QMGR)                             DEFBIND(OPEN)
   IPPROCS(0)                              OPPROCS(0)
   CURDEPTH(0)                          
AMQ8409: Display Queue details.
   DESCR(queue local MVS Fos)              PROCESS( )
   BOQNAME( )                              INITQ( )
   TRIGDATA( )                             CLUSTER( )
   CLUSNL( )                               QUEUE(QL.FO.GNRC1.001)
   CRDATE(2018-01-10)                      CRTIME(10.58.58)
   ALTDATE(2018-01-10)                     ALTTIME(10.58.58)
   GET(ENABLED)                            PUT(ENABLED)
   DEFPRTY(0)                              DEFPSIST(NO)
   MAXDEPTH(5000)                          MAXMSGL(4194304)
   BOTHRESH(0)                             SHARE
   DEFSOPT(SHARED)                         HARDENBO
   MSGDLVSQ(PRIORITY)                      RETINTVL(999999999)
   USAGE(NORMAL)                           NOTRIGGER
   TRIGTYPE(FIRST)                         TRIGDPTH(1)
   TRIGMPRI(0)                             QDEPTHHI(80)
   QDEPTHLO(20)                            QDPMAXEV(ENABLED)
   QDPHIEV(DISABLED)                       QDPLOEV(DISABLED)
   QSVCINT(999999999)                      QSVCIEV(NONE)
   DISTL(NO)                               NPMCLASS(NORMAL)
   DEFTYPE(PREDEFINED)                     TYPE(QLOCAL)
   SCOPE(QMGR)                             DEFBIND(OPEN)
   IPPROCS(0)                              OPPROCS(0)
   CURDEPTH(0)                          
AMQ8409: Display Queue details.
   DESCR(Demande Spêcif GPAO)              PROCESS( )
   BOQNAME( )                              INITQ( )
   TRIGDATA( )                             CLUSTER( )
   CLUSNL( )                               QUEUE(QL.FO.GNRC2.002)
   CRDATE(2018-01-10)                      CRTIME(10.58.58)
   ALTDATE(2018-01-10)                     ALTTIME(10.58.58)
   GET(ENABLED)                            PUT(ENABLED)
   DEFPRTY(0)                              DEFPSIST(NO)
   MAXDEPTH(5000)                          MAXMSGL(4194304)
   BOTHRESH(0)                             SHARE
   DEFSOPT(SHARED)                         HARDENBO
   MSGDLVSQ(PRIORITY)                      RETINTVL(999999999)
   USAGE(NORMAL)                           NOTRIGGER
   TRIGTYPE(FIRST)                         TRIGDPTH(1)
   TRIGMPRI(0)                             QDEPTHHI(80)
   QDEPTHLO(20)                            QDPMAXEV(ENABLED)
   QDPHIEV(DISABLED)                       QDPLOEV(DISABLED)
   QSVCINT(999999999)                      QSVCIEV(NONE)
   DISTL(NO)                               NPMCLASS(NORMAL)
   DEFTYPE(PREDEFINED)                     TYPE(QLOCAL)
   SCOPE(QMGR)                             DEFBIND(OPEN)
   IPPROCS(0)                              OPPROCS(0)
   CURDEPTH(0)                          
AMQ8409: Display Queue details.
   DESCR(MVS Fos)                          PROCESS( )
   BOQNAME( )                              INITQ( )
   TRIGDATA( )                             CLUSTER( )
   CLUSNL( )                               QUEUE(QL.FO.GPS.001)
   CRDATE(2018-01-10)                      CRTIME(10.58.58)
   ALTDATE(2018-01-10)                     ALTTIME(10.58.58)
   GET(ENABLED)                            PUT(ENABLED)
   DEFPRTY(0)                              DEFPSIST(NO)
   MAXDEPTH(5000)                          MAXMSGL(4194304)
   BOTHRESH(0)                             SHARE
   DEFSOPT(SHARED)                         HARDENBO
   MSGDLVSQ(PRIORITY)                      RETINTVL(999999999)
   USAGE(NORMAL)                           NOTRIGGER
   TRIGTYPE(FIRST)                         TRIGDPTH(1)
   TRIGMPRI(0)                             QDEPTHHI(80)
   QDEPTHLO(20)                            QDPMAXEV(ENABLED)
   QDPHIEV(DISABLED)                       QDPLOEV(DISABLED)
   QSVCINT(999999999)                      QSVCIEV(NONE)
   DISTL(NO)                               NPMCLASS(NORMAL)
   DEFTYPE(PREDEFINED)                     TYPE(QLOCAL)
   SCOPE(QMGR)                             DEFBIND(OPEN)
   IPPROCS(0)                              OPPROCS(0)
   CURDEPTH(0)                          
AMQ8409: Display Queue details.
   DESCR(MVS Fos)                          PROCESS( )
   BOQNAME( )                              INITQ( )
   TRIGDATA( )                             CLUSTER( )
   CLUSNL( )                               QUEUE(QL.FO.GPS.003)
   CRDATE(2018-01-10)                      CRTIME(10.58.59)
   ALTDATE(2018-01-10)                     ALTTIME(10.58.59)
   GET(ENABLED)                            PUT(ENABLED)
   DEFPRTY(0)                              DEFPSIST(NO)
   MAXDEPTH(5000)                          MAXMSGL(4194304)
   BOTHRESH(0)                             SHARE
   DEFSOPT(SHARED)                         HARDENBO
   MSGDLVSQ(PRIORITY)                      RETINTVL(999999999)
   USAGE(NORMAL)                           NOTRIGGER
   TRIGTYPE(FIRST)                         TRIGDPTH(1)
   TRIGMPRI(0)                             QDEPTHHI(80)
   QDEPTHLO(20)                            QDPMAXEV(ENABLED)
   QDPHIEV(DISABLED)                       QDPLOEV(DISABLED)
   QSVCINT(999999999)                      QSVCIEV(NONE)
   DISTL(NO)                               NPMCLASS(NORMAL)
   DEFTYPE(PREDEFINED)                     TYPE(QLOCAL)
   SCOPE(QMGR)                             DEFBIND(OPEN)
   IPPROCS(0)                              OPPROCS(0)
   CURDEPTH(0)                          
AMQ8409: Display Queue details.
   DESCR(Files Test)                       PROCESS( )
   BOQNAME( )                              INITQ( )
   TRIGDATA( )                             CLUSTER( )
   CLUSNL( )                               QUEUE(QL.FO.GPS01.001)
   CRDATE(2018-01-10)                      CRTIME(10.58.59)
   ALTDATE(2018-01-10)                     ALTTIME(10.58.59)
   GET(ENABLED)                            PUT(ENABLED)
   DEFPRTY(0)                              DEFPSIST(NO)
   MAXDEPTH(5000)                          MAXMSGL(4194304)
   BOTHRESH(0)                             SHARE
   DEFSOPT(SHARED)                         HARDENBO
   MSGDLVSQ(PRIORITY)                      RETINTVL(999999999)
   USAGE(NORMAL)                           NOTRIGGER
   TRIGTYPE(FIRST)                         TRIGDPTH(1)
   TRIGMPRI(0)                             QDEPTHHI(80)
   QDEPTHLO(20)                            QDPMAXEV(ENABLED)
   QDPHIEV(DISABLED)                       QDPLOEV(DISABLED)
   QSVCINT(999999999)                      QSVCIEV(NONE)
   DISTL(NO)                               NPMCLASS(NORMAL)
   DEFTYPE(PREDEFINED)                     TYPE(QLOCAL)
   SCOPE(QMGR)                             DEFBIND(OPEN)
   IPPROCS(0)                              OPPROCS(0)
   CURDEPTH(0)                          
AMQ8409: Display Queue details.
   DESCR(Tracabilite Eprouvettes)          PROCESS( )
   BOQNAME( )                              INITQ( )
   TRIGDATA( )                             CLUSTER( )
   CLUSNL( )                               QUEUE(QL.FO.IHMAR01)
   CRDATE(2018-01-10)                      CRTIME(10.58.59)
   ALTDATE(2018-01-10)                     ALTTIME(10.58.59)
   GET(ENABLED)                            PUT(ENABLED)
   DEFPRTY(0)                              DEFPSIST(NO)
   MAXDEPTH(5000)                          MAXMSGL(4194304)
   BOTHRESH(0)                             SHARE
   DEFSOPT(SHARED)                         HARDENBO
   MSGDLVSQ(PRIORITY)                      RETINTVL(999999999)
   USAGE(NORMAL)                           NOTRIGGER
   TRIGTYPE(FIRST)                         TRIGDPTH(1)
   TRIGMPRI(0)                             QDEPTHHI(80)
   QDEPTHLO(20)                            QDPMAXEV(ENABLED)
   QDPHIEV(DISABLED)                       QDPLOEV(DISABLED)
   QSVCINT(999999999)                      QSVCIEV(NONE)
   DISTL(NO)                               NPMCLASS(NORMAL)
   DEFTYPE(PREDEFINED)                     TYPE(QLOCAL)
   SCOPE(QMGR)                             DEFBIND(OPEN)
   IPPROCS(0)                              OPPROCS(0)
   CURDEPTH(0)                          
AMQ8409: Display Queue details.
   DESCR(Tracabilite Eprouvettes)          PROCESS( )
   BOQNAME( )                              INITQ( )
   TRIGDATA( )                             CLUSTER( )
   CLUSNL( )                               QUEUE(QL.FO.IHMAR01QR)
   CRDATE(2018-01-10)                      CRTIME(10.58.59)
   ALTDATE(2018-01-10)                     ALTTIME(10.58.59)
   GET(ENABLED)                            PUT(ENABLED)
   DEFPRTY(0)                              DEFPSIST(NO)
   MAXDEPTH(5000)                          MAXMSGL(4194304)
   BOTHRESH(0)                             SHARE
   DEFSOPT(SHARED)                         HARDENBO
   MSGDLVSQ(PRIORITY)                      RETINTVL(999999999)
   USAGE(NORMAL)                           NOTRIGGER
   TRIGTYPE(FIRST)                         TRIGDPTH(1)
   TRIGMPRI(0)                             QDEPTHHI(80)
   QDEPTHLO(20)                            QDPMAXEV(ENABLED)
   QDPHIEV(DISABLED)                       QDPLOEV(DISABLED)
   QSVCINT(999999999)                      QSVCIEV(NONE)
   DISTL(NO)                               NPMCLASS(NORMAL)
   DEFTYPE(PREDEFINED)                     TYPE(QLOCAL)
   SCOPE(QMGR)                             DEFBIND(OPEN)
   IPPROCS(0)                              OPPROCS(0)
   CURDEPTH(0)                          
AMQ8409: Display Queue details.
   DESCR(Machine traction SUN 60)          PROCESS( )
   BOQNAME( )                              INITQ( )
   TRIGDATA( )                             CLUSTER( )
   CLUSNL( )                               QUEUE(QL.FO.IHMAR02)
   CRDATE(2018-01-10)                      CRTIME(10.58.59)
   ALTDATE(2018-01-10)                     ALTTIME(10.58.59)
   GET(ENABLED)                            PUT(ENABLED)
   DEFPRTY(0)                              DEFPSIST(NO)
   MAXDEPTH(5000)                          MAXMSGL(4194304)
   BOTHRESH(0)                             SHARE
   DEFSOPT(SHARED)                         HARDENBO
   MSGDLVSQ(PRIORITY)                      RETINTVL(999999999)
   USAGE(NORMAL)                           NOTRIGGER
   TRIGTYPE(FIRST)                         TRIGDPTH(1)
   TRIGMPRI(0)                             QDEPTHHI(80)
   QDEPTHLO(20)                            QDPMAXEV(ENABLED)
   QDPHIEV(DISABLED)                       QDPLOEV(DISABLED)
   QSVCINT(999999999)                      QSVCIEV(NONE)
   DISTL(NO)                               NPMCLASS(NORMAL)
   DEFTYPE(PREDEFINED)                     TYPE(QLOCAL)
   SCOPE(QMGR)                             DEFBIND(OPEN)
   IPPROCS(0)                              OPPROCS(0)
   CURDEPTH(0)                          
AMQ8409: Display Queue details.
   DESCR(Machine traction SUN 60)          PROCESS( )
   BOQNAME( )                              INITQ( )
   TRIGDATA( )                             CLUSTER( )
   CLUSNL( )                               QUEUE(QL.FO.IHMAR02QR)
   CRDATE(2018-01-10)                      CRTIME(10.58.59)
   ALTDATE(2018-01-10)                     ALTTIME(10.58.59)
   GET(ENABLED)                            PUT(ENABLED)
   DEFPRTY(0)                              DEFPSIST(NO)
   MAXDEPTH(5000)                          MAXMSGL(4194304)
   BOTHRESH(0)                             SHARE
   DEFSOPT(SHARED)                         HARDENBO
   MSGDLVSQ(PRIORITY)                      RETINTVL(999999999)
   USAGE(NORMAL)                           NOTRIGGER
   TRIGTYPE(FIRST)                         TRIGDPTH(1)
   TRIGMPRI(0)                             QDEPTHHI(80)
   QDEPTHLO(20)                            QDPMAXEV(ENABLED)
   QDPHIEV(DISABLED)                       QDPLOEV(DISABLED)
   QSVCINT(999999999)                      QSVCIEV(NONE)
   DISTL(NO)                               NPMCLASS(NORMAL)
   DEFTYPE(PREDEFINED)                     TYPE(QLOCAL)
   SCOPE(QMGR)                             DEFBIND(OPEN)
   IPPROCS(0)                              OPPROCS(0)
   CURDEPTH(0)                          
AMQ8409: Display Queue details.
   DESCR(IHM)                              PROCESS( )
   BOQNAME( )                              INITQ( )
   TRIGDATA( )                             CLUSTER( )
   CLUSNL( )                               QUEUE(QL.FO.IHMGL01)
   CRDATE(2018-01-10)                      CRTIME(10.59.00)
   ALTDATE(2018-01-10)                     ALTTIME(10.59.00)
   GET(ENABLED)                            PUT(ENABLED)
   DEFPRTY(0)                              DEFPSIST(NO)
   MAXDEPTH(5000)                          MAXMSGL(4194304)
   BOTHRESH(0)                             SHARE
   DEFSOPT(SHARED)                         HARDENBO
   MSGDLVSQ(PRIORITY)                      RETINTVL(999999999)
   USAGE(NORMAL)                           NOTRIGGER
   TRIGTYPE(FIRST)                         TRIGDPTH(1)
   TRIGMPRI(0)                             QDEPTHHI(80)
   QDEPTHLO(20)                            QDPMAXEV(ENABLED)
   QDPHIEV(DISABLED)                       QDPLOEV(DISABLED)
   QSVCINT(999999999)                      QSVCIEV(NONE)
   DISTL(NO)                               NPMCLASS(NORMAL)
   DEFTYPE(PREDEFINED)                     TYPE(QLOCAL)
   SCOPE(QMGR)                             DEFBIND(OPEN)
   IPPROCS(0)                              OPPROCS(0)
   CURDEPTH(0)                          
AMQ8409: Display Queue details.
   DESCR(IHM)                              PROCESS( )
   BOQNAME( )                              INITQ( )
   TRIGDATA( )                             CLUSTER( )
   CLUSNL( )                               QUEUE(QL.FO.IHMGL01QR)
   CRDATE(2018-01-10)                      CRTIME(10.59.00)
   ALTDATE(2018-01-10)                     ALTTIME(10.59.00)
   GET(ENABLED)                            PUT(ENABLED)
   DEFPRTY(0)                              DEFPSIST(NO)
   MAXDEPTH(5000)                          MAXMSGL(4194304)
   BOTHRESH(0)                             SHARE
   DEFSOPT(SHARED)                         HARDENBO
   MSGDLVSQ(PRIORITY)                      RETINTVL(999999999)
   USAGE(NORMAL)                           NOTRIGGER
   TRIGTYPE(FIRST)                         TRIGDPTH(1)
   TRIGMPRI(0)                             QDEPTHHI(80)
   QDEPTHLO(20)                            QDPMAXEV(ENABLED)
   QDPHIEV(DISABLED)                       QDPLOEV(DISABLED)
   QSVCINT(999999999)                      QSVCIEV(NONE)
   DISTL(NO)                               NPMCLASS(NORMAL)
   DEFTYPE(PREDEFINED)                     TYPE(QLOCAL)
   SCOPE(QMGR)                             DEFBIND(OPEN)
   IPPROCS(0)                              OPPROCS(0)
   CURDEPTH(0)                          
AMQ8409: Display Queue details.
   DESCR(IHM)                              PROCESS( )
   BOQNAME( )                              INITQ( )
   TRIGDATA( )                             CLUSTER( )
   CLUSNL( )                               QUEUE(QL.FO.IHMGL02)
   CRDATE(2018-01-10)                      CRTIME(10.59.00)
   ALTDATE(2018-01-10)                     ALTTIME(10.59.00)
   GET(ENABLED)                            PUT(ENABLED)
   DEFPRTY(0)                              DEFPSIST(NO)
   MAXDEPTH(5000)                          MAXMSGL(4194304)
   BOTHRESH(0)                             SHARE
   DEFSOPT(SHARED)                         HARDENBO
   MSGDLVSQ(PRIORITY)                      RETINTVL(999999999)
   USAGE(NORMAL)                           NOTRIGGER
   TRIGTYPE(FIRST)                         TRIGDPTH(1)
   TRIGMPRI(0)                             QDEPTHHI(80)
   QDEPTHLO(20)                            QDPMAXEV(ENABLED)
   QDPHIEV(DISABLED)                       QDPLOEV(DISABLED)
   QSVCINT(999999999)                      QSVCIEV(NONE)
   DISTL(NO)                               NPMCLASS(NORMAL)
   DEFTYPE(PREDEFINED)                     TYPE(QLOCAL)
   SCOPE(QMGR)                             DEFBIND(OPEN)
   IPPROCS(0)                              OPPROCS(0)
   CURDEPTH(0)                          
AMQ8409: Display Queue details.
   DESCR(IHM)                              PROCESS( )
   BOQNAME( )                              INITQ( )
   TRIGDATA( )                             CLUSTER( )
   CLUSNL( )                               QUEUE(QL.FO.IHMGL02QR)
   CRDATE(2018-01-10)                      CRTIME(10.59.00)
   ALTDATE(2018-01-10)                     ALTTIME(10.59.00)
   GET(ENABLED)                            PUT(ENABLED)
   DEFPRTY(0)                              DEFPSIST(NO)
   MAXDEPTH(5000)                          MAXMSGL(4194304)
   BOTHRESH(0)                             SHARE
   DEFSOPT(SHARED)                         HARDENBO
   MSGDLVSQ(PRIORITY)                      RETINTVL(999999999)
   USAGE(NORMAL)                           NOTRIGGER
   TRIGTYPE(FIRST)                         TRIGDPTH(1)
   TRIGMPRI(0)                             QDEPTHHI(80)
   QDEPTHLO(20)                            QDPMAXEV(ENABLED)
   QDPHIEV(DISABLED)                       QDPLOEV(DISABLED)
   QSVCINT(999999999)                      QSVCIEV(NONE)
   DISTL(NO)                               NPMCLASS(NORMAL)
   DEFTYPE(PREDEFINED)                     TYPE(QLOCAL)
   SCOPE(QMGR)                             DEFBIND(OPEN)
   IPPROCS(0)                              OPPROCS(0)
   CURDEPTH(0)                          
AMQ8409: Display Queue details.
   DESCR(IHM)                              PROCESS( )
   BOQNAME( )                              INITQ( )
   TRIGDATA( )                             CLUSTER( )
   CLUSNL( )                               QUEUE(QL.FO.IHMGR01)
   CRDATE(2018-01-10)                      CRTIME(10.59.00)
   ALTDATE(2018-01-10)                     ALTTIME(10.59.00)
   GET(ENABLED)                            PUT(ENABLED)
   DEFPRTY(0)                              DEFPSIST(NO)
   MAXDEPTH(5000)                          MAXMSGL(4194304)
   BOTHRESH(0)                             SHARE
   DEFSOPT(SHARED)                         HARDENBO
   MSGDLVSQ(PRIORITY)                      RETINTVL(999999999)
   USAGE(NORMAL)                           NOTRIGGER
   TRIGTYPE(FIRST)                         TRIGDPTH(1)
   TRIGMPRI(0)                             QDEPTHHI(80)
   QDEPTHLO(20)                            QDPMAXEV(ENABLED)
   QDPHIEV(DISABLED)                       QDPLOEV(DISABLED)
   QSVCINT(999999999)                      QSVCIEV(NONE)
   DISTL(NO)                               NPMCLASS(NORMAL)
   DEFTYPE(PREDEFINED)                     TYPE(QLOCAL)
   SCOPE(QMGR)                             DEFBIND(OPEN)
   IPPROCS(0)                              OPPROCS(0)
   CURDEPTH(0)                          
AMQ8409: Display Queue details.
   DESCR(IHM)                              PROCESS( )
   BOQNAME( )                              INITQ( )
   TRIGDATA( )                             CLUSTER( )
   CLUSNL( )                               QUEUE(QL.FO.IHMGR01QR)
   CRDATE(2018-01-10)                      CRTIME(10.59.01)
   ALTDATE(2018-01-10)                     ALTTIME(10.59.01)
   GET(ENABLED)                            PUT(ENABLED)
   DEFPRTY(0)                              DEFPSIST(NO)
   MAXDEPTH(5000)                          MAXMSGL(4194304)
   BOTHRESH(0)                             SHARE
   DEFSOPT(SHARED)                         HARDENBO
   MSGDLVSQ(PRIORITY)                      RETINTVL(999999999)
   USAGE(NORMAL)                           NOTRIGGER
   TRIGTYPE(FIRST)                         TRIGDPTH(1)
   TRIGMPRI(0)                             QDEPTHHI(80)
   QDEPTHLO(20)                            QDPMAXEV(ENABLED)
   QDPHIEV(DISABLED)                       QDPLOEV(DISABLED)
   QSVCINT(999999999)                      QSVCIEV(NONE)
   DISTL(NO)                               NPMCLASS(NORMAL)
   DEFTYPE(PREDEFINED)                     TYPE(QLOCAL)
   SCOPE(QMGR)                             DEFBIND(OPEN)
   IPPROCS(0)                              OPPROCS(0)
   CURDEPTH(0)                          
AMQ8409: Display Queue details.
   DESCR(IHM)                              PROCESS( )
   BOQNAME( )                              INITQ( )
   TRIGDATA( )                             CLUSTER( )
   CLUSNL( )                               QUEUE(QL.FO.IHMGR02)
   CRDATE(2018-01-10)                      CRTIME(10.59.01)
   ALTDATE(2018-01-10)                     ALTTIME(10.59.01)
   GET(ENABLED)                            PUT(ENABLED)
   DEFPRTY(0)                              DEFPSIST(NO)
   MAXDEPTH(5000)                          MAXMSGL(4194304)
   BOTHRESH(0)                             SHARE
   DEFSOPT(SHARED)                         HARDENBO
   MSGDLVSQ(PRIORITY)                      RETINTVL(999999999)
   USAGE(NORMAL)                           NOTRIGGER
   TRIGTYPE(FIRST)                         TRIGDPTH(1)
   TRIGMPRI(0)                             QDEPTHHI(80)
   QDEPTHLO(20)                            QDPMAXEV(ENABLED)
   QDPHIEV(DISABLED)                       QDPLOEV(DISABLED)
   QSVCINT(999999999)                      QSVCIEV(NONE)
   DISTL(NO)                               NPMCLASS(NORMAL)
   DEFTYPE(PREDEFINED)                     TYPE(QLOCAL)
   SCOPE(QMGR)                             DEFBIND(OPEN)
   IPPROCS(0)                              OPPROCS(0)
   CURDEPTH(0)                          
AMQ8409: Display Queue details.
   DESCR(IHM)                              PROCESS( )
   BOQNAME( )                              INITQ( )
   TRIGDATA( )                             CLUSTER( )
   CLUSNL( )                               QUEUE(QL.FO.IHMGR02QR)
   CRDATE(2018-01-10)                      CRTIME(10.59.01)
   ALTDATE(2018-01-10)                     ALTTIME(10.59.01)
   GET(ENABLED)                            PUT(ENABLED)
   DEFPRTY(0)                              DEFPSIST(NO)
   MAXDEPTH(5000)                          MAXMSGL(4194304)
   BOTHRESH(0)                             SHARE
   DEFSOPT(SHARED)                         HARDENBO
   MSGDLVSQ(PRIORITY)                      RETINTVL(999999999)
   USAGE(NORMAL)                           NOTRIGGER
   TRIGTYPE(FIRST)                         TRIGDPTH(1)
   TRIGMPRI(0)                             QDEPTHHI(80)
   QDEPTHLO(20)                            QDPMAXEV(ENABLED)
   QDPHIEV(DISABLED)                       QDPLOEV(DISABLED)
   QSVCINT(999999999)                      QSVCIEV(NONE)
   DISTL(NO)                               NPMCLASS(NORMAL)
   DEFTYPE(PREDEFINED)                     TYPE(QLOCAL)
   SCOPE(QMGR)                             DEFBIND(OPEN)
   IPPROCS(0)                              OPPROCS(0)
   CURDEPTH(0)                          
AMQ8409: Display Queue details.
   DESCR(Demande SINFOCLI Projet Declarations DOUANES)
   PROCESS( )                              BOQNAME( )
   INITQ( )                                TRIGDATA( )
   CLUSTER( )                              CLUSNL( )
   QUEUE(QL.FO.IHMIF01)                    CRDATE(2018-01-10)
   CRTIME(10.59.01)                        ALTDATE(2018-01-10)
   ALTTIME(10.59.01)                       GET(ENABLED)
   PUT(ENABLED)                            DEFPRTY(0)
   DEFPSIST(NO)                            MAXDEPTH(5000)
   MAXMSGL(4194304)                        BOTHRESH(0)
   SHARE                                   DEFSOPT(SHARED)
   HARDENBO                                MSGDLVSQ(PRIORITY)
   RETINTVL(999999999)                     USAGE(NORMAL)
   NOTRIGGER                               TRIGTYPE(FIRST)
   TRIGDPTH(1)                             TRIGMPRI(0)
   QDEPTHHI(80)                            QDEPTHLO(20)
   QDPMAXEV(ENABLED)                       QDPHIEV(DISABLED)
   QDPLOEV(DISABLED)                       QSVCINT(999999999)
   QSVCIEV(NONE)                           DISTL(NO)
   NPMCLASS(NORMAL)                        DEFTYPE(PREDEFINED)
   TYPE(QLOCAL)                            SCOPE(QMGR)
   DEFBIND(OPEN)                           IPPROCS(0)
   OPPROCS(0)                              CURDEPTH(0)
AMQ8409: Display Queue details.
   DESCR(Reponse SINFOCLI Projet Declarations DOUANES)
   PROCESS( )                              BOQNAME( )
   INITQ( )                                TRIGDATA( )
   CLUSTER( )                              CLUSNL( )
   QUEUE(QL.FO.IHMIF01QR)                  CRDATE(2018-01-10)
   CRTIME(10.59.01)                        ALTDATE(2018-01-10)
   ALTTIME(10.59.01)                       GET(ENABLED)
   PUT(ENABLED)                            DEFPRTY(0)
   DEFPSIST(NO)                            MAXDEPTH(5000)
   MAXMSGL(4194304)                        BOTHRESH(0)
   SHARE                                   DEFSOPT(SHARED)
   HARDENBO                                MSGDLVSQ(PRIORITY)
   RETINTVL(999999999)                     USAGE(NORMAL)
   NOTRIGGER                               TRIGTYPE(FIRST)
   TRIGDPTH(1)                             TRIGMPRI(0)
   QDEPTHHI(80)                            QDEPTHLO(20)
   QDPMAXEV(ENABLED)                       QDPHIEV(DISABLED)
   QDPLOEV(DISABLED)                       QSVCINT(999999999)
   QSVCIEV(NONE)                           DISTL(NO)
   NPMCLASS(NORMAL)                        DEFTYPE(PREDEFINED)
   TYPE(QLOCAL)                            SCOPE(QMGR)
   DEFBIND(OPEN)                           IPPROCS(0)
   OPPROCS(0)                              CURDEPTH(0)
AMQ8409: Display Queue details.
   DESCR(SI 48H IHM)                       PROCESS( )
   BOQNAME( )                              INITQ( )
   TRIGDATA( )                             CLUSTER( )
   CLUSNL( )                               QUEUE(QL.FO.IHMMR01)
   CRDATE(2018-01-10)                      CRTIME(10.59.01)
   ALTDATE(2018-01-10)                     ALTTIME(10.59.01)
   GET(ENABLED)                            PUT(ENABLED)
   DEFPRTY(0)                              DEFPSIST(NO)
   MAXDEPTH(5000)                          MAXMSGL(4194304)
   BOTHRESH(0)                             SHARE
   DEFSOPT(SHARED)                         HARDENBO
   MSGDLVSQ(PRIORITY)                      RETINTVL(999999999)
   USAGE(NORMAL)                           NOTRIGGER
   TRIGTYPE(FIRST)                         TRIGDPTH(1)
   TRIGMPRI(0)                             QDEPTHHI(80)
   QDEPTHLO(20)                            QDPMAXEV(ENABLED)
   QDPHIEV(DISABLED)                       QDPLOEV(DISABLED)
   QSVCINT(999999999)                      QSVCIEV(NONE)
   DISTL(NO)                               NPMCLASS(NORMAL)
   DEFTYPE(PREDEFINED)                     TYPE(QLOCAL)
   SCOPE(QMGR)                             DEFBIND(OPEN)
   IPPROCS(1)                              OPPROCS(0)
   CURDEPTH(0)                          
AMQ8409: Display Queue details.
   DESCR(SI 48H IHM)                       PROCESS( )
   BOQNAME( )                              INITQ( )
   TRIGDATA( )                             CLUSTER( )
   CLUSNL( )                               QUEUE(QL.FO.IHMMR01QR)
   CRDATE(2018-01-10)                      CRTIME(10.59.02)
   ALTDATE(2018-01-10)                     ALTTIME(10.59.02)
   GET(ENABLED)                            PUT(ENABLED)
   DEFPRTY(0)                              DEFPSIST(NO)
   MAXDEPTH(5000)                          MAXMSGL(4194304)
   BOTHRESH(0)                             SHARE
   DEFSOPT(SHARED)                         HARDENBO
   MSGDLVSQ(PRIORITY)                      RETINTVL(999999999)
   USAGE(NORMAL)                           NOTRIGGER
   TRIGTYPE(FIRST)                         TRIGDPTH(1)
   TRIGMPRI(0)                             QDEPTHHI(80)
   QDEPTHLO(20)                            QDPMAXEV(ENABLED)
   QDPHIEV(DISABLED)                       QDPLOEV(DISABLED)
   QSVCINT(999999999)                      QSVCIEV(NONE)
   DISTL(NO)                               NPMCLASS(NORMAL)
   DEFTYPE(PREDEFINED)                     TYPE(QLOCAL)
   SCOPE(QMGR)                             DEFBIND(OPEN)
   IPPROCS(0)                              OPPROCS(1)
   CURDEPTH(0)                          
AMQ8409: Display Queue details.
   DESCR(Appli PMAD - Prevision mise a Dispo)
   PROCESS( )                              BOQNAME( )
   INITQ( )                                TRIGDATA( )
   CLUSTER( )                              CLUSNL( )
   QUEUE(QL.FO.IHMSR01)                    CRDATE(2018-01-10)
   CRTIME(10.59.02)                        ALTDATE(2018-01-10)
   ALTTIME(10.59.02)                       GET(ENABLED)
   PUT(ENABLED)                            DEFPRTY(0)
   DEFPSIST(NO)                            MAXDEPTH(5000)
   MAXMSGL(4194304)                        BOTHRESH(0)
   SHARE                                   DEFSOPT(SHARED)
   HARDENBO                                MSGDLVSQ(PRIORITY)
   RETINTVL(999999999)                     USAGE(NORMAL)
   NOTRIGGER                               TRIGTYPE(FIRST)
   TRIGDPTH(1)                             TRIGMPRI(0)
   QDEPTHHI(80)                            QDEPTHLO(20)
   QDPMAXEV(ENABLED)                       QDPHIEV(DISABLED)
   QDPLOEV(DISABLED)                       QSVCINT(999999999)
   QSVCIEV(NONE)                           DISTL(NO)
   NPMCLASS(NORMAL)                        DEFTYPE(PREDEFINED)
   TYPE(QLOCAL)                            SCOPE(QMGR)
   DEFBIND(OPEN)                           IPPROCS(1)
   OPPROCS(0)                              CURDEPTH(0)
AMQ8409: Display Queue details.
   DESCR(Appli PMAD - Prevision mise a Dispo)
   PROCESS( )                              BOQNAME( )
   INITQ( )                                TRIGDATA( )
   CLUSTER( )                              CLUSNL( )
   QUEUE(QL.FO.IHMSR01QR)                  CRDATE(2018-01-10)
   CRTIME(10.59.02)                        ALTDATE(2018-01-10)
   ALTTIME(10.59.02)                       GET(ENABLED)
   PUT(ENABLED)                            DEFPRTY(0)
   DEFPSIST(NO)                            MAXDEPTH(5000)
   MAXMSGL(4194304)                        BOTHRESH(0)
   SHARE                                   DEFSOPT(SHARED)
   HARDENBO                                MSGDLVSQ(PRIORITY)
   RETINTVL(999999999)                     USAGE(NORMAL)
   NOTRIGGER                               TRIGTYPE(FIRST)
   TRIGDPTH(1)                             TRIGMPRI(0)
   QDEPTHHI(80)                            QDEPTHLO(20)
   QDPMAXEV(ENABLED)                       QDPHIEV(DISABLED)
   QDPLOEV(DISABLED)                       QSVCINT(999999999)
   QSVCIEV(NONE)                           DISTL(NO)
   NPMCLASS(NORMAL)                        DEFTYPE(PREDEFINED)
   TYPE(QLOCAL)                            SCOPE(QMGR)
   DEFBIND(OPEN)                           IPPROCS(0)
   OPPROCS(1)                              CURDEPTH(0)
AMQ8409: Display Queue details.
   DESCR(Appli PMAD - Prevision mise a Dispo)
   PROCESS( )                              BOQNAME( )
   INITQ( )                                TRIGDATA( )
   CLUSTER( )                              CLUSNL( )
   QUEUE(QL.FO.IHMSR02)                    CRDATE(2023-05-31)
   CRTIME(09.56.45)                        ALTDATE(2023-05-31)
   ALTTIME(09.56.45)                       GET(ENABLED)
   PUT(ENABLED)                            DEFPRTY(0)
   DEFPSIST(NO)                            MAXDEPTH(5000)
   MAXMSGL(4194304)                        BOTHRESH(0)
   SHARE                                   DEFSOPT(SHARED)
   HARDENBO                                MSGDLVSQ(PRIORITY)
   RETINTVL(999999999)                     USAGE(NORMAL)
   NOTRIGGER                               TRIGTYPE(FIRST)
   TRIGDPTH(1)                             TRIGMPRI(0)
   QDEPTHHI(80)                            QDEPTHLO(20)
   QDPMAXEV(ENABLED)                       QDPHIEV(DISABLED)
   QDPLOEV(DISABLED)                       QSVCINT(999999999)
   QSVCIEV(NONE)                           DISTL(NO)
   NPMCLASS(NORMAL)                        DEFTYPE(PREDEFINED)
   TYPE(QLOCAL)                            SCOPE(QMGR)
   DEFBIND(OPEN)                           IPPROCS(1)
   OPPROCS(0)                              CURDEPTH(0)
AMQ8409: Display Queue details.
   DESCR(IHM TEST)                         PROCESS( )
   BOQNAME( )                              INITQ( )
   TRIGDATA( )                             CLUSTER( )
   CLUSNL( )                               QUEUE(QL.FO.IHMTEST)
   CRDATE(2018-01-10)                      CRTIME(10.59.02)
   ALTDATE(2018-01-10)                     ALTTIME(10.59.02)
   GET(ENABLED)                            PUT(ENABLED)
   DEFPRTY(0)                              DEFPSIST(NO)
   MAXDEPTH(5000)                          MAXMSGL(4194304)
   BOTHRESH(0)                             SHARE
   DEFSOPT(SHARED)                         HARDENBO
   MSGDLVSQ(PRIORITY)                      RETINTVL(999999999)
   USAGE(NORMAL)                           NOTRIGGER
   TRIGTYPE(FIRST)                         TRIGDPTH(1)
   TRIGMPRI(0)                             QDEPTHHI(80)
   QDEPTHLO(20)                            QDPMAXEV(ENABLED)
   QDPHIEV(DISABLED)                       QDPLOEV(DISABLED)
   QSVCINT(999999999)                      QSVCIEV(NONE)
   DISTL(NO)                               NPMCLASS(NORMAL)
   DEFTYPE(PREDEFINED)                     TYPE(QLOCAL)
   SCOPE(QMGR)                             DEFBIND(OPEN)
   IPPROCS(0)                              OPPROCS(0)
   CURDEPTH(0)                          
AMQ8409: Display Queue details.
   DESCR(IHM TEST)                         PROCESS( )
   BOQNAME( )                              INITQ( )
   TRIGDATA( )                             CLUSTER( )
   CLUSNL( )                               QUEUE(QL.FO.IHMTESTQR)
   CRDATE(2018-01-10)                      CRTIME(10.59.02)
   ALTDATE(2018-01-10)                     ALTTIME(10.59.02)
   GET(ENABLED)                            PUT(ENABLED)
   DEFPRTY(0)                              DEFPSIST(NO)
   MAXDEPTH(5000)                          MAXMSGL(4194304)
   BOTHRESH(0)                             SHARE
   DEFSOPT(SHARED)                         HARDENBO
   MSGDLVSQ(PRIORITY)                      RETINTVL(999999999)
   USAGE(NORMAL)                           NOTRIGGER
   TRIGTYPE(FIRST)                         TRIGDPTH(1)
   TRIGMPRI(0)                             QDEPTHHI(80)
   QDEPTHLO(20)                            QDPMAXEV(ENABLED)
   QDPHIEV(DISABLED)                       QDPLOEV(DISABLED)
   QSVCINT(999999999)                      QSVCIEV(NONE)
   DISTL(NO)                               NPMCLASS(NORMAL)
   DEFTYPE(PREDEFINED)                     TYPE(QLOCAL)
   SCOPE(QMGR)                             DEFBIND(OPEN)
   IPPROCS(0)                              OPPROCS(0)
   CURDEPTH(0)                          
AMQ8409: Display Queue details.
   DESCR(MVS Fos)                          PROCESS( )
   BOQNAME( )                              INITQ( )
   TRIGDATA( )                             CLUSTER( )
   CLUSNL( )                               QUEUE(QL.FO.R.GNRC1.002)
   CRDATE(2018-01-10)                      CRTIME(10.59.03)
   ALTDATE(2018-01-10)                     ALTTIME(10.59.03)
   GET(ENABLED)                            PUT(ENABLED)
   DEFPRTY(0)                              DEFPSIST(NO)
   MAXDEPTH(5000)                          MAXMSGL(4194304)
   BOTHRESH(0)                             SHARE
   DEFSOPT(SHARED)                         HARDENBO
   MSGDLVSQ(PRIORITY)                      RETINTVL(999999999)
   USAGE(NORMAL)                           NOTRIGGER
   TRIGTYPE(FIRST)                         TRIGDPTH(1)
   TRIGMPRI(0)                             QDEPTHHI(80)
   QDEPTHLO(20)                            QDPMAXEV(ENABLED)
   QDPHIEV(DISABLED)                       QDPLOEV(DISABLED)
   QSVCINT(999999999)                      QSVCIEV(NONE)
   DISTL(NO)                               NPMCLASS(NORMAL)
   DEFTYPE(PREDEFINED)                     TYPE(QLOCAL)
   SCOPE(QMGR)                             DEFBIND(OPEN)
   IPPROCS(0)                              OPPROCS(0)
   CURDEPTH(0)                          
AMQ8409: Display Queue details.
   DESCR(Demande specif Gpao BSGC2SPE)     PROCESS( )
   BOQNAME( )                              INITQ( )
   TRIGDATA( )                             CLUSTER( )
   CLUSNL( )                               QUEUE(QL.FO.R.GNRC2.002)
   CRDATE(2018-01-10)                      CRTIME(10.59.03)
   ALTDATE(2018-01-10)                     ALTTIME(10.59.03)
   GET(ENABLED)                            PUT(ENABLED)
   DEFPRTY(0)                              DEFPSIST(NO)
   MAXDEPTH(5000)                          MAXMSGL(4194304)
   BOTHRESH(0)                             SHARE
   DEFSOPT(SHARED)                         HARDENBO
   MSGDLVSQ(PRIORITY)                      RETINTVL(999999999)
   USAGE(NORMAL)                           NOTRIGGER
   TRIGTYPE(FIRST)                         TRIGDPTH(1)
   TRIGMPRI(0)                             QDEPTHHI(80)
   QDEPTHLO(20)                            QDPMAXEV(ENABLED)
   QDPHIEV(DISABLED)                       QDPLOEV(DISABLED)
   QSVCINT(999999999)                      QSVCIEV(NONE)
   DISTL(NO)                               NPMCLASS(NORMAL)
   DEFTYPE(PREDEFINED)                     TYPE(QLOCAL)
   SCOPE(QMGR)                             DEFBIND(OPEN)
   IPPROCS(0)                              OPPROCS(0)
   CURDEPTH(0)                          
AMQ8409: Display Queue details.
   DESCR(queue local Stat transferts)      PROCESS( )
   BOQNAME( )                              INITQ( )
   TRIGDATA( )                             CLUSTER( )
   CLUSNL( )                               QUEUE(QL.FO.R.GPS01.001)
   CRDATE(2018-01-10)                      CRTIME(10.59.03)
   ALTDATE(2018-01-10)                     ALTTIME(10.59.03)
   GET(ENABLED)                            PUT(ENABLED)
   DEFPRTY(0)                              DEFPSIST(NO)
   MAXDEPTH(5000)                          MAXMSGL(4194304)
   BOTHRESH(0)                             SHARE
   DEFSOPT(SHARED)                         HARDENBO
   MSGDLVSQ(PRIORITY)                      RETINTVL(999999999)
   USAGE(NORMAL)                           NOTRIGGER
   TRIGTYPE(FIRST)                         TRIGDPTH(1)
   TRIGMPRI(0)                             QDEPTHHI(80)
   QDEPTHLO(20)                            QDPMAXEV(ENABLED)
   QDPHIEV(DISABLED)                       QDPLOEV(DISABLED)
   QSVCINT(999999999)                      QSVCIEV(NONE)
   DISTL(NO)                               NPMCLASS(NORMAL)
   DEFTYPE(PREDEFINED)                     TYPE(QLOCAL)
   SCOPE(QMGR)                             DEFBIND(OPEN)
   IPPROCS(1)                              OPPROCS(0)
   CURDEPTH(0)                          
AMQ8409: Display Queue details.
   DESCR(MVS Fos)                          PROCESS( )
   BOQNAME( )                              INITQ( )
   TRIGDATA( )                             CLUSTER( )
   CLUSNL( )                               QUEUE(QL.FO.SGS01)
   CRDATE(2018-01-10)                      CRTIME(10.59.03)
   ALTDATE(2018-01-10)                     ALTTIME(10.59.03)
   GET(ENABLED)                            PUT(ENABLED)
   DEFPRTY(0)                              DEFPSIST(NO)
   MAXDEPTH(5000)                          MAXMSGL(4194304)
   BOTHRESH(0)                             SHARE
   DEFSOPT(SHARED)                         HARDENBO
   MSGDLVSQ(PRIORITY)                      RETINTVL(999999999)
   USAGE(NORMAL)                           NOTRIGGER
   TRIGTYPE(FIRST)                         TRIGDPTH(1)
   TRIGMPRI(0)                             QDEPTHHI(80)
   QDEPTHLO(20)                            QDPMAXEV(ENABLED)
   QDPHIEV(DISABLED)                       QDPLOEV(DISABLED)
   QSVCINT(999999999)                      QSVCIEV(NONE)
   DISTL(NO)                               NPMCLASS(NORMAL)
   DEFTYPE(PREDEFINED)                     TYPE(QLOCAL)
   SCOPE(QMGR)                             DEFBIND(OPEN)
   IPPROCS(0)                              OPPROCS(0)
   CURDEPTH(0)                          
AMQ8409: Display Queue details.
   DESCR(MVS Fos)                          PROCESS( )
   BOQNAME( )                              INITQ( )
   TRIGDATA( )                             CLUSTER( )
   CLUSNL( )                               QUEUE(QL.FO.SGS02)
   CRDATE(2018-01-10)                      CRTIME(10.59.03)
   ALTDATE(2018-01-10)                     ALTTIME(10.59.03)
   GET(ENABLED)                            PUT(ENABLED)
   DEFPRTY(0)                              DEFPSIST(NO)
   MAXDEPTH(5000)                          MAXMSGL(4194304)
   BOTHRESH(0)                             SHARE
   DEFSOPT(SHARED)                         HARDENBO
   MSGDLVSQ(PRIORITY)                      RETINTVL(999999999)
   USAGE(NORMAL)                           NOTRIGGER
   TRIGTYPE(FIRST)                         TRIGDPTH(1)
   TRIGMPRI(0)                             QDEPTHHI(80)
   QDEPTHLO(20)                            QDPMAXEV(ENABLED)
   QDPHIEV(DISABLED)                       QDPLOEV(DISABLED)
   QSVCINT(999999999)                      QSVCIEV(NONE)
   DISTL(NO)                               NPMCLASS(NORMAL)
   DEFTYPE(PREDEFINED)                     TYPE(QLOCAL)
   SCOPE(QMGR)                             DEFBIND(OPEN)
   IPPROCS(0)                              OPPROCS(0)
   CURDEPTH(0)                          
AMQ8409: Display Queue details.
   DESCR(TEST TXT)                         PROCESS( )
   BOQNAME( )                              INITQ( )
   TRIGDATA( )                             CLUSTER( )
   CLUSNL( )                               QUEUE(QL.FO.TESTTXT)
   CRDATE(2018-01-10)                      CRTIME(10.59.03)
   ALTDATE(2018-01-10)                     ALTTIME(10.59.03)
   GET(ENABLED)                            PUT(ENABLED)
   DEFPRTY(0)                              DEFPSIST(NO)
   MAXDEPTH(5000)                          MAXMSGL(4194304)
   BOTHRESH(0)                             SHARE
   DEFSOPT(SHARED)                         HARDENBO
   MSGDLVSQ(PRIORITY)                      RETINTVL(999999999)
   USAGE(NORMAL)                           NOTRIGGER
   TRIGTYPE(FIRST)                         TRIGDPTH(1)
   TRIGMPRI(0)                             QDEPTHHI(80)
   QDEPTHLO(20)                            QDPMAXEV(ENABLED)
   QDPHIEV(DISABLED)                       QDPLOEV(DISABLED)
   QSVCINT(999999999)                      QSVCIEV(NONE)
   DISTL(NO)                               NPMCLASS(NORMAL)
   DEFTYPE(PREDEFINED)                     TYPE(QLOCAL)
   SCOPE(QMGR)                             DEFBIND(OPEN)
   IPPROCS(0)                              OPPROCS(0)
   CURDEPTH(0)                          
AMQ8409: Display Queue details.
   DESCR(Essai Z303)                       PROCESS( )
   BOQNAME( )                              INITQ( )
   TRIGDATA( )                             CLUSTER( )
   CLUSNL( )                               QUEUE(QL.FO.TST01.001)
   CRDATE(2018-01-10)                      CRTIME(10.59.04)
   ALTDATE(2018-01-10)                     ALTTIME(10.59.04)
   GET(ENABLED)                            PUT(ENABLED)
   DEFPRTY(0)                              DEFPSIST(NO)
   MAXDEPTH(5000)                          MAXMSGL(4194304)
   BOTHRESH(0)                             SHARE
   DEFSOPT(SHARED)                         HARDENBO
   MSGDLVSQ(PRIORITY)                      RETINTVL(999999999)
   USAGE(NORMAL)                           NOTRIGGER
   TRIGTYPE(FIRST)                         TRIGDPTH(1)
   TRIGMPRI(0)                             QDEPTHHI(80)
   QDEPTHLO(20)                            QDPMAXEV(ENABLED)
   QDPHIEV(DISABLED)                       QDPLOEV(DISABLED)
   QSVCINT(999999999)                      QSVCIEV(NONE)
   DISTL(NO)                               NPMCLASS(NORMAL)
   DEFTYPE(PREDEFINED)                     TYPE(QLOCAL)
   SCOPE(QMGR)                             DEFBIND(OPEN)
   IPPROCS(0)                              OPPROCS(0)
   CURDEPTH(0)                          
AMQ8409: Display Queue details.
   DESCR(Tests DK / Alpha)                 PROCESS( )
   BOQNAME( )                              INITQ( )
   TRIGDATA( )                             CLUSTER( )
   CLUSNL( )                               QUEUE(QL.FO.TST02.001)
   CRDATE(2018-01-10)                      CRTIME(10.59.04)
   ALTDATE(2018-01-10)                     ALTTIME(10.59.04)
   GET(ENABLED)                            PUT(ENABLED)
   DEFPRTY(0)                              DEFPSIST(NO)
   MAXDEPTH(5000)                          MAXMSGL(4194304)
   BOTHRESH(0)                             SHARE
   DEFSOPT(SHARED)                         HARDENBO
   MSGDLVSQ(PRIORITY)                      RETINTVL(999999999)
   USAGE(NORMAL)                           NOTRIGGER
   TRIGTYPE(FIRST)                         TRIGDPTH(1)
   TRIGMPRI(0)                             QDEPTHHI(80)
   QDEPTHLO(20)                            QDPMAXEV(ENABLED)
   QDPHIEV(DISABLED)                       QDPLOEV(DISABLED)
   QSVCINT(999999999)                      QSVCIEV(NONE)
   DISTL(NO)                               NPMCLASS(NORMAL)
   DEFTYPE(PREDEFINED)                     TYPE(QLOCAL)
   SCOPE(QMGR)                             DEFBIND(OPEN)
   IPPROCS(0)                              OPPROCS(0)
   CURDEPTH(0)                          
AMQ8409: Display Queue details.
   DESCR(Annuaire)                         PROCESS( )
   BOQNAME( )                              INITQ( )
   TRIGDATA( )                             CLUSTER( )
   CLUSNL( )                               QUEUE(QL.FO.ZAS.ANNUAIRE)
   CRDATE(2018-01-10)                      CRTIME(10.59.04)
   ALTDATE(2018-01-10)                     ALTTIME(10.59.04)
   GET(ENABLED)                            PUT(ENABLED)
   DEFPRTY(0)                              DEFPSIST(NO)
   MAXDEPTH(5000)                          MAXMSGL(4194304)
   BOTHRESH(0)                             SHARE
   DEFSOPT(SHARED)                         HARDENBO
   MSGDLVSQ(PRIORITY)                      RETINTVL(999999999)
   USAGE(NORMAL)                           NOTRIGGER
   TRIGTYPE(FIRST)                         TRIGDPTH(1)
   TRIGMPRI(0)                             QDEPTHHI(80)
   QDEPTHLO(20)                            QDPMAXEV(ENABLED)
   QDPHIEV(DISABLED)                       QDPLOEV(DISABLED)
   QSVCINT(999999999)                      QSVCIEV(NONE)
   DISTL(NO)                               NPMCLASS(NORMAL)
   DEFTYPE(PREDEFINED)                     TYPE(QLOCAL)
   SCOPE(QMGR)                             DEFBIND(OPEN)
   IPPROCS(0)                              OPPROCS(0)
   CURDEPTH(0)                          
AMQ8409: Display Queue details.
   DESCR(TEST ECD)                         PROCESS( )
   BOQNAME( )                              INITQ( )
   TRIGDATA( )                             CLUSTER( )
   CLUSNL( )                               QUEUE(QL.FOSR.TMP)
   CRDATE(2026-03-27)                      CRTIME(15.00.19)
   ALTDATE(2026-03-27)                     ALTTIME(15.12.00)
   GET(ENABLED)                            PUT(ENABLED)
   DEFPRTY(0)                              DEFPSIST(NO)
   MAXDEPTH(5000)                          MAXMSGL(4194304)
   BOTHRESH(0)                             SHARE
   DEFSOPT(SHARED)                         HARDENBO
   MSGDLVSQ(PRIORITY)                      RETINTVL(999999999)
   USAGE(NORMAL)                           NOTRIGGER
   TRIGTYPE(FIRST)                         TRIGDPTH(1)
   TRIGMPRI(0)                             QDEPTHHI(80)
   QDEPTHLO(20)                            QDPMAXEV(ENABLED)
   QDPHIEV(DISABLED)                       QDPLOEV(DISABLED)
   QSVCINT(999999999)                      QSVCIEV(NONE)
   DISTL(NO)                               NPMCLASS(NORMAL)
   DEFTYPE(PREDEFINED)                     TYPE(QLOCAL)
   SCOPE(QMGR)                             DEFBIND(OPEN)
   IPPROCS(0)                              OPPROCS(0)
   CURDEPTH(29)                         
AMQ8409: Display Queue details.
   DESCR(Plan Wide)                        PROCESS( )
   BOQNAME( )                              INITQ( )
   TRIGDATA( )                             CLUSTER( )
   CLUSNL( )                               QUEUE(QL.PWFOS.ACKDATAR)
   CRDATE(2024-03-14)                      CRTIME(09.51.07)
   ALTDATE(2024-03-14)                     ALTTIME(09.51.07)
   GET(ENABLED)                            PUT(ENABLED)
   DEFPRTY(0)                              DEFPSIST(NO)
   MAXDEPTH(5000)                          MAXMSGL(4194304)
   BOTHRESH(0)                             SHARE
   DEFSOPT(SHARED)                         HARDENBO
   MSGDLVSQ(PRIORITY)                      RETINTVL(999999999)
   USAGE(NORMAL)                           NOTRIGGER
   TRIGTYPE(FIRST)                         TRIGDPTH(1)
   TRIGMPRI(0)                             QDEPTHHI(80)
   QDEPTHLO(20)                            QDPMAXEV(ENABLED)
   QDPHIEV(DISABLED)                       QDPLOEV(DISABLED)
   QSVCINT(999999999)                      QSVCIEV(NONE)
   DISTL(NO)                               NPMCLASS(NORMAL)
   DEFTYPE(PREDEFINED)                     TYPE(QLOCAL)
   SCOPE(QMGR)                             DEFBIND(OPEN)
   IPPROCS(1)                              OPPROCS(0)
   CURDEPTH(0)                          
AMQ8409: Display Queue details.
   DESCR(Plan Wide)                        PROCESS( )
   BOQNAME( )                              INITQ( )
   TRIGDATA( )                             CLUSTER( )
   CLUSNL( )                               QUEUE(QL.PWFOS.RESQUALR)
   CRDATE(2024-03-14)                      CRTIME(09.52.05)
   ALTDATE(2024-03-14)                     ALTTIME(09.52.05)
   GET(ENABLED)                            PUT(ENABLED)
   DEFPRTY(0)                              DEFPSIST(NO)
   MAXDEPTH(5000)                          MAXMSGL(4194304)
   BOTHRESH(0)                             SHARE
   DEFSOPT(SHARED)                         HARDENBO
   MSGDLVSQ(PRIORITY)                      RETINTVL(999999999)
   USAGE(NORMAL)                           NOTRIGGER
   TRIGTYPE(FIRST)                         TRIGDPTH(1)
   TRIGMPRI(0)                             QDEPTHHI(80)
   QDEPTHLO(20)                            QDPMAXEV(ENABLED)
   QDPHIEV(DISABLED)                       QDPLOEV(DISABLED)
   QSVCINT(999999999)                      QSVCIEV(NONE)
   DISTL(NO)                               NPMCLASS(NORMAL)
   DEFTYPE(PREDEFINED)                     TYPE(QLOCAL)
   SCOPE(QMGR)                             DEFBIND(OPEN)
   IPPROCS(1)                              OPPROCS(0)
   CURDEPTH(0)                          
AMQ8409: Display Queue details.
   DESCR(Plan Wide LTS archi des messages)
   PROCESS( )                              BOQNAME( )
   INITQ( )                                TRIGDATA( )
   CLUSTER( )                              CLUSNL( )
   QUEUE(QL.PWSUIVI.MSGPWR)                CRDATE(2024-03-14)
   CRTIME(09.43.42)                        ALTDATE(2024-03-14)
   ALTTIME(09.43.42)                       GET(ENABLED)
   PUT(ENABLED)                            DEFPRTY(0)
   DEFPSIST(NO)                            MAXDEPTH(5000)
   MAXMSGL(4194304)                        BOTHRESH(0)
   SHARE                                   DEFSOPT(SHARED)
   HARDENBO                                MSGDLVSQ(PRIORITY)
   RETINTVL(999999999)                     USAGE(NORMAL)
   NOTRIGGER                               TRIGTYPE(FIRST)
   TRIGDPTH(1)                             TRIGMPRI(0)
   QDEPTHHI(80)                            QDEPTHLO(20)
   QDPMAXEV(ENABLED)                       QDPHIEV(DISABLED)
   QDPLOEV(DISABLED)                       QSVCINT(999999999)
   QSVCIEV(NONE)                           DISTL(NO)
   NPMCLASS(NORMAL)                        DEFTYPE(PREDEFINED)
   TYPE(QLOCAL)                            SCOPE(QMGR)
   DEFBIND(OPEN)                           IPPROCS(0)
   OPPROCS(1)                              CURDEPTH(0)
AMQ8409: Display Queue details.
   DESCR(Recette Lot 1MDI SIC on Line)     PROCESS( )
   BOQNAME( )                              INITQ( )
   TRIGDATA( )                             CLUSTER( )
   CLUSNL( )                               QUEUE(QL.SIC.TDM.LEG1.001)
   CRDATE(2019-11-12)                      CRTIME(17.06.44)
   ALTDATE(2019-11-12)                     ALTTIME(17.06.44)
   GET(ENABLED)                            PUT(ENABLED)
   DEFPRTY(0)                              DEFPSIST(NO)
   MAXDEPTH(5000)                          MAXMSGL(4194304)
   BOTHRESH(0)                             SHARE
   DEFSOPT(SHARED)                         HARDENBO
   MSGDLVSQ(PRIORITY)                      RETINTVL(999999999)
   USAGE(NORMAL)                           NOTRIGGER
   TRIGTYPE(FIRST)                         TRIGDPTH(1)
   TRIGMPRI(0)                             QDEPTHHI(80)
   QDEPTHLO(20)                            QDPMAXEV(ENABLED)
   QDPHIEV(DISABLED)                       QDPLOEV(DISABLED)
   QSVCINT(999999999)                      QSVCIEV(NONE)
   DISTL(NO)                               NPMCLASS(NORMAL)
   DEFTYPE(PREDEFINED)                     TYPE(QLOCAL)
   SCOPE(QMGR)                             DEFBIND(OPEN)
   IPPROCS(0)                              OPPROCS(0)
   CURDEPTH(0)                          
AMQ8409: Display Queue details.
   DESCR(batch permanent message LMAW vers Swip)
   PROCESS( )                              BOQNAME( )
   INITQ( )                                TRIGDATA( )
   CLUSTER( )                              CLUSNL( )
   QUEUE(QL.SWIP.LMAW.SULMAT)              CRDATE(2021-04-06)
   CRTIME(15.35.44)                        ALTDATE(2021-04-06)
   ALTTIME(15.35.44)                       GET(ENABLED)
   PUT(ENABLED)                            DEFPRTY(0)
   DEFPSIST(NO)                            MAXDEPTH(5000)
   MAXMSGL(4194304)                        BOTHRESH(0)
   SHARE                                   DEFSOPT(SHARED)
   HARDENBO                                MSGDLVSQ(PRIORITY)
   RETINTVL(999999999)                     USAGE(NORMAL)
   NOTRIGGER                               TRIGTYPE(FIRST)
   TRIGDPTH(1)                             TRIGMPRI(0)
   QDEPTHHI(80)                            QDEPTHLO(20)
   QDPMAXEV(DISABLED)                      QDPHIEV(DISABLED)
   QDPLOEV(ENABLED)                        QSVCINT(999999999)
   QSVCIEV(NONE)                           DISTL(NO)
   NPMCLASS(NORMAL)                        DEFTYPE(PREDEFINED)
   TYPE(QLOCAL)                            SCOPE(QMGR)
   DEFBIND(OPEN)                           IPPROCS(0)
   OPPROCS(1)                              CURDEPTH(5000)
AMQ8409: Display Queue details.
   DESCR(WebSphere MQ Channel Related Event Queue)
   PROCESS( )                              BOQNAME( )
   INITQ( )                                TRIGDATA( )
   CLUSTER( )                              CLUSNL( )
   QUEUE(SYSTEM.ADMIN.CHANNEL.EVENT)       CRDATE(2018-01-10)
   CRTIME(10.58.29)                        ALTDATE(2018-01-10)
   ALTTIME(10.58.29)                       GET(ENABLED)
   PUT(ENABLED)                            DEFPRTY(0)
   DEFPSIST(NO)                            MAXDEPTH(3000)
   MAXMSGL(9000)                           BOTHRESH(0)
   NOSHARE                                 DEFSOPT(EXCL)
   HARDENBO                                MSGDLVSQ(PRIORITY)
   RETINTVL(999999999)                     USAGE(NORMAL)
   NOTRIGGER                               TRIGTYPE(NONE)
   TRIGDPTH(1)                             TRIGMPRI(0)
   QDEPTHHI(80)                            QDEPTHLO(20)
   QDPMAXEV(DISABLED)                      QDPHIEV(DISABLED)
   QDPLOEV(ENABLED)                        QSVCINT(999999999)
   QSVCIEV(NONE)                           DISTL(NO)
   NPMCLASS(NORMAL)                        DEFTYPE(PREDEFINED)
   TYPE(QLOCAL)                            SCOPE(QMGR)
   DEFBIND(OPEN)                           IPPROCS(0)
   OPPROCS(0)                              CURDEPTH(3000)
AMQ8409: Display Queue details.
   DESCR(WebSphere MQ Administration Command Queue)
   PROCESS( )                              BOQNAME( )
   INITQ( )                                TRIGDATA( )
   CLUSTER( )                              CLUSNL( )
   QUEUE(SYSTEM.ADMIN.COMMAND.QUEUE)       CRDATE(2018-01-10)
   CRTIME(10.58.28)                        ALTDATE(2018-01-10)
   ALTTIME(10.58.28)                       GET(ENABLED)
   PUT(ENABLED)                            DEFPRTY(0)
   DEFPSIST(NO)                            MAXDEPTH(3000)
   MAXMSGL(9000)                           BOTHRESH(0)
   NOSHARE                                 DEFSOPT(EXCL)
   HARDENBO                                MSGDLVSQ(PRIORITY)
   RETINTVL(999999999)                     USAGE(NORMAL)
   NOTRIGGER                               TRIGTYPE(NONE)
   TRIGDPTH(1)                             TRIGMPRI(0)
   QDEPTHHI(80)                            QDEPTHLO(20)
   QDPMAXEV(ENABLED)                       QDPHIEV(DISABLED)
   QDPLOEV(DISABLED)                       QSVCINT(999999999)
   QSVCIEV(NONE)                           DISTL(NO)
   NPMCLASS(NORMAL)                        DEFTYPE(PREDEFINED)
   TYPE(QLOCAL)                            SCOPE(QMGR)
   DEFBIND(OPEN)                           IPPROCS(1)
   OPPROCS(1)                              CURDEPTH(0)
AMQ8409: Display Queue details.
   DESCR(WebSphere MQ Performance Related Event Queue)
   PROCESS( )                              BOQNAME( )
   INITQ( )                                TRIGDATA( )
   CLUSTER( )                              CLUSNL( )
   QUEUE(SYSTEM.ADMIN.PERFM.EVENT)         CRDATE(2018-01-10)
   CRTIME(10.58.29)                        ALTDATE(2018-01-10)
   ALTTIME(10.58.29)                       GET(ENABLED)
   PUT(ENABLED)                            DEFPRTY(0)
   DEFPSIST(NO)                            MAXDEPTH(3000)
   MAXMSGL(9000)                           BOTHRESH(0)
   NOSHARE                                 DEFSOPT(EXCL)
   HARDENBO                                MSGDLVSQ(PRIORITY)
   RETINTVL(999999999)                     USAGE(NORMAL)
   NOTRIGGER                               TRIGTYPE(NONE)
   TRIGDPTH(1)                             TRIGMPRI(0)
   QDEPTHHI(80)                            QDEPTHLO(20)
   QDPMAXEV(ENABLED)                       QDPHIEV(DISABLED)
   QDPLOEV(DISABLED)                       QSVCINT(999999999)
   QSVCIEV(NONE)                           DISTL(NO)
   NPMCLASS(NORMAL)                        DEFTYPE(PREDEFINED)
   TYPE(QLOCAL)                            SCOPE(QMGR)
   DEFBIND(OPEN)                           IPPROCS(0)
   OPPROCS(0)                              CURDEPTH(2)
AMQ8409: Display Queue details.
   DESCR(WebSphere MQ Queue Manager Related Event Queue)
   PROCESS( )                              BOQNAME( )
   INITQ( )                                TRIGDATA( )
   CLUSTER( )                              CLUSNL( )
   QUEUE(SYSTEM.ADMIN.QMGR.EVENT)          CRDATE(2018-01-10)
   CRTIME(10.58.29)                        ALTDATE(2018-01-10)
   ALTTIME(10.58.29)                       GET(ENABLED)
   PUT(ENABLED)                            DEFPRTY(0)
   DEFPSIST(NO)                            MAXDEPTH(3000)
   MAXMSGL(9000)                           BOTHRESH(0)
   NOSHARE                                 DEFSOPT(EXCL)
   HARDENBO                                MSGDLVSQ(PRIORITY)
   RETINTVL(999999999)                     USAGE(NORMAL)
   NOTRIGGER                               TRIGTYPE(NONE)
   TRIGDPTH(1)                             TRIGMPRI(0)
   QDEPTHHI(80)                            QDEPTHLO(20)
   QDPMAXEV(ENABLED)                       QDPHIEV(DISABLED)
   QDPLOEV(DISABLED)                       QSVCINT(999999999)
   QSVCIEV(NONE)                           DISTL(NO)
   NPMCLASS(NORMAL)                        DEFTYPE(PREDEFINED)
   TYPE(QLOCAL)                            SCOPE(QMGR)
   DEFBIND(OPEN)                           IPPROCS(0)
   OPPROCS(0)                              CURDEPTH(1)
AMQ8409: Display Queue details.
   DESCR(WebSphere MQ Channel Initiation Queue)
   PROCESS( )                              BOQNAME( )
   INITQ( )                                TRIGDATA( )
   CLUSTER( )                              CLUSNL( )
   QUEUE(SYSTEM.CHANNEL.INITQ)             CRDATE(2018-01-10)
   CRTIME(10.58.28)                        ALTDATE(2025-09-24)
   ALTTIME(10.21.41)                       GET(ENABLED)
   PUT(ENABLED)                            DEFPRTY(0)
   DEFPSIST(NO)                            MAXDEPTH(1000)
   MAXMSGL(2000)                           BOTHRESH(0)
   NOSHARE                                 DEFSOPT(EXCL)
   HARDENBO                                MSGDLVSQ(PRIORITY)
   RETINTVL(999999999)                     USAGE(NORMAL)
   NOTRIGGER                               TRIGTYPE(NONE)
   TRIGDPTH(1)                             TRIGMPRI(0)
   QDEPTHHI(80)                            QDEPTHLO(20)
   QDPMAXEV(ENABLED)                       QDPHIEV(DISABLED)
   QDPLOEV(DISABLED)                       QSVCINT(999999999)
   QSVCIEV(NONE)                           DISTL(NO)
   NPMCLASS(NORMAL)                        DEFTYPE(PREDEFINED)
   TYPE(QLOCAL)                            SCOPE(QMGR)
   DEFBIND(OPEN)                           IPPROCS(1)
   OPPROCS(0)                              CURDEPTH(0)
AMQ8409: Display Queue details.
   DESCR(WebSphere MQ Channel Sync Queue)
   PROCESS( )                              BOQNAME( )
   INITQ( )                                TRIGDATA( )
   CLUSTER( )                              CLUSNL( )
   QUEUE(SYSTEM.CHANNEL.SYNCQ)             CRDATE(2018-01-10)
   CRTIME(10.58.29)                        ALTDATE(2018-01-10)
   ALTTIME(10.58.29)                       GET(ENABLED)
   PUT(ENABLED)                            DEFPRTY(0)
   DEFPSIST(YES)                           MAXDEPTH(20000)
   MAXMSGL(20000)                          BOTHRESH(0)
   SHARE                                   DEFSOPT(SHARED)
   HARDENBO                                MSGDLVSQ(PRIORITY)
   RETINTVL(999999999)                     USAGE(NORMAL)
   NOTRIGGER                               TRIGTYPE(NONE)
   TRIGDPTH(1)                             TRIGMPRI(0)
   QDEPTHHI(80)                            QDEPTHLO(40)
   QDPMAXEV(ENABLED)                       QDPHIEV(DISABLED)
   QDPLOEV(DISABLED)                       QSVCINT(999999999)
   QSVCIEV(NONE)                           DISTL(NO)
   NPMCLASS(NORMAL)                        DEFTYPE(PREDEFINED)
   TYPE(QLOCAL)                            SCOPE(QMGR)
   DEFBIND(OPEN)                           IPPROCS(1)
   OPPROCS(1)                              CURDEPTH(0)
AMQ8409: Display Queue details.
   DESCR(WebSphere MQ Default CICS Initiation queue)
   PROCESS( )                              BOQNAME( )
   INITQ( )                                TRIGDATA( )
   CLUSTER( )                              CLUSNL( )
   QUEUE(SYSTEM.CICS.INITIATION.QUEUE)     CRDATE(2018-01-10)
   CRTIME(10.58.28)                        ALTDATE(2018-01-10)
   ALTTIME(10.58.28)                       GET(ENABLED)
   PUT(ENABLED)                            DEFPRTY(0)
   DEFPSIST(NO)                            MAXDEPTH(1000)
   MAXMSGL(1000)                           BOTHRESH(0)
   SHARE                                   DEFSOPT(SHARED)
   HARDENBO                                MSGDLVSQ(PRIORITY)
   RETINTVL(999999999)                     USAGE(NORMAL)
   NOTRIGGER                               TRIGTYPE(NONE)
   TRIGDPTH(1)                             TRIGMPRI(0)
   QDEPTHHI(80)                            QDEPTHLO(20)
   QDPMAXEV(ENABLED)                       QDPHIEV(DISABLED)
   QDPLOEV(DISABLED)                       QSVCINT(999999999)
   QSVCIEV(NONE)                           DISTL(NO)
   NPMCLASS(NORMAL)                        DEFTYPE(PREDEFINED)
   TYPE(QLOCAL)                            SCOPE(QMGR)
   DEFBIND(OPEN)                           IPPROCS(0)
   OPPROCS(0)                              CURDEPTH(0)
AMQ8409: Display Queue details.
   DESCR(WebSphere MQ Cluster Command Queue)
   PROCESS( )                              BOQNAME( )
   INITQ( )                                TRIGDATA( )
   CLUSTER( )                              CLUSNL( )
   QUEUE(SYSTEM.CLUSTER.COMMAND.QUEUE)     CRDATE(2018-01-10)
   CRTIME(10.58.29)                        ALTDATE(2018-01-10)
   ALTTIME(10.58.29)                       GET(ENABLED)
   PUT(ENABLED)                            DEFPRTY(0)
   DEFPSIST(NO)                            MAXDEPTH(999999999)
   MAXMSGL(4194304)                        BOTHRESH(0)
   SHARE                                   DEFSOPT(SHARED)
   HARDENBO                                MSGDLVSQ(PRIORITY)
   RETINTVL(999999999)                     USAGE(NORMAL)
   NOTRIGGER                               TRIGTYPE(FIRST)
   TRIGDPTH(1)                             TRIGMPRI(0)
   QDEPTHHI(80)                            QDEPTHLO(20)
   QDPMAXEV(ENABLED)                       QDPHIEV(DISABLED)
   QDPLOEV(DISABLED)                       QSVCINT(999999999)
   QSVCIEV(NONE)                           DISTL(NO)
   NPMCLASS(NORMAL)                        DEFTYPE(PREDEFINED)
   TYPE(QLOCAL)                            SCOPE(QMGR)
   DEFBIND(OPEN)                           IPPROCS(4)
   OPPROCS(0)                              CURDEPTH(0)
AMQ8409: Display Queue details.
   DESCR(WebSphere MQ Cluster Repository Queue)
   PROCESS( )                              BOQNAME( )
   INITQ( )                                TRIGDATA( )
   CLUSTER( )                              CLUSNL( )
   QUEUE(SYSTEM.CLUSTER.REPOSITORY.QUEUE)
   CRDATE(2018-01-10)                      CRTIME(10.58.29)
   ALTDATE(2018-01-10)                     ALTTIME(10.58.29)
   GET(ENABLED)                            PUT(ENABLED)
   DEFPRTY(0)                              DEFPSIST(NO)
   MAXDEPTH(999999999)                     MAXMSGL(4194304)
   BOTHRESH(0)                             SHARE
   DEFSOPT(SHARED)                         HARDENBO
   MSGDLVSQ(PRIORITY)                      RETINTVL(999999999)
   USAGE(NORMAL)                           NOTRIGGER
   TRIGTYPE(FIRST)                         TRIGDPTH(1)
   TRIGMPRI(0)                             QDEPTHHI(80)
   QDEPTHLO(20)                            QDPMAXEV(ENABLED)
   QDPHIEV(DISABLED)                       QDPLOEV(DISABLED)
   QSVCINT(999999999)                      QSVCIEV(NONE)
   DISTL(NO)                               NPMCLASS(NORMAL)
   DEFTYPE(PREDEFINED)                     TYPE(QLOCAL)
   SCOPE(QMGR)                             DEFBIND(OPEN)
   IPPROCS(4)                              OPPROCS(4)
   CURDEPTH(1)                          
AMQ8409: Display Queue details.
   DESCR(WebSphere MQ Cluster Transmission Queue)
   PROCESS( )                              BOQNAME( )
   INITQ( )                                TRIGDATA( )
   CLUSTER( )                              CLUSNL( )
   QUEUE(SYSTEM.CLUSTER.TRANSMIT.QUEUE)    CRDATE(2018-01-10)
   CRTIME(10.58.29)                        ALTDATE(2018-01-10)
   ALTTIME(10.58.29)                       GET(ENABLED)
   PUT(ENABLED)                            DEFPRTY(0)
   DEFPSIST(NO)                            MAXDEPTH(999999999)
   MAXMSGL(4194304)                        BOTHRESH(0)
   SHARE                                   DEFSOPT(SHARED)
   HARDENBO                                MSGDLVSQ(PRIORITY)
   RETINTVL(999999999)                     USAGE(XMITQ)
   NOTRIGGER                               TRIGTYPE(FIRST)
   TRIGDPTH(1)                             TRIGMPRI(0)
   QDEPTHHI(80)                            QDEPTHLO(20)
   QDPMAXEV(ENABLED)                       QDPHIEV(DISABLED)
   QDPLOEV(DISABLED)                       QSVCINT(999999999)
   QSVCIEV(NONE)                           DISTL(NO)
   NPMCLASS(NORMAL)                        DEFTYPE(PREDEFINED)
   TYPE(QLOCAL)                            SCOPE(QMGR)
   DEFBIND(OPEN)                           IPPROCS(4)
   OPPROCS(4)                              CURDEPTH(0)
AMQ8409: Display Queue details.
   DESCR(WebSphere MQ Default Dead Letter Queue)
   PROCESS( )                              BOQNAME( )
   INITQ( )                                TRIGDATA( )
   CLUSTER( )                              CLUSNL( )
   QUEUE(SYSTEM.DEAD.LETTER.QUEUE)         CRDATE(2018-01-10)
   CRTIME(10.58.28)                        ALTDATE(2018-01-10)
   ALTTIME(10.58.28)                       GET(ENABLED)
   PUT(ENABLED)                            DEFPRTY(0)
   DEFPSIST(NO)                            MAXDEPTH(999999999)
   MAXMSGL(4194304)                        BOTHRESH(0)
   SHARE                                   DEFSOPT(SHARED)
   HARDENBO                                MSGDLVSQ(PRIORITY)
   RETINTVL(999999999)                     USAGE(NORMAL)
   NOTRIGGER                               TRIGTYPE(NONE)
   TRIGDPTH(1)                             TRIGMPRI(0)
   QDEPTHHI(80)                            QDEPTHLO(20)
   QDPMAXEV(ENABLED)                       QDPHIEV(DISABLED)
   QDPLOEV(DISABLED)                       QSVCINT(999999999)
   QSVCIEV(NONE)                           DISTL(NO)
   NPMCLASS(NORMAL)                        DEFTYPE(PREDEFINED)
   TYPE(QLOCAL)                            SCOPE(QMGR)
   DEFBIND(OPEN)                           IPPROCS(0)
   OPPROCS(0)                              CURDEPTH(0)
AMQ8409: Display Queue details.
   DESCR(WebSphere MQ Default Initiation Queue)
   PROCESS( )                              BOQNAME( )
   INITQ( )                                TRIGDATA( )
   CLUSTER( )                              CLUSNL( )
   QUEUE(SYSTEM.DEFAULT.INITIATION.QUEUE)
   CRDATE(2018-01-10)                      CRTIME(10.58.28)
   ALTDATE(2018-01-10)                     ALTTIME(10.58.28)
   GET(ENABLED)                            PUT(ENABLED)
   DEFPRTY(0)                              DEFPSIST(NO)
   MAXDEPTH(1000)                          MAXMSGL(1000)
   BOTHRESH(0)                             SHARE
   DEFSOPT(SHARED)                         HARDENBO
   MSGDLVSQ(PRIORITY)                      RETINTVL(999999999)
   USAGE(NORMAL)                           NOTRIGGER
   TRIGTYPE(NONE)                          TRIGDPTH(1)
   TRIGMPRI(0)                             QDEPTHHI(80)
   QDEPTHLO(20)                            QDPMAXEV(ENABLED)
   QDPHIEV(DISABLED)                       QDPLOEV(DISABLED)
   QSVCINT(999999999)                      QSVCIEV(NONE)
   DISTL(NO)                               NPMCLASS(NORMAL)
   DEFTYPE(PREDEFINED)                     TYPE(QLOCAL)
   SCOPE(QMGR)                             DEFBIND(OPEN)
   IPPROCS(0)                              OPPROCS(0)
   CURDEPTH(0)                          
AMQ8409: Display Queue details.
   DESCR(WebSphere MQ Default Local Queue)
   PROCESS( )                              BOQNAME( )
   INITQ( )                                TRIGDATA( )
   CLUSTER( )                              CLUSNL( )
   QUEUE(SYSTEM.DEFAULT.LOCAL.QUEUE)       CRDATE(2018-01-10)
   CRTIME(10.58.28)                        ALTDATE(2018-01-10)
   ALTTIME(10.58.28)                       GET(ENABLED)
   PUT(ENABLED)                            DEFPRTY(0)
   DEFPSIST(NO)                            MAXDEPTH(5000)
   MAXMSGL(4194304)                        BOTHRESH(0)
   SHARE                                   DEFSOPT(SHARED)
   HARDENBO                                MSGDLVSQ(PRIORITY)
   RETINTVL(999999999)                     USAGE(NORMAL)
   NOTRIGGER                               TRIGTYPE(FIRST)
   TRIGDPTH(1)                             TRIGMPRI(0)
   QDEPTHHI(80)                            QDEPTHLO(20)
   QDPMAXEV(ENABLED)                       QDPHIEV(DISABLED)
   QDPLOEV(DISABLED)                       QSVCINT(999999999)
   QSVCIEV(NONE)                           DISTL(NO)
   NPMCLASS(NORMAL)                        DEFTYPE(PREDEFINED)
   TYPE(QLOCAL)                            SCOPE(QMGR)
   DEFBIND(OPEN)                           IPPROCS(0)
   OPPROCS(0)                              CURDEPTH(0)
AMQ8409: Display Queue details.
   DESCR(WebSphere MQ Deferred Message Queue)
   PROCESS( )                              BOQNAME( )
   INITQ( )                                TRIGDATA( )
   CLUSTER( )                              CLUSNL( )
   QUEUE(SYSTEM.PENDING.DATA.QUEUE)        CRDATE(2018-01-10)
   CRTIME(10.58.29)                        ALTDATE(2018-01-10)
   ALTTIME(10.58.29)                       GET(ENABLED)
   PUT(ENABLED)                            DEFPRTY(0)
   DEFPSIST(NO)                            MAXDEPTH(999999999)
   MAXMSGL(4194304)                        BOTHRESH(0)
   NOSHARE                                 DEFSOPT(EXCL)
   HARDENBO                                MSGDLVSQ(FIFO)
   RETINTVL(999999999)                     USAGE(NORMAL)
   NOTRIGGER                               TRIGTYPE(FIRST)
   TRIGDPTH(1)                             TRIGMPRI(0)
   QDEPTHHI(80)                            QDEPTHLO(20)
   QDPMAXEV(DISABLED)                      QDPHIEV(DISABLED)
   QDPLOEV(DISABLED)                       QSVCINT(999999999)
   QSVCIEV(NONE)                           DISTL(NO)
   NPMCLASS(NORMAL)                        DEFTYPE(PREDEFINED)
   TYPE(QLOCAL)                            SCOPE(QMGR)
   DEFBIND(OPEN)                           IPPROCS(0)
   OPPROCS(0)                              CURDEPTH(0)
AMQ8409: Display Queue details.
   DESCR(GCGTDM.BAPWC01)                   PROCESS( )
   BOQNAME( )                              INITQ( )
   TRIGDATA( )                             CLUSTER( )
   CLUSNL( )                               QUEUE(WEB01_FO.QL.GCGTDM.BAPWC01)
   CRDATE(2018-01-10)                      CRTIME(10.59.05)
   ALTDATE(2018-01-10)                     ALTTIME(10.59.05)
   GET(ENABLED)                            PUT(ENABLED)
   DEFPRTY(0)                              DEFPSIST(NO)
   MAXDEPTH(5000)                          MAXMSGL(4194304)
   BOTHRESH(0)                             SHARE
   DEFSOPT(SHARED)                         HARDENBO
   MSGDLVSQ(PRIORITY)                      RETINTVL(999999999)
   USAGE(NORMAL)                           NOTRIGGER
   TRIGTYPE(FIRST)                         TRIGDPTH(1)
   TRIGMPRI(0)                             QDEPTHHI(80)
   QDEPTHLO(20)                            QDPMAXEV(ENABLED)
   QDPHIEV(DISABLED)                       QDPLOEV(DISABLED)
   QSVCINT(999999999)                      QSVCIEV(NONE)
   DISTL(NO)                               NPMCLASS(NORMAL)
   DEFTYPE(PREDEFINED)                     TYPE(QLOCAL)
   SCOPE(QMGR)                             DEFBIND(OPEN)
   IPPROCS(0)                              OPPROCS(0)
   CURDEPTH(0)                          
AMQ8409: Display Queue details.
   DESCR(GCGTDM.BIPWC01)                   PROCESS( )
   BOQNAME( )                              INITQ( )
   TRIGDATA( )                             CLUSTER( )
   CLUSNL( )                               QUEUE(WEB01_FO.QL.GCGTDM.BIPWC01)
   CRDATE(2018-01-10)                      CRTIME(10.59.05)
   ALTDATE(2018-01-10)                     ALTTIME(10.59.05)
   GET(ENABLED)                            PUT(ENABLED)
   DEFPRTY(0)                              DEFPSIST(NO)
   MAXDEPTH(5000)                          MAXMSGL(4194304)
   BOTHRESH(0)                             SHARE
   DEFSOPT(SHARED)                         HARDENBO
   MSGDLVSQ(PRIORITY)                      RETINTVL(999999999)
   USAGE(NORMAL)                           NOTRIGGER
   TRIGTYPE(FIRST)                         TRIGDPTH(1)
   TRIGMPRI(0)                             QDEPTHHI(80)
   QDEPTHLO(20)                            QDPMAXEV(ENABLED)
   QDPHIEV(DISABLED)                       QDPLOEV(DISABLED)
   QSVCINT(999999999)                      QSVCIEV(NONE)
   DISTL(NO)                               NPMCLASS(NORMAL)
   DEFTYPE(PREDEFINED)                     TYPE(QLOCAL)
   SCOPE(QMGR)                             DEFBIND(OPEN)
   IPPROCS(0)                              OPPROCS(0)
   CURDEPTH(0)                          
AMQ8409: Display Queue details.
   DESCR(GCGTDM.BSPWC01)                   PROCESS( )
   BOQNAME( )                              INITQ( )
   TRIGDATA( )                             CLUSTER( )
   CLUSNL( )                               QUEUE(WEB01_FO.QL.GCGTDM.BSPWC01)
   CRDATE(2018-01-10)                      CRTIME(10.59.06)
   ALTDATE(2018-01-10)                     ALTTIME(10.59.06)
   GET(ENABLED)                            PUT(ENABLED)
   DEFPRTY(0)                              DEFPSIST(NO)
   MAXDEPTH(5000)                          MAXMSGL(4194304)
   BOTHRESH(0)                             SHARE
   DEFSOPT(SHARED)                         HARDENBO
   MSGDLVSQ(PRIORITY)                      RETINTVL(999999999)
   USAGE(NORMAL)                           NOTRIGGER
   TRIGTYPE(FIRST)                         TRIGDPTH(1)
   TRIGMPRI(0)                             QDEPTHHI(80)
   QDEPTHLO(20)                            QDPMAXEV(ENABLED)
   QDPHIEV(DISABLED)                       QDPLOEV(DISABLED)
   QSVCINT(999999999)                      QSVCIEV(NONE)
   DISTL(NO)                               NPMCLASS(NORMAL)
   DEFTYPE(PREDEFINED)                     TYPE(QLOCAL)
   SCOPE(QMGR)                             DEFBIND(OPEN)
   IPPROCS(0)                              OPPROCS(0)
   CURDEPTH(0)                          
MQSC >DISPLAY QALIAS(*) ALL
     4 : DISPLAY QALIAS(*) ALL
AMQ8409: Display Queue details.
   DESCR(Alias QL.FL.ZAS.ANNUAIRE)         TARGQ(QL.FO.ZAS.ANNUAIRE)
   CLUSTER( )                              CLUSNL( )
   QUEUE(FL.ZAS.ANNUAIRE)                  ALTDATE(2018-01-10)
   ALTTIME(10.58.51)                       GET(ENABLED)
   PUT(ENABLED)                            DEFPRTY(0)
   DEFPSIST(YES)                           SCOPE(QMGR)
   DEFBIND(OPEN)                           TYPE(QALIAS)
AMQ8409: Display Queue details.
   DESCR(Alias QL.FO.GPS.001)              TARGQ(QL.FO.GPS.001)
   CLUSTER( )                              CLUSNL( )
   QUEUE(GPS.001)                          ALTDATE(2018-01-10)
   ALTTIME(10.58.51)                       GET(ENABLED)
   PUT(ENABLED)                            DEFPRTY(0)
   DEFPSIST(NO)                            SCOPE(QMGR)
   DEFBIND(OPEN)                           TYPE(QALIAS)
AMQ8409: Display Queue details.
   DESCR(Alias QR.FO.GPS.002)              TARGQ(QR.FO.GPS.002)
   CLUSTER( )                              CLUSNL( )
   QUEUE(GPS.002)                          ALTDATE(2018-01-10)
   ALTTIME(10.58.51)                       GET(ENABLED)
   PUT(ENABLED)                            DEFPRTY(0)
   DEFPSIST(NO)                            SCOPE(QMGR)
   DEFBIND(OPEN)                           TYPE(QALIAS)
AMQ8409: Display Queue details.
   DESCR(Alias Machine traction)           TARGQ(MNDFOPAO1.QL.MTL.001)
   CLUSTER( )                              CLUSNL( )
   QUEUE(MTL.001)                          ALTDATE(2018-01-10)
   ALTTIME(10.58.56)                       GET(ENABLED)
   PUT(ENABLED)                            DEFPRTY(0)
   DEFPSIST(NO)                            SCOPE(QMGR)
   DEFBIND(OPEN)                           TYPE(QALIAS)
AMQ8409: Display Queue details.
   DESCR(Alias Machine traction)           TARGQ(MNDFOPAO1.QR.MTR.001)
   CLUSTER( )                              CLUSNL( )
   QUEUE(MTR.001)                          ALTDATE(2018-01-10)
   ALTTIME(10.58.57)                       GET(ENABLED)
   PUT(ENABLED)                            DEFPRTY(0)
   DEFPSIST(NO)                            SCOPE(QMGR)
   DEFBIND(OPEN)                           TYPE(QALIAS)
AMQ8409: Display Queue details.
   DESCR(Alias MNDFLUNT_FO.QR.MTRTDM.00000001)
   TARGQ(MNDFLUNT_FO.QR.MTRTDM.00000001)   CLUSTER( )
   CLUSNL( )                               QUEUE(MTRTDM.00000001)
   ALTDATE(2018-01-10)                     ALTTIME(10.58.57)
   GET(ENABLED)                            PUT(ENABLED)
   DEFPRTY(0)                              DEFPSIST(NO)
   SCOPE(QMGR)                             DEFBIND(OPEN)
   TYPE(QALIAS)                         
AMQ8409: Display Queue details.
   DESCR(alias de QL.SIC.TDM.LEG1.001)     TARGQ(QL.SIC.TDM.LEG1.001)
   CLUSTER( )                              CLUSNL( )
   QUEUE(SICFOS.LEGX)                      ALTDATE(2018-01-10)
   ALTTIME(10.59.05)                       GET(ENABLED)
   PUT(ENABLED)                            DEFPRTY(0)
   DEFPSIST(NO)                            SCOPE(QMGR)
   DEFBIND(OPEN)                           TYPE(QALIAS)
AMQ8409: Display Queue details.
   DESCR( )                                TARGQ( )
   CLUSTER( )                              CLUSNL( )
   QUEUE(SYSTEM.DEFAULT.ALIAS.QUEUE)       ALTDATE(2018-01-10)
   ALTTIME(10.58.28)                       GET(ENABLED)
   PUT(ENABLED)                            DEFPRTY(0)
   DEFPSIST(NO)                            SCOPE(QMGR)
   DEFBIND(OPEN)                           TYPE(QALIAS)
AMQ8409: Display Queue details.
   DESCR(Alias MNDFLUNT_FO.QL.TDMMTR.00000001)
   TARGQ(MNDFLUNT_FO.QL.TDMMTR.00000001)   CLUSTER( )
   CLUSNL( )                               QUEUE(TDMMTR.00000001)
   ALTDATE(2018-01-10)                     ALTTIME(10.59.05)
   GET(ENABLED)                            PUT(ENABLED)
   DEFPRTY(0)                              DEFPSIST(NO)
   SCOPE(QMGR)                             DEFBIND(OPEN)
   TYPE(QALIAS)                         
AMQ8409: Display Queue details.
   DESCR(Alias QR.FO.TST02.002)            TARGQ(QR.FO.TST02.002)
   CLUSTER( )                              CLUSNL( )
   QUEUE(TST02.002)                        ALTDATE(2018-01-10)
   ALTTIME(10.59.05)                       GET(ENABLED)
   PUT(ENABLED)                            DEFPRTY(0)
   DEFPSIST(NO)                            SCOPE(QMGR)
   DEFBIND(OPEN)                           TYPE(QALIAS)
MQSC >DISPLAY QREMOTE(*) ALL
     5 : DISPLAY QREMOTE(*) ALL
AMQ8409: Display Queue details.
   DESCR(Machine Traction C.Lebocq)     
   RNAME(MNDFLUNT_FO.QL.MTRTDM.00000001)
   RQMNAME(MNDFLUNT)                       XMITQ(MNDFLUNT)
   CLUSTER( )                              CLUSNL( )
   QUEUE(MNDFLUNT_FO.QR.MTRTDM.00000001)   ALTDATE(2018-01-10)
   ALTTIME(10.58.51)                       PUT(ENABLED)
   DEFPRTY(0)                              DEFPSIST(NO)
   SCOPE(QMGR)                             DEFBIND(OPEN)
   TYPE(QREMOTE)                        
AMQ8409: Display Queue details.
   DESCR(Machine Traction)                 RNAME(MNDFOPAO1.QL.MTL.001)
   RQMNAME(MNDFOPAO1)                      XMITQ(MNDFOPAO1)
   CLUSTER( )                              CLUSNL( )
   QUEUE(MNDFOPAO1.QR.MTR.001)             ALTDATE(2018-01-10)
   ALTTIME(10.58.54)                       PUT(ENABLED)
   DEFPRTY(0)                              DEFPSIST(NO)
   SCOPE(QMGR)                             DEFBIND(OPEN)
   TYPE(QREMOTE)                        
AMQ8409: Display Queue details.
   DESCR(Flux GNSU1-IT. Contr?le de Synchronisation - Emission)
   RNAME(MQSG_FO.QL.GNSU1.IT.REC)          RQMNAME(MQSG)
   XMITQ(MQSG)                             CLUSTER( )
   CLUSNL( )                               QUEUE(MQSG_FO.QR.GNSU1.IT)
   ALTDATE(2022-03-11)                     ALTTIME(13.54.40)
   PUT(ENABLED)                            DEFPRTY(0)
   DEFPSIST(NO)                            SCOPE(QMGR)
   DEFBIND(OPEN)                           TYPE(QREMOTE)
AMQ8409: Display Queue details.
   DESCR(Flux GNSU4-TI. Retour des Acquittements)
   RNAME(MQSG_FO.QL.GNSU4.TI)              RQMNAME(MQSG)
   XMITQ(MQSG)                             CLUSTER( )
   CLUSNL( )                               QUEUE(MQSG_FO.QR.GNSU4.TI)
   ALTDATE(2022-03-11)                     ALTTIME(13.54.46)
   PUT(ENABLED)                            DEFPRTY(0)
   DEFPSIST(NO)                            SCOPE(QMGR)
   DEFBIND(OPEN)                           TYPE(QREMOTE)
AMQ8409: Display Queue details.
   DESCR(Info Cde)                         RNAME(MSRF_FO.QL.GKCTDM.INFOCDE)
   RQMNAME(MQSG)                           XMITQ(MQSG)
   CLUSTER( )                              CLUSNL( )
   QUEUE(MSRF_FO.QR.GKCTDM.INFOCDE)        ALTDATE(2018-01-10)
   ALTTIME(10.58.55)                       PUT(ENABLED)
   DEFPRTY(0)                              DEFPSIST(NO)
   SCOPE(QMGR)                             DEFBIND(OPEN)
   TYPE(QREMOTE)                        
AMQ8409: Display Queue details.
   DESCR(Poids Bobine)                     RNAME(MSRF_FO.QL.GKCTDM.POIDOPBOB)
   RQMNAME(MQSG)                           XMITQ(MQSG)
   CLUSTER( )                              CLUSNL( )
   QUEUE(MSRF_FO.QR.GKCTDM.POIDOPBOB)      ALTDATE(2018-01-10)
   ALTTIME(10.58.55)                       PUT(ENABLED)
   DEFPRTY(0)                              DEFPSIST(NO)
   SCOPE(QMGR)                             DEFBIND(OPEN)
   TYPE(QREMOTE)                        
AMQ8409: Display Queue details.
   DESCR(Nt Florange)                      RNAME(MT03_FO.QL.TDOBOB.RESBOB)
   RQMNAME(MNDINTA1)                       XMITQ(MNDINTA1)
   CLUSTER( )                              CLUSNL( )
   QUEUE(MT03_FO.QR.BOBXXX.RESBOBAR)       ALTDATE(2018-01-10)
   ALTTIME(10.58.56)                       PUT(ENABLED)
   DEFPRTY(0)                              DEFPSIST(NO)
   SCOPE(QMGR)                             DEFBIND(OPEN)
   TYPE(QREMOTE)                        
AMQ8409: Display Queue details.
   DESCR(queue postage NT FLORANGE)        RNAME(QL.FL.ZAS.ESSAI)
   RQMNAME(SIANT)                          XMITQ(SIANT)
   CLUSTER( )                              CLUSNL( )
   QUEUE(QR.FL.ZAS.ESSAI)                  ALTDATE(2018-01-10)
   ALTTIME(10.59.04)                       PUT(ENABLED)
   DEFPRTY(0)                              DEFPSIST(YES)
   SCOPE(QMGR)                             DEFBIND(OPEN)
   TYPE(QREMOTE)                        
AMQ8409: Display Queue details.
   DESCR(Postage Sirius)                   RNAME(QL.FO.GPS.001)
   RQMNAME(MQSG)                           XMITQ(MQSG)
   CLUSTER( )                              CLUSNL( )
   QUEUE(QR.FO.GPS.002)                    ALTDATE(2018-01-10)
   ALTTIME(10.59.05)                       PUT(ENABLED)
   DEFPRTY(0)                              DEFPSIST(NO)
   SCOPE(QMGR)                             DEFBIND(OPEN)
   TYPE(QREMOTE)                        
AMQ8409: Display Queue details.
   DESCR(Postage Sirius)                   RNAME(QL.FO.R.GNRC1.002)
   RQMNAME(MQSG)                           XMITQ(MQSG)
   CLUSTER( )                              CLUSNL( )
   QUEUE(QR.FO.R.GNRC1.001)                ALTDATE(2018-01-10)
   ALTTIME(10.59.05)                       PUT(ENABLED)
   DEFPRTY(0)                              DEFPSIST(NO)
   SCOPE(QMGR)                             DEFBIND(OPEN)
   TYPE(QREMOTE)                        
AMQ8409: Display Queue details.
   DESCR(Demande specif Gpao BSGC2SPE)     RNAME(QL.FO.R.GNRC2.002)
   RQMNAME(MQSG)                           XMITQ(MQSG)
   CLUSTER( )                              CLUSNL( )
   QUEUE(QR.FO.R.GNRC2.001)                ALTDATE(2018-01-10)
   ALTTIME(10.59.05)                       PUT(ENABLED)
   DEFPRTY(0)                              DEFPSIST(NO)
   SCOPE(QMGR)                             DEFBIND(OPEN)
   TYPE(QREMOTE)                        
AMQ8409: Display Queue details.
   DESCR(Stats Transferts)                 RNAME(QL.FO.R.GPS01.001)
   RQMNAME(MQSG)                           XMITQ(MQSG)
   CLUSTER( )                              CLUSNL( )
   QUEUE(QR.FO.R.GPS01.002)                ALTDATE(2018-01-10)
   ALTTIME(10.59.05)                       PUT(ENABLED)
   DEFPRTY(0)                              DEFPSIST(NO)
   SCOPE(QMGR)                             DEFBIND(OPEN)
   TYPE(QREMOTE)                        
AMQ8409: Display Queue details.
   DESCR(Flux PlanWide - Em)               RNAME(FOSPW.DATAR)
   RQMNAME(MXRGPQPW)                       XMITQ(MXRGPQPW)
   CLUSTER( )                              CLUSNL( )
   QUEUE(QR.FOSPW.DATAR)                   ALTDATE(2024-03-12)
   ALTTIME(11.14.45)                       PUT(ENABLED)
   DEFPRTY(0)                              DEFPSIST(NO)
   SCOPE(QMGR)                             DEFBIND(OPEN)
   TYPE(QREMOTE)                        
AMQ8409: Display Queue details.
   DESCR(QR.FOSPW.RQQUALRetour des Acquittements)
   RNAME(FOSPW.RQQUALR)                    RQMNAME(MXRGPQPW)
   XMITQ(MXRGPQPW)                         CLUSTER( )
   CLUSNL( )                               QUEUE(QR.FOSPW.RQQUALR)
   ALTDATE(2024-03-12)                     ALTTIME(11.15.17)
   PUT(ENABLED)                            DEFPRTY(0)
   DEFPSIST(NO)                            SCOPE(QMGR)
   DEFBIND(OPEN)                           TYPE(QREMOTE)
AMQ8409: Display Queue details.
   DESCR(Flux ECD 500)                     RNAME(860730.RECD500)
   RQMNAME(QDIC)                           XMITQ(QDIC)
   CLUSTER( )                              CLUSNL( )
   QUEUE(QR.FOSR.SIC.EECD500)              ALTDATE(2026-03-20)
   ALTTIME(09.56.23)                       PUT(ENABLED)
   DEFPRTY(0)                              DEFPSIST(NO)
   SCOPE(QMGR)                             DEFBIND(OPEN)
   TYPE(QREMOTE)                        
AMQ8409: Display Queue details.
   DESCR(Recette Lot 1MDI SIC on Line)     RNAME(QDIC.QL.SICFOS.LEGX)
   RQMNAME(QDIC)                           XMITQ(QDIC)
   CLUSTER( )                              CLUSNL( )
   QUEUE(QR.TDM.SIC.LEG1.001)              ALTDATE(2019-11-19)
   ALTTIME(15.14.39)                       PUT(ENABLED)
   DEFPRTY(0)                              DEFPSIST(NO)
   SCOPE(QMGR)                             DEFBIND(OPEN)
   TYPE(QREMOTE)                        
AMQ8409: Display Queue details.
   DESCR( )                                RNAME( )
   RQMNAME( )                              XMITQ( )
   CLUSTER( )                              CLUSNL( )
   QUEUE(SYSTEM.DEFAULT.REMOTE.QUEUE)      ALTDATE(2018-01-10)
   ALTTIME(10.58.28)                       PUT(ENABLED)
   DEFPRTY(0)                              DEFPSIST(NO)
   SCOPE(QMGR)                             DEFBIND(OPEN)
   TYPE(QREMOTE)                        
MQSC >DISPLAY QMODEL(*) ALL
     6 : DISPLAY QMODEL(*) ALL
AMQ8409: Display Queue details.
   DESCR(WebSphere MQ Default Model Queue)
   PROCESS( )                              BOQNAME( )
   INITQ( )                                TRIGDATA( )
   QUEUE(SYSTEM.DEFAULT.MODEL.QUEUE)       CRDATE(2018-01-10)
   CRTIME(10.58.28)                        ALTDATE(2018-01-10)
   ALTTIME(10.58.28)                       GET(ENABLED)
   PUT(ENABLED)                            DEFPRTY(0)
   DEFPSIST(NO)                            MAXDEPTH(5000)
   MAXMSGL(4194304)                        BOTHRESH(0)
   NOSHARE                                 DEFSOPT(EXCL)
   HARDENBO                                MSGDLVSQ(PRIORITY)
   RETINTVL(999999999)                     USAGE(NORMAL)
   NOTRIGGER                               TRIGTYPE(FIRST)
   TRIGDPTH(1)                             TRIGMPRI(0)
   QDEPTHHI(80)                            QDEPTHLO(20)
   QDPMAXEV(ENABLED)                       QDPHIEV(DISABLED)
   QDPLOEV(DISABLED)                       QSVCINT(999999999)
   QSVCIEV(NONE)                           DISTL(NO)
   NPMCLASS(NORMAL)                        DEFTYPE(TEMPDYN)
   TYPE(QMODEL)                         
AMQ8409: Display Queue details.
   DESCR(Queue model pour test mqexplorer)
   PROCESS( )                              BOQNAME( )
   INITQ( )                                TRIGDATA( )
   QUEUE(SYSTEM.MQEXPLORER.REPLY.MODEL)    CRDATE(2025-12-04)
   CRTIME(10.18.13)                        ALTDATE(2025-12-04)
   ALTTIME(10.18.13)                       GET(ENABLED)
   PUT(ENABLED)                            DEFPRTY(0)
   DEFPSIST(NO)                            MAXDEPTH(5000)
   MAXMSGL(4194304)                        BOTHRESH(0)
   NOSHARE                                 DEFSOPT(EXCL)
   HARDENBO                                MSGDLVSQ(PRIORITY)
   RETINTVL(999999999)                     USAGE(NORMAL)
   NOTRIGGER                               TRIGTYPE(FIRST)
   TRIGDPTH(1)                             TRIGMPRI(0)
   QDEPTHHI(80)                            QDEPTHLO(20)
   QDPMAXEV(ENABLED)                       QDPHIEV(DISABLED)
   QDPLOEV(DISABLED)                       QSVCINT(999999999)
   QSVCIEV(NONE)                           DISTL(NO)
   NPMCLASS(NORMAL)                        DEFTYPE(TEMPDYN)
   TYPE(QMODEL)                         
AMQ8409: Display Queue details.
   DESCR(WebSphere MQ MQSC Reply Queue)    PROCESS( )
   BOQNAME( )                              INITQ( )
   TRIGDATA( )                             QUEUE(SYSTEM.MQSC.REPLY.QUEUE)
   CRDATE(2018-01-10)                      CRTIME(10.58.28)
   ALTDATE(2018-01-10)                     ALTTIME(10.58.28)
   GET(ENABLED)                            PUT(ENABLED)
   DEFPRTY(0)                              DEFPSIST(NO)
   MAXDEPTH(3000)                          MAXMSGL(9000)
   BOTHRESH(0)                             NOSHARE
   DEFSOPT(EXCL)                           HARDENBO
   MSGDLVSQ(PRIORITY)                      RETINTVL(999999999)
   USAGE(NORMAL)                           NOTRIGGER
   TRIGTYPE(NONE)                          TRIGDPTH(1)
   TRIGMPRI(0)                             QDEPTHHI(80)
   QDEPTHLO(20)                            QDPMAXEV(ENABLED)
   QDPHIEV(DISABLED)                       QDPLOEV(DISABLED)
   QSVCINT(999999999)                      QSVCIEV(NONE)
   DISTL(NO)                               NPMCLASS(NORMAL)
   DEFTYPE(TEMPDYN)                        TYPE(QMODEL)
MQSC >DISPLAY CHANNEL(*) ALL
     7 : DISPLAY CHANNEL(*) ALL
AMQ8414: Display Channel details.
   CHANNEL(CH.MQSG.MT03)                   CHLTYPE(RCVR)
   TRPTYPE(TCP)                            DESCR( )
   BATCHSZ(50)                             SCYEXIT( )
   SEQWRAP(999999999)                      MAXMSGL(4194304)
   PUTAUT(DEF)                             SCYDATA( )
   MREXIT( )                               MRDATA( )
   MRRTY(10)                               MRTMR(1000)
   HBINT(300)                              NPMSPEED(FAST)
   SSLCIPH( )                              SSLCAUTH(REQUIRED)
   KAINT(AUTO)                             MCAUSER( )
   ALTDATE(2025-01-23)                     ALTTIME(11.50.09)
   SSLPEER()                            
   MSGEXIT( )                           
   SENDEXIT( )                          
   RCVEXIT( )                           
   MSGDATA( )                           
   SENDDATA( )                          
   RCVDATA( )                           
AMQ8414: Display Channel details.
   CHANNEL(CH.MT03.MQSG)                   CHLTYPE(SDR)
   TRPTYPE(TCP)                            DESCR( )
   XMITQ(MQSG)                             MCANAME( )
   MODENAME( )                             TPNAME( )
   BATCHSZ(50)                             DISCINT(0)
   SHORTRTY(10)                            SHORTTMR(60)
   LONGRTY(999999999)                      LONGTMR(1200)
   SCYEXIT( )                              SEQWRAP(999999999)
   MAXMSGL(4194304)                        CONVERT(YES)
   SCYDATA( )                              USERID( )
   PASSWORD( )                             MCATYPE(PROCESS)
   CONNAME(fos1.host.appliarmony.net(1415))
   HBINT(300)                              BATCHINT(0)
   NPMSPEED(FAST)                          SSLCIPH( )
   BATCHHB(0)                              LOCLADDR( )
   KAINT(AUTO)                             MCAUSER( )
   ALTDATE(2025-01-23)                     ALTTIME(11.50.09)
   SSLPEER()                            
   MSGEXIT( )                           
   SENDEXIT( )                          
   RCVEXIT( )                           
   MSGDATA( )                           
   SENDDATA( )                          
   RCVDATA( )                           
AMQ8414: Display Channel details.
   CHANNEL(CH.SVRCONN.ETXT)                CHLTYPE(SVRCONN)
   TRPTYPE(TCP)                            DESCR( )
   SCYEXIT( )                              MAXMSGL(4194304)
   SCYDATA( )                              HBINT(300)
   SSLCIPH( )                              SSLCAUTH(REQUIRED)
   KAINT(AUTO)                             MCAUSER( )
   ALTDATE(2018-01-10)                     ALTTIME(10.59.08)
   SSLPEER()                            
   SENDEXIT( )                          
   RCVEXIT( )                           
   SENDDATA( )                          
   RCVDATA( )                           
AMQ8414: Display Channel details.
   CHANNEL(CH.SVRCONN.PGB)                 CHLTYPE(SVRCONN)
   TRPTYPE(TCP)                            DESCR( )
   SCYEXIT( )                              MAXMSGL(4194304)
   SCYDATA( )                              HBINT(300)
   SSLCIPH( )                              SSLCAUTH(REQUIRED)
   KAINT(AUTO)                             MCAUSER( )
   ALTDATE(2018-01-10)                     ALTTIME(10.59.08)
   SSLPEER()                            
   SENDEXIT( )                          
   RCVEXIT( )                           
   SENDDATA( )                          
   RCVDATA( )                           
AMQ8414: Display Channel details.
   CHANNEL(CH.SVRCONN.PGB2)                CHLTYPE(SVRCONN)
   TRPTYPE(TCP)                            DESCR(Gestio)
   SCYEXIT( )                              MAXMSGL(4194304)
   SCYDATA( )                              HBINT(300)
   SSLCIPH( )                              SSLCAUTH(REQUIRED)
   KAINT(AUTO)                             MCAUSER( )
   ALTDATE(2018-01-10)                     ALTTIME(10.59.08)
   SSLPEER()                            
   SENDEXIT( )                          
   RCVEXIT( )                           
   SENDDATA( )                          
   RCVDATA( )                           
AMQ8414: Display Channel details.
   CHANNEL(CH.SVRCONN.PMAD)                CHLTYPE(SVRCONN)
   TRPTYPE(TCP)                            DESCR( )
   SCYEXIT( )                              MAXMSGL(4194304)
   SCYDATA( )                              HBINT(300)
   SSLCIPH( )                              SSLCAUTH(REQUIRED)
   KAINT(AUTO)                             MCAUSER( )
   ALTDATE(2018-01-10)                     ALTTIME(10.59.08)
   SSLPEER()                            
   SENDEXIT( )                          
   RCVEXIT( )                           
   SENDDATA( )                          
   RCVDATA( )                           
AMQ8414: Display Channel details.
   CHANNEL(CH.SVRCONN.POSTECOR)            CHLTYPE(SVRCONN)
   TRPTYPE(TCP)                            DESCR( )
   SCYEXIT( )                              MAXMSGL(4194304)
   SCYDATA( )                              HBINT(300)
   SSLCIPH( )                              SSLCAUTH(REQUIRED)
   KAINT(AUTO)                             MCAUSER( )
   ALTDATE(2018-01-10)                     ALTTIME(10.59.09)
   SSLPEER()                            
   SENDEXIT( )                          
   RCVEXIT( )                           
   SENDDATA( )                          
   RCVDATA( )                           
AMQ8414: Display Channel details.
   CHANNEL(CH.SVRCONN.SI48H)               CHLTYPE(SVRCONN)
   TRPTYPE(TCP)                            DESCR( )
   SCYEXIT( )                              MAXMSGL(4194304)
   SCYDATA( )                              HBINT(300)
   SSLCIPH( )                              SSLCAUTH(REQUIRED)
   KAINT(AUTO)                             MCAUSER( )
   ALTDATE(2018-01-10)                     ALTTIME(10.59.09)
   SSLPEER()                            
   SENDEXIT( )                          
   RCVEXIT( )                           
   SENDDATA( )                          
   RCVDATA( )                           
AMQ8414: Display Channel details.
   CHANNEL(CH.SVRCONN.TEPROUV)             CHLTYPE(SVRCONN)
   TRPTYPE(TCP)                            DESCR( )
   SCYEXIT( )                              MAXMSGL(4194304)
   SCYDATA( )                              HBINT(300)
   SSLCIPH( )                              SSLCAUTH(REQUIRED)
   KAINT(AUTO)                             MCAUSER( )
   ALTDATE(2018-01-10)                     ALTTIME(10.59.09)
   SSLPEER()                            
   SENDEXIT( )                          
   RCVEXIT( )                           
   SENDDATA( )                          
   RCVDATA( )                           
AMQ8414: Display Channel details.
   CHANNEL(CH.SVRCONN.TRACTION)            CHLTYPE(SVRCONN)
   TRPTYPE(TCP)                            DESCR( )
   SCYEXIT( )                              MAXMSGL(4194304)
   SCYDATA( )                              HBINT(300)
   SSLCIPH( )                              SSLCAUTH(REQUIRED)
   KAINT(AUTO)                             MCAUSER( )
   ALTDATE(2018-01-10)                     ALTTIME(10.59.09)
   SSLPEER()                            
   SENDEXIT( )                          
   RCVEXIT( )                           
   SENDDATA( )                          
   RCVDATA( )                           
AMQ8414: Display Channel details.
   CHANNEL(MNDFLUNT.CH.MT03)               CHLTYPE(RCVR)
   TRPTYPE(TCP)                            DESCR( )
   BATCHSZ(50)                             SCYEXIT( )
   SEQWRAP(999999999)                      MAXMSGL(4194304)
   PUTAUT(DEF)                             SCYDATA( )
   MREXIT( )                               MRDATA( )
   MRRTY(10)                               MRTMR(1000)
   HBINT(300)                              NPMSPEED(FAST)
   SSLCIPH( )                              SSLCAUTH(REQUIRED)
   KAINT(AUTO)                             MCAUSER( )
   ALTDATE(2018-01-10)                     ALTTIME(10.59.09)
   SSLPEER()                            
   MSGEXIT( )                           
   SENDEXIT( )                          
   RCVEXIT( )                           
   MSGDATA( )                           
   SENDDATA( )                          
   RCVDATA( )                           
AMQ8414: Display Channel details.
   CHANNEL(MNDFOIN2.CH.CLIENTS)            CHLTYPE(SVRCONN)
   TRPTYPE(TCP)                            DESCR( )
   SCYEXIT( )                              MAXMSGL(4194304)
   SCYDATA( )                              HBINT(300)
   SSLCIPH( )                              SSLCAUTH(REQUIRED)
   KAINT(AUTO)                             MCAUSER(NOBODY)
   ALTDATE(2018-01-10)                     ALTTIME(10.59.09)
   SSLPEER()                            
   SENDEXIT( )                          
   RCVEXIT( )                           
   SENDDATA( )                          
   RCVDATA( )                           
AMQ8414: Display Channel details.
   CHANNEL(MNDINTA1.CH.MT03)               CHLTYPE(RCVR)
   TRPTYPE(TCP)                            DESCR( )
   BATCHSZ(50)                             SCYEXIT( )
   SEQWRAP(999999999)                      MAXMSGL(4194304)
   PUTAUT(DEF)                             SCYDATA( )
   MREXIT( )                               MRDATA( )
   MRRTY(10)                               MRTMR(1000)
   HBINT(300)                              NPMSPEED(FAST)
   SSLCIPH( )                              SSLCAUTH(REQUIRED)
   KAINT(AUTO)                             MCAUSER( )
   ALTDATE(2018-01-10)                     ALTTIME(10.59.09)
   SSLPEER()                            
   MSGEXIT( )                           
   SENDEXIT( )                          
   RCVEXIT( )                           
   MSGDATA( )                           
   SENDDATA( )                          
   RCVDATA( )                           
AMQ8414: Display Channel details.
   CHANNEL(MNPADMFO.CH.MT03)               CHLTYPE(RCVR)
   TRPTYPE(TCP)                            DESCR( )
   BATCHSZ(50)                             SCYEXIT( )
   SEQWRAP(999999999)                      MAXMSGL(4194304)
   PUTAUT(DEF)                             SCYDATA( )
   MREXIT( )                               MRDATA( )
   MRRTY(10)                               MRTMR(1000)
   HBINT(300)                              NPMSPEED(FAST)
   SSLCIPH( )                              SSLCAUTH(REQUIRED)
   KAINT(AUTO)                             MCAUSER( )
   ALTDATE(2018-06-22)                     ALTTIME(11.44.44)
   SSLPEER()                            
   MSGEXIT( )                           
   SENDEXIT( )                          
   RCVEXIT( )                           
   MSGDATA( )                           
   SENDDATA( )                          
   RCVDATA( )                           
AMQ8414: Display Channel details.
   CHANNEL(MSRS.CH.MT03)                   CHLTYPE(RCVR)
   TRPTYPE(TCP)                            DESCR( )
   BATCHSZ(50)                             SCYEXIT( )
   SEQWRAP(999999999)                      MAXMSGL(4194304)
   PUTAUT(DEF)                             SCYDATA( )
   MREXIT( )                               MRDATA( )
   MRRTY(10)                               MRTMR(1000)
   HBINT(300)                              NPMSPEED(FAST)
   SSLCIPH( )                              SSLCAUTH(REQUIRED)
   KAINT(AUTO)                             MCAUSER( )
   ALTDATE(2018-01-10)                     ALTTIME(10.59.09)
   SSLPEER()                            
   MSGEXIT( )                           
   SENDEXIT( )                          
   RCVEXIT( )                           
   MSGDATA( )                           
   SENDDATA( )                          
   RCVDATA( )                           
AMQ8414: Display Channel details.
   CHANNEL(MT03.CH.MNDINTA1)               CHLTYPE(SDR)
   TRPTYPE(TCP)                            DESCR( )
   XMITQ(MNDINTA1)                         MCANAME( )
   MODENAME( )                             TPNAME( )
   BATCHSZ(50)                             DISCINT(6000)
   SHORTRTY(10)                            SHORTTMR(60)
   LONGRTY(999999999)                      LONGTMR(1200)
   SCYEXIT( )                              SEQWRAP(999999999)
   MAXMSGL(4194304)                        CONVERT(YES)
   SCYDATA( )                              USERID( )
   PASSWORD( )                             MCATYPE(PROCESS)
   CONNAME(150.39.43.3(1416))              HBINT(300)
   BATCHINT(0)                             NPMSPEED(FAST)
   SSLCIPH( )                              BATCHHB(0)
   LOCLADDR( )                             KAINT(AUTO)
   MCAUSER( )                              ALTDATE(2018-01-10)
   ALTTIME(10.59.09)                       SSLPEER()
   MSGEXIT( )                           
   SENDEXIT( )                          
   RCVEXIT( )                           
   MSGDATA( )                           
   SENDDATA( )                          
   RCVDATA( )                           
AMQ8414: Display Channel details.
   CHANNEL(MT03.CH.MNPADMFO)               CHLTYPE(SDR)
   TRPTYPE(TCP)                            DESCR( )
   XMITQ(MNPADMFO)                         MCANAME( )
   MODENAME( )                             TPNAME( )
   BATCHSZ(50)                             DISCINT(6000)
   SHORTRTY(10)                            SHORTTMR(60)
   LONGRTY(999999999)                      LONGTMR(1200)
   SCYEXIT( )                              SEQWRAP(999999999)
   MAXMSGL(4194304)                        CONVERT(YES)
   SCYDATA( )                              USERID( )
   PASSWORD( )                             MCATYPE(PROCESS)
   CONNAME(SUD-SUP-MQSER01(1416))          HBINT(300)
   BATCHINT(0)                             NPMSPEED(FAST)
   SSLCIPH( )                              BATCHHB(0)
   LOCLADDR( )                             KAINT(AUTO)
   MCAUSER( )                              ALTDATE(2025-03-25)
   ALTTIME(08.25.33)                       SSLPEER()
   MSGEXIT( )                           
   SENDEXIT( )                          
   RCVEXIT( )                           
   MSGDATA( )                           
   SENDDATA( )                          
   RCVDATA( )                           
AMQ8414: Display Channel details.
   CHANNEL(MT03.CH.MSRS)                   CHLTYPE(SDR)
   TRPTYPE(TCP)                            DESCR( )
   XMITQ(MSRS)                             MCANAME( )
   MODENAME( )                             TPNAME( )
   BATCHSZ(50)                             DISCINT(6000)
   SHORTRTY(10)                            SHORTTMR(60)
   LONGRTY(999999999)                      LONGTMR(1200)
   SCYEXIT( )                              SEQWRAP(999999999)
   MAXMSGL(4194304)                        CONVERT(YES)
   SCYDATA( )                              USERID( )
   PASSWORD( )                             MCATYPE(PROCESS)
   CONNAME(fos1.host.appliarmony.net(1416))
   HBINT(300)                              BATCHINT(0)
   NPMSPEED(FAST)                          SSLCIPH( )
   BATCHHB(0)                              LOCLADDR( )
   KAINT(AUTO)                             MCAUSER( )
   ALTDATE(2018-01-10)                     ALTTIME(10.59.10)
   SSLPEER()                            
   MSGEXIT( )                           
   SENDEXIT( )                          
   RCVEXIT( )                           
   MSGDATA( )                           
   SENDDATA( )                          
   RCVDATA( )                           
AMQ8414: Display Channel details.
   CHANNEL(MT03.CH.MXRGPQPW)               CHLTYPE(SDR)
   TRPTYPE(TCP)                            DESCR( )
   XMITQ(MXRGPQPW)                         MCANAME( )
   MODENAME( )                             TPNAME( )
   BATCHSZ(50)                             DISCINT(0)
   SHORTRTY(10)                            SHORTTMR(60)
   LONGRTY(999999999)                      LONGTMR(1200)
   SCYEXIT( )                              SEQWRAP(999999999)
   MAXMSGL(4194304)                        CONVERT(YES)
   SCYDATA( )                              USERID( )
   PASSWORD( )                             MCATYPE(PROCESS)
   CONNAME(s-afe-mqs-cint1.europe.mittalco.com(14124))
   HBINT(300)                              BATCHINT(0)
   NPMSPEED(FAST)                          SSLCIPH( )
   BATCHHB(0)                              LOCLADDR( )
   KAINT(AUTO)                             MCAUSER( )
   ALTDATE(2024-09-23)                     ALTTIME(15.30.01)
   SSLPEER()                            
   MSGEXIT( )                           
   SENDEXIT( )                          
   RCVEXIT( )                           
   MSGDATA( )                           
   SENDDATA( )                          
   RCVDATA( )                           
AMQ8414: Display Channel details.
   CHANNEL(MT03.CH.QDIC)                   CHLTYPE(SDR)
   TRPTYPE(TCP)                            DESCR( )
   XMITQ(QDIC)                             MCANAME( )
   MODENAME( )                             TPNAME( )
   BATCHSZ(50)                             DISCINT(0)
   SHORTRTY(10)                            SHORTTMR(60)
   LONGRTY(999999999)                      LONGTMR(1200)
   SCYEXIT( )                              SEQWRAP(999999999)
   MAXMSGL(4194304)                        CONVERT(YES)
   SCYDATA( )                              USERID( )
   PASSWORD( )                             MCATYPE(PROCESS)
   CONNAME(194.4.118.115(1415))            HBINT(300)
   BATCHINT(0)                             NPMSPEED(FAST)
   SSLCIPH( )                              BATCHHB(0)
   LOCLADDR( )                             KAINT(AUTO)
   MCAUSER( )                              ALTDATE(2026-03-20)
   ALTTIME(10.10.16)                       SSLPEER()
   MSGEXIT( )                           
   SENDEXIT( )                          
   RCVEXIT( )                           
   MSGDATA( )                           
   SENDDATA( )                          
   RCVDATA( )                           
AMQ8414: Display Channel details.
   CHANNEL(MXRGPQPW.CH.MT03)               CHLTYPE(RCVR)
   TRPTYPE(TCP)                            DESCR(Reception de MXRGPQPW)
   BATCHSZ(50)                             SCYEXIT( )
   SEQWRAP(999999999)                      MAXMSGL(4194304)
   PUTAUT(DEF)                             SCYDATA( )
   MREXIT( )                               MRDATA( )
   MRRTY(10)                               MRTMR(1000)
   HBINT(300)                              NPMSPEED(FAST)
   SSLCIPH( )                              SSLCAUTH(REQUIRED)
   KAINT(AUTO)                             MCAUSER( )
   ALTDATE(2024-09-23)                     ALTTIME(16.40.45)
   SSLPEER()                            
   MSGEXIT( )                           
   SENDEXIT( )                          
   RCVEXIT( )                           
   MSGDATA( )                           
   SENDDATA( )                          
   RCVDATA( )                           
AMQ8414: Display Channel details.
   CHANNEL(QDIC.CH.MT03)                   CHLTYPE(RCVR)
   TRPTYPE(TCP)                            DESCR(Reception des ECD500)
   BATCHSZ(50)                             SCYEXIT( )
   SEQWRAP(999999999)                      MAXMSGL(4194304)
   PUTAUT(DEF)                             SCYDATA( )
   MREXIT( )                               MRDATA( )
   MRRTY(10)                               MRTMR(1000)
   HBINT(300)                              NPMSPEED(FAST)
   SSLCIPH( )                              SSLCAUTH(REQUIRED)
   KAINT(AUTO)                             MCAUSER( )
   ALTDATE(2026-03-10)                     ALTTIME(15.16.45)
   SSLPEER()                            
   MSGEXIT( )                           
   SENDEXIT( )                          
   RCVEXIT( )                           
   MSGDATA( )                           
   SENDDATA( )                          
   RCVDATA( )                           
AMQ8414: Display Channel details.
   CHANNEL(SYSTEM.AUTO.RECEIVER)           CHLTYPE(RCVR)
   TRPTYPE(TCP)                            DESCR(Auto-defined by)
   BATCHSZ(50)                             SCYEXIT( )
   SEQWRAP(999999999)                      MAXMSGL(4194304)
   PUTAUT(DEF)                             SCYDATA( )
   MREXIT( )                               MRDATA( )
   MRRTY(10)                               MRTMR(1000)
   HBINT(300)                              NPMSPEED(FAST)
   SSLCIPH( )                              SSLCAUTH(REQUIRED)
   KAINT(AUTO)                             MCAUSER( )
   ALTDATE(2018-01-10)                     ALTTIME(10.58.29)
   SSLPEER()                            
   MSGEXIT( )                           
   SENDEXIT( )                          
   RCVEXIT( )                           
   MSGDATA( )                           
   SENDDATA( )                          
   RCVDATA( )                           
AMQ8414: Display Channel details.
   CHANNEL(SYSTEM.AUTO.SVRCONN)            CHLTYPE(SVRCONN)
   TRPTYPE(TCP)                            DESCR(Auto-defined by)
   SCYEXIT( )                              MAXMSGL(4194304)
   SCYDATA( )                              HBINT(300)
   SSLCIPH( )                              SSLCAUTH(REQUIRED)
   KAINT(AUTO)                             MCAUSER( )
   ALTDATE(2018-01-10)                     ALTTIME(10.58.29)
   SSLPEER()                            
   SENDEXIT( )                          
   RCVEXIT( )                           
   SENDDATA( )                          
   RCVDATA( )                           
AMQ8414: Display Channel details.
   CHANNEL(SYSTEM.DEF.CLUSRCVR)            CHLTYPE(CLUSRCVR)
   TRPTYPE(TCP)                            DESCR( )
   MCANAME( )                              MODENAME( )
   TPNAME( )                               BATCHSZ(50)
   DISCINT(6000)                           SHORTRTY(10)
   SHORTTMR(60)                            LONGRTY(999999999)
   LONGTMR(1200)                           SCYEXIT( )
   SEQWRAP(999999999)                      MAXMSGL(4194304)
   PUTAUT(DEF)                             CONVERT(NO)
   SCYDATA( )                              MCATYPE(THREAD)
   CONNAME( )                              MREXIT( )
   MRDATA( )                               MRRTY(10)
   MRTMR(1000)                             HBINT(300)
   BATCHINT(0)                             NPMSPEED(FAST)
   NETPRTY(0)                              SSLCIPH( )
   SSLCAUTH(REQUIRED)                      BATCHHB(0)
   LOCLADDR( )                             KAINT(AUTO)
   MCAUSER( )                              CLUSTER( )
   CLUSNL()                                ALTDATE(2018-01-10)
   ALTTIME(10.58.29)                       SSLPEER()
   MSGEXIT( )                           
   SENDEXIT( )                          
   RCVEXIT( )                           
   MSGDATA( )                           
   SENDDATA( )                          
   RCVDATA( )                           
AMQ8414: Display Channel details.
   CHANNEL(SYSTEM.DEF.CLUSSDR)             CHLTYPE(CLUSSDR)
   TRPTYPE(TCP)                            DESCR( )
   MCANAME( )                              MODENAME( )
   TPNAME( )                               BATCHSZ(50)
   DISCINT(6000)                           SHORTRTY(10)
   SHORTTMR(60)                            LONGRTY(999999999)
   LONGTMR(1200)                           SCYEXIT( )
   SEQWRAP(999999999)                      MAXMSGL(4194304)
   CONVERT(NO)                             SCYDATA( )
   USERID( )                               PASSWORD( )
   MCATYPE(THREAD)                         CONNAME( )
   HBINT(300)                              BATCHINT(0)
   NPMSPEED(FAST)                          SSLCIPH( )
   BATCHHB(0)                              LOCLADDR( )
   KAINT(AUTO)                             MCAUSER( )
   CLUSTER( )                              CLUSNL()
   ALTDATE(2018-01-10)                     ALTTIME(10.58.29)
   SSLPEER()                            
   MSGEXIT( )                           
   SENDEXIT( )                          
   RCVEXIT( )                           
   MSGDATA( )                           
   SENDDATA( )                          
   RCVDATA( )                           
AMQ8414: Display Channel details.
   CHANNEL(SYSTEM.DEF.RECEIVER)            CHLTYPE(RCVR)
   TRPTYPE(TCP)                            DESCR( )
   BATCHSZ(50)                             SCYEXIT( )
   SEQWRAP(999999999)                      MAXMSGL(4194304)
   PUTAUT(DEF)                             SCYDATA( )
   MREXIT( )                               MRDATA( )
   MRRTY(10)                               MRTMR(1000)
   HBINT(300)                              NPMSPEED(FAST)
   SSLCIPH( )                              SSLCAUTH(REQUIRED)
   KAINT(AUTO)                             MCAUSER( )
   ALTDATE(2018-01-10)                     ALTTIME(10.58.29)
   SSLPEER()                            
   MSGEXIT( )                           
   SENDEXIT( )                          
   RCVEXIT( )                           
   MSGDATA( )                           
   SENDDATA( )                          
   RCVDATA( )                           
AMQ8414: Display Channel details.
   CHANNEL(SYSTEM.DEF.REQUESTER)           CHLTYPE(RQSTR)
   TRPTYPE(TCP)                            DESCR( )
   MCANAME( )                              MODENAME( )
   TPNAME( )                               BATCHSZ(50)
   SCYEXIT( )                              SEQWRAP(999999999)
   MAXMSGL(4194304)                        PUTAUT(DEF)
   SCYDATA( )                              USERID( )
   PASSWORD( )                             MCATYPE(PROCESS)
   CONNAME( )                              MREXIT( )
   MRDATA( )                               MRRTY(10)
   MRTMR(1000)                             HBINT(300)
   NPMSPEED(FAST)                          SSLCIPH( )
   SSLCAUTH(REQUIRED)                      LOCLADDR( )
   KAINT(AUTO)                             MCAUSER( )
   ALTDATE(2018-01-10)                     ALTTIME(10.58.29)
   SSLPEER()                            
   MSGEXIT( )                           
   SENDEXIT( )                          
   RCVEXIT( )                           
   MSGDATA( )                           
   SENDDATA( )                          
   RCVDATA( )                           
AMQ8414: Display Channel details.
   CHANNEL(SYSTEM.DEF.SENDER)              CHLTYPE(SDR)
   TRPTYPE(TCP)                            DESCR( )
   XMITQ( )                                MCANAME( )
   MODENAME( )                             TPNAME( )
   BATCHSZ(50)                             DISCINT(6000)
   SHORTRTY(10)                            SHORTTMR(60)
   LONGRTY(999999999)                      LONGTMR(1200)
   SCYEXIT( )                              SEQWRAP(999999999)
   MAXMSGL(4194304)                        CONVERT(NO)
   SCYDATA( )                              USERID( )
   PASSWORD( )                             MCATYPE(PROCESS)
   CONNAME( )                              HBINT(300)
   BATCHINT(0)                             NPMSPEED(FAST)
   SSLCIPH( )                              BATCHHB(0)
   LOCLADDR( )                             KAINT(AUTO)
   MCAUSER( )                              ALTDATE(2018-01-10)
   ALTTIME(10.58.29)                       SSLPEER()
   MSGEXIT( )                           
   SENDEXIT( )                          
   RCVEXIT( )                           
   MSGDATA( )                           
   SENDDATA( )                          
   RCVDATA( )                           
AMQ8414: Display Channel details.
   CHANNEL(SYSTEM.DEF.SERVER)              CHLTYPE(SVR)
   TRPTYPE(TCP)                            DESCR( )
   XMITQ( )                                MCANAME( )
   MODENAME( )                             TPNAME( )
   BATCHSZ(50)                             DISCINT(6000)
   SHORTRTY(10)                            SHORTTMR(60)
   LONGRTY(999999999)                      LONGTMR(1200)
   SCYEXIT( )                              SEQWRAP(999999999)
   MAXMSGL(4194304)                        CONVERT(NO)
   SCYDATA( )                              USERID( )
   PASSWORD( )                             MCATYPE(PROCESS)
   CONNAME( )                              HBINT(300)
   BATCHINT(0)                             NPMSPEED(FAST)
   SSLCIPH( )                              SSLCAUTH(REQUIRED)
   BATCHHB(0)                              LOCLADDR( )
   KAINT(AUTO)                             MCAUSER( )
   ALTDATE(2018-01-10)                     ALTTIME(10.58.29)
   SSLPEER()                            
   MSGEXIT( )                           
   SENDEXIT( )                          
   RCVEXIT( )                           
   MSGDATA( )                           
   SENDDATA( )                          
   RCVDATA( )                           
AMQ8414: Display Channel details.
   CHANNEL(SYSTEM.DEF.SVRCONN)             CHLTYPE(SVRCONN)
   TRPTYPE(TCP)                            DESCR( )
   SCYEXIT( )                              MAXMSGL(4194304)
   SCYDATA( )                              HBINT(300)
   SSLCIPH( )                              SSLCAUTH(REQUIRED)
   KAINT(AUTO)                             MCAUSER( )
   ALTDATE(2018-01-10)                     ALTTIME(10.58.29)
   SSLPEER()                            
   SENDEXIT( )                          
   RCVEXIT( )                           
   SENDDATA( )                          
   RCVDATA( )                           
AMQ8414: Display Channel details.
   CHANNEL(WEBMQ.CH.CLIENTS)               CHLTYPE(SVRCONN)
   TRPTYPE(TCP)                            DESCR( )
   SCYEXIT( )                              MAXMSGL(4194304)
   SCYDATA( )                              HBINT(300)
   SSLCIPH( )                              SSLCAUTH(REQUIRED)
   KAINT(AUTO)                             MCAUSER( )
   ALTDATE(2018-01-10)                     ALTTIME(10.59.10)
   SSLPEER()                            
   SENDEXIT( )                          
   RCVEXIT( )                           
   SENDDATA( )                          
   RCVDATA( )                           
AMQ8414: Display Channel details.
   CHANNEL(SYSTEM.DEF.CLNTCONN)            CHLTYPE(CLNTCONN)
   TRPTYPE(TCP)                            DESCR( )
   QMNAME( )                               MODENAME( )
   TPNAME( )                               SCYEXIT( )
   MAXMSGL(4194304)                        SCYDATA( )
   USERID( )                               PASSWORD( )
   CONNAME( )                              HBINT(300)
   SSLCIPH( )                              LOCLADDR( )
   KAINT(AUTO)                             ALTDATE(2018-01-10)
   ALTTIME(10.58.29)                       SSLPEER()
   SENDEXIT( )                          
   RCVEXIT( )                           
   SENDDATA( )                          
   RCVDATA( )                           
MQSC >DISPLAY PROCESS(*) ALL
     8 : DISPLAY PROCESS(*) ALL
AMQ8407: Display Process details.
   DESCR( )                                APPLICID( )
   USERDATA(MT03.CH.MNDINTA1)              ENVRDATA( )
   PROCESS(PR.MT03.MNDINTA1)               ALTDATE(2018-01-10)
   ALTTIME(10.59.06)                       APPLTYPE(NSK)
AMQ8407: Display Process details.
   DESCR( )                                APPLICID( )
   USERDATA(MT03.CH.MNPADMFO)              ENVRDATA( )
   PROCESS(PR.MT03.MNPADMFO)               ALTDATE(2018-01-10)
   ALTTIME(10.59.06)                       APPLTYPE(NSK)
AMQ8407: Display Process details.
   DESCR( )                                APPLICID( )
   USERDATA(CH.MT03.MQSG)                  ENVRDATA( )
   PROCESS(PR.MT03.MQSG)                   ALTDATE(2018-01-10)
   ALTTIME(10.59.06)                       APPLTYPE(NSK)
AMQ8407: Display Process details.
   DESCR( )                                APPLICID( )
   USERDATA(MT03.CH.MXRGPQPW)              ENVRDATA( )
   PROCESS(PR.MT03.MSPQPWR)                ALTDATE(2024-02-27)
   ALTTIME(16.02.09)                       APPLTYPE(NSK)
AMQ8407: Display Process details.
   DESCR( )                                APPLICID( )
   USERDATA(MT03.CH.QDIC)                  ENVRDATA( )
   PROCESS(PR.MT03.QDIC)                   ALTDATE(2018-01-10)
   ALTTIME(10.59.06)                       APPLTYPE(NSK)
AMQ8407: Display Process details.
   DESCR( )                                APPLICID( )
   USERDATA( )                             ENVRDATA( )
   PROCESS(SYSTEM.DEFAULT.PROCESS)         ALTDATE(2018-01-10)
   ALTTIME(10.58.28)                       APPLTYPE(NSK)
MQSC >DISPLAY NAMELIST(*) ALL
     9 : DISPLAY NAMELIST(*) ALL
AMQ8550: Display namelist details.
   DESCR( )                             
   NAMES()                                 ALTDATE(2018-01-10)
   ALTTIME(10.58.29)                       NAMELIST(SYSTEM.DEFAULT.NAMELIST)
   NAMCOUNT(0)                          
MQSC >

================================ OV Log End ==================================
                           Tue Sep 15 14:36:49 2026
==============================================================================

