

================================ OV Log Start ================================
                           Tue Sep 15 14:37:27 2026
==============================================================================

DISPLAY QMGR ALL
     3 : DISPLAY QMGR ALL
AMQ8408: Display Queue Manager details.
   QMNAME(MT03)                            ACCTCONO(DISABLED)
   ACCTINT(1800)                           ACCTMQI(OFF)
   ACCTQ(OFF)                              ACTIVREC(MSG)
   ACTVCONO(DISABLED)                      ACTVTRC(OFF)
   ALTDATE(2026-09-02)                     ALTTIME(16.51.23)
   AUTHOREV(DISABLED)                      CCSID(819)
   CERTLABL( )                             CERTVPOL(RFC5280)
   CHAD(DISABLED)                          CHADEV(DISABLED)
   CHADEXIT( )                             CHLEV(DISABLED)
   CHLAUTH(DISABLED)                       CLWLDATA( )
   CLWLEXIT( )                             CLWLLEN(100)
   CLWLMRUC(999999999)                     CLWLUSEQ(LOCAL)
   CMDEV(DISABLED)                         CMDLEVEL(800)
   COMMANDQ(SYSTEM.ADMIN.COMMAND.QUEUE)    CONFIGEV(DISABLED)
   CONNAUTH( )                             CRDATE(2026-06-22)
   CRTIME(16.15.54)                        CUSTOM( )
   DEADQ(MT03.DEAD.QUEUE)                  DEFCLXQ(SCTQ)
   DEFXMITQ( )                             DESCR( )
   DISTL(YES)                              INHIBTEV(DISABLED)
   IPADDRV(IPV4)                           LOCALEV(DISABLED)
   LOGGEREV(DISABLED)                      MARKINT(5000)
   MAXHANDS(256)                           MAXMSGL(4194304)
   MAXPROPL(NOLIMIT)                       MAXPRTY(9)
   MAXUMSGS(10000)                         MONACLS(QMGR)
   MONCHL(OFF)                             MONQ(OFF)
   PARENT( )                               PERFMEV(DISABLED)
   PLATFORM(NSK)                           PSMODE(ENABLED)
   PSCLUS(ENABLED)                         PSNPMSG(DISCARD)
   PSNPRES(NORMAL)                         PSRTYCNT(5)
   PSSYNCPT(IFPER)                         QMID(MT03_2026-06-22_16.15.54)
   REMOTEEV(DISABLED)                      REPOS( )
   REPOSNL( )                              REVDNS(ENABLED)
   ROUTEREC(MSG)                           SCHINIT(QMGR)
   SCMDSERV(QMGR)                          SPLCAP(DISABLED)
   SSLCRLNL( )                             SSLCRYP( )
   SSLEV(DISABLED)                         SSLFIPS(NO)
   SSLKEYR(/home/ibm/mqv8/var/mqm/qmgrs/MT03/ssl)
   SSLRKEYC(0)                             STATACLS(QMGR)
   STATCHL(OFF)                            STATINT(1800)
   STATMQI(OFF)                            STATQ(OFF)
   STRSTPEV(ENABLED)                       SUITEB(NONE)
   SYNCPT                                  TREELIFE(1800)
   TRIGINT(999999999)                      VERSION(08010030)
   XRCAP(NO)                            
MQSC > DISPLAY QLOCAL(*) ALL
     4 : DISPLAY QLOCAL(*) ALL
AMQ8409: Display Queue details.
   QUEUE(MNDFLUNT)                         TYPE(QLOCAL)
   ACCTQ(QMGR)                             ALTDATE(2026-06-22)
   ALTTIME(16.30.19)                       BOQNAME( )
   BOTHRESH(0)                             CLUSNL( )
   CLUSTER( )                              CLCHNAME( )
   CLWLPRTY(0)                             CLWLRANK(0)
   CLWLUSEQ(QMGR)                          CRDATE(2026-06-22)
   CRTIME(16.30.19)                        CURDEPTH(0)
   CUSTOM( )                               DEFBIND(OPEN)
   DEFPRTY(0)                              DEFPSIST(YES)
   DEFPRESP(SYNC)                          DEFREADA(NO)
   DEFSOPT(SHARED)                         DEFTYPE(PREDEFINED)
   DESCR(NOR-DEV-SYB02)                    DISTL(NO)
   GET(ENABLED)                            HARDENBO
   INITQ( )                                IPPROCS(0)
   MAXDEPTH(5000)                          MAXMSGL(4194304)
   MONQ(QMGR)                              MSGDLVSQ(PRIORITY)
   NOTRIGGER                               NPMCLASS(NORMAL)
   OPPROCS(0)                              PROCESS( )
   PUT(ENABLED)                            PROPCTL(COMPAT)
   QDEPTHHI(80)                            QDEPTHLO(20)
   QDPHIEV(DISABLED)                       QDPLOEV(DISABLED)
   QDPMAXEV(ENABLED)                       QSVCIEV(NONE)
   QSVCINT(999999999)                      RETINTVL(999999999)
   SCOPE(QMGR)                             SHARE
   STATQ(QMGR)                             TRIGDATA( )
   TRIGDPTH(1)                             TRIGMPRI(0)
   TRIGTYPE(FIRST)                         USAGE(NORMAL)
AMQ8409: Display Queue details.
   QUEUE(MNDFLUNT_FO.QL.TDMMTR.00000001)   TYPE(QLOCAL)
   ACCTQ(QMGR)                             ALTDATE(2026-06-22)
   ALTTIME(16.30.19)                       BOQNAME( )
   BOTHRESH(0)                             CLUSNL( )
   CLUSTER( )                              CLCHNAME( )
   CLWLPRTY(0)                             CLWLRANK(0)
   CLWLUSEQ(QMGR)                          CRDATE(2026-06-22)
   CRTIME(16.30.19)                        CURDEPTH(0)
   CUSTOM( )                               DEFBIND(OPEN)
   DEFPRTY(0)                              DEFPSIST(NO)
   DEFPRESP(SYNC)                          DEFREADA(NO)
   DEFSOPT(SHARED)                         DEFTYPE(PREDEFINED)
   DESCR(Machine Traction)                 DISTL(NO)
   GET(ENABLED)                            HARDENBO
   INITQ( )                                IPPROCS(1)
   MAXDEPTH(5000)                          MAXMSGL(4194304)
   MONQ(QMGR)                              MSGDLVSQ(PRIORITY)
   NOTRIGGER                               NPMCLASS(NORMAL)
   OPPROCS(0)                              PROCESS( )
   PUT(ENABLED)                            PROPCTL(COMPAT)
   QDEPTHHI(80)                            QDEPTHLO(20)
   QDPHIEV(DISABLED)                       QDPLOEV(DISABLED)
   QDPMAXEV(ENABLED)                       QSVCIEV(NONE)
   QSVCINT(999999999)                      RETINTVL(999999999)
   SCOPE(QMGR)                             SHARE
   STATQ(QMGR)                             TRIGDATA( )
   TRIGDPTH(1)                             TRIGMPRI(0)
   TRIGTYPE(FIRST)                         USAGE(NORMAL)
AMQ8409: Display Queue details.
   QUEUE(MNDFOIN01_FO.QL.GCGNT.AVAL01)     TYPE(QLOCAL)
   ACCTQ(QMGR)                             ALTDATE(2026-06-22)
   ALTTIME(16.30.19)                       BOQNAME( )
   BOTHRESH(0)                             CLUSNL( )
   CLUSTER( )                              CLCHNAME( )
   CLWLPRTY(0)                             CLWLRANK(0)
   CLWLUSEQ(QMGR)                          CRDATE(2026-06-22)
   CRTIME(16.30.19)                        CURDEPTH(0)
   CUSTOM( )                               DEFBIND(OPEN)
   DEFPRTY(0)                              DEFPSIST(NO)
   DEFPRESP(SYNC)                          DEFREADA(NO)
   DEFSOPT(SHARED)                         DEFTYPE(PREDEFINED)
   DESCR(P.Abadie)                         DISTL(NO)
   GET(ENABLED)                            HARDENBO
   INITQ( )                                IPPROCS(0)
   MAXDEPTH(5000)                          MAXMSGL(4194304)
   MONQ(QMGR)                              MSGDLVSQ(PRIORITY)
   NOTRIGGER                               NPMCLASS(NORMAL)
   OPPROCS(0)                              PROCESS( )
   PUT(ENABLED)                            PROPCTL(COMPAT)
   QDEPTHHI(80)                            QDEPTHLO(20)
   QDPHIEV(DISABLED)                       QDPLOEV(DISABLED)
   QDPMAXEV(ENABLED)                       QSVCIEV(NONE)
   QSVCINT(999999999)                      RETINTVL(999999999)
   SCOPE(QMGR)                             SHARE
   STATQ(QMGR)                             TRIGDATA( )
   TRIGDPTH(1)                             TRIGMPRI(0)
   TRIGTYPE(FIRST)                         USAGE(NORMAL)
AMQ8409: Display Queue details.
   QUEUE(MNDFOIN01_FO.QL.GCGNT.BATCH01)    TYPE(QLOCAL)
   ACCTQ(QMGR)                             ALTDATE(2026-06-22)
   ALTTIME(16.30.19)                       BOQNAME( )
   BOTHRESH(0)                             CLUSNL( )
   CLUSTER( )                              CLCHNAME( )
   CLWLPRTY(0)                             CLWLRANK(0)
   CLWLUSEQ(QMGR)                          CRDATE(2026-06-22)
   CRTIME(16.30.19)                        CURDEPTH(0)
   CUSTOM( )                               DEFBIND(OPEN)
   DEFPRTY(0)                              DEFPSIST(NO)
   DEFPRESP(SYNC)                          DEFREADA(NO)
   DEFSOPT(SHARED)                         DEFTYPE(PREDEFINED)
   DESCR(P.Abadie)                         DISTL(NO)
   GET(ENABLED)                            HARDENBO
   INITQ( )                                IPPROCS(0)
   MAXDEPTH(5000)                          MAXMSGL(4194304)
   MONQ(QMGR)                              MSGDLVSQ(PRIORITY)
   NOTRIGGER                               NPMCLASS(NORMAL)
   OPPROCS(0)                              PROCESS( )
   PUT(ENABLED)                            PROPCTL(COMPAT)
   QDEPTHHI(80)                            QDEPTHLO(20)
   QDPHIEV(DISABLED)                       QDPLOEV(DISABLED)
   QDPMAXEV(ENABLED)                       QSVCIEV(NONE)
   QSVCINT(999999999)                      RETINTVL(999999999)
   SCOPE(QMGR)                             SHARE
   STATQ(QMGR)                             TRIGDATA( )
   TRIGDPTH(1)                             TRIGMPRI(0)
   TRIGTYPE(FIRST)                         USAGE(NORMAL)
AMQ8409: Display Queue details.
   QUEUE(MNDFOIN01_FO.QL.GCGNT.INF01)      TYPE(QLOCAL)
   ACCTQ(QMGR)                             ALTDATE(2026-06-22)
   ALTTIME(16.30.20)                       BOQNAME( )
   BOTHRESH(0)                             CLUSNL( )
   CLUSTER( )                              CLCHNAME( )
   CLWLPRTY(0)                             CLWLRANK(0)
   CLWLUSEQ(QMGR)                          CRDATE(2026-06-22)
   CRTIME(16.30.20)                        CURDEPTH(0)
   CUSTOM( )                               DEFBIND(OPEN)
   DEFPRTY(0)                              DEFPSIST(NO)
   DEFPRESP(SYNC)                          DEFREADA(NO)
   DEFSOPT(SHARED)                         DEFTYPE(PREDEFINED)
   DESCR(JM.Bayle)                         DISTL(NO)
D   GET(ENABLED)                            HARDENBO
   INITQ( )                                IPPROCS(0)
   MAXDEPTH(5000)                          MAXMSGL(4194304)
   MONQ(QMGR)                              MSGDLVSQ(PRIORITY)
   NOTRIGGER                               NPMCLASS(NORMAL)
   OPPROCS(0)                              PROCESS( )
   PUT(ENABLED)                            PROPCTL(COMPAT)
   QDEPTHHI(80)                            QDEPTHLO(20)
   QDPHIEV(DISABLED)                       QDPLOEV(DISABLED)
   QDPMAXEV(ENABLED)                       QSVCIEV(NONE)
   QSVCINT(999999999)                      RETINTVL(999999999)
   SCOPE(QMGR)                             SHARE
   STATQ(QMGR)                             TRIGDATA( )
   TRIGDPTH(1)                             TRIGMPRI(0)
   TRIGTYPE(FIRST)                         USAGE(NORMAL)
AMQ8409: Display Queue details.
   QUEUE(MNDFOIN01_FO.QL.GCGNT.RAVAL01)    TYPE(QLOCAL)
   ACCTQ(QMGR)                             ALTDATE(2026-06-22)
   ALTTIME(16.30.20)                       BOQNAME( )
   BOTHRESH(0)                             CLUSNL( )
   CLUSTER( )                              CLCHNAME( )
   CLWLPRTY(0)                             CLWLRANK(0)
   CLWLUSEQ(QMGR)                          CRDATE(2026-06-22)
   CRTIME(16.30.20)                        CURDEPTH(0)
   CUSTOM( )                               DEFBIND(OPEN)
   DEFPRTY(0)                              DEFPSIST(NO)
   DEFPRESP(SYNC)                          DEFREADA(NO)
   DEFSOPT(SHARED)                         DEFTYPE(PREDEFINED)
   DESCR(P.Abadie)                         DISTL(NO)
   GET(ENABLED)                            HARDENBO
   INITQ( )                                IPPROCS(0)
   MAXDEPTH(5000)                          MAXMSGL(4194304)
   MONQ(QMGR)                              MSGDLVSQ(PRIORITY)
   NOTRIGGER                               NPMCLASS(NORMAL)
   OPPROCS(0)                              PROCESS( )
   PUT(ENABLED)                            PROPCTL(COMPAT)
   QDEPTHHI(80)                            QDEPTHLO(20)
   QDPHIEV(DISABLED)                       QDPLOEV(DISABLED)
   QDPMAXEV(ENABLED)                       QSVCIEV(NONE)
   QSVCINT(999999999)                      RETINTVL(999999999)
   SCOPE(QMGR)                             SHARE
   STATQ(QMGR)                             TRIGDATA( )
   TRIGDPTH(1)                             TRIGMPRI(0)
   TRIGTYPE(FIRST)                         USAGE(NORMAL)
ISPLAY QALIAS(*) ALL
AMQ8409: Display Queue details.
   QUEUE(MNDFOIN01_FO.QL.GCGNT.RBATCH01)   TYPE(QLOCAL)
   ACCTQ(QMGR)                             ALTDATE(2026-06-22)
   ALTTIME(16.30.20)                       BOQNAME( )
   BOTHRESH(0)                             CLUSNL( )
   CLUSTER( )                              CLCHNAME( )
   CLWLPRTY(0)                             CLWLRANK(0)
   CLWLUSEQ(QMGR)                          CRDATE(2026-06-22)
   CRTIME(16.30.20)                        CURDEPTH(0)
   CUSTOM( )                               DEFBIND(OPEN)
   DEFPRTY(0)                              DEFPSIST(NO)
   DEFPRESP(SYNC)                          DEFREADA(NO)
   DEFSOPT(SHARED)                         DEFTYPE(PREDEFINED)
   DESCR(P.Abadie)                         DISTL(NO)
   GET(ENABLED)                            HARDENBO
   INITQ( )                                IPPROCS(0)
   MAXDEPTH(5000)                          MAXMSGL(4194304)
   MONQ(QMGR)                              MSGDLVSQ(PRIORITY)
   NOTRIGGER                               NPMCLASS(NORMAL)
   OPPROCS(0)                              PROCESS( )
   PUT(ENABLED)                            PROPCTL(COMPAT)
   QDEPTHHI(80)                            QDEPTHLO(20)
   QDPHIEV(DISABLED)                       QDPLOEV(DISABLED)
   QDPMAXEV(ENABLED)                       QSVCIEV(NONE)
   QSVCINT(999999999)                      RETINTVL(999999999)
   SCOPE(QMGR)                             SHARE
   STATQ(QMGR)                             TRIGDATA( )
   TRIGDPTH(1)                             TRIGMPRI(0)
   TRIGTYPE(FIRST)                         USAGE(NORMAL)
AMQ8409: Display Queue details.
   QUEUE(MNDFOIN01_FO.QL.GCGNT.RINF01)     TYPE(QLOCAL)
   ACCTQ(QMGR)                             ALTDATE(2026-06-22)
   ALTTIME(16.30.20)                       BOQNAME( )
   BOTHRESH(0)                             CLUSNL( )
   CLUSTER( )                              CLCHNAME( )
   CLWLPRTY(0)                             CLWLRANK(0)
   CLWLUSEQ(QMGR)                          CRDATE(2026-06-22)
   CRTIME(16.30.20)                        CURDEPTH(0)
   CUSTOM( )                               DEFBIND(OPEN)
   DEFPRTY(0)                              DEFPSIST(NO)
   DEFPRESP(SYNC)                          DEFREADA(NO)
   DEFSOPT(SHARED)                         DEFTYPE(PREDEFINED)
   DESCR(JM.Bayle)                         DISTL(NO)
   GET(ENABLED)                            HARDENBO
   INITQ( )                                IPPROCS(0)
   MAXDEPTH(5000)                          MAXMSGL(4194304)
   MONQ(QMGR)                              MSGDLVSQ(PRIORITY)
   NOTRIGGER                               NPMCLASS(NORMAL)
   OPPROCS(0)                              PROCESS( )
   PUT(ENABLED)                            PROPCTL(COMPAT)
   QDEPTHHI(80)                            QDEPTHLO(20)
   QDPHIEV(DISABLED)                       QDPLOEV(DISABLED)
   QDPMAXEV(ENABLED)                       QSVCIEV(NONE)
   QSVCINT(999999999)                      RETINTVL(999999999)
   SCOPE(QMGR)                             SHARE
   STATQ(QMGR)                             TRIGDATA( )
   TRIGDPTH(1)                             TRIGMPRI(0)
   TRIGTYPE(FIRST)                         USAGE(NORMAL)
AMQ8409: Display Queue details.
   QUEUE(MNDFOIN01_FO.QL.GCGNT.RSCORPION01)
   TYPE(QLOCAL)                            ACCTQ(QMGR)
   ALTDATE(2026-06-22)                     ALTTIME(16.30.20)
   BOQNAME( )                              BOTHRESH(0)
   CLUSNL( )                               CLUSTER( )
   CLCHNAME( )                             CLWLPRTY(0)
   CLWLRANK(0)                             CLWLUSEQ(QMGR)
   CRDATE(2026-06-22)                      CRTIME(16.30.20)
   CURDEPTH(0)                             CUSTOM( )
   DEFBIND(OPEN)                           DEFPRTY(0)
   DEFPSIST(NO)                            DEFPRESP(SYNC)
   DEFREADA(NO)                            DEFSOPT(SHARED)
   DEFTYPE(PREDEFINED)                     DESCR(P.Abadie)
   DISTL(NO)                               GET(ENABLED)
   HARDENBO                                INITQ( )
   IPPROCS(0)                              MAXDEPTH(5000)
   MAXMSGL(4194304)                        MONQ(QMGR)
   MSGDLVSQ(PRIORITY)                      NOTRIGGER
   NPMCLASS(NORMAL)                        OPPROCS(0)
   PROCESS( )                              PUT(ENABLED)
   PROPCTL(COMPAT)                         QDEPTHHI(80)
   QDEPTHLO(20)                            QDPHIEV(DISABLED)
   QDPLOEV(DISABLED)                       QDPMAXEV(ENABLED)
   QSVCIEV(NONE)                           QSVCINT(999999999)
   RETINTVL(999999999)                     SCOPE(QMGR)
   SHARE                                   STATQ(QMGR)
   TRIGDATA( )                             TRIGDPTH(1)
   TRIGMPRI(0)                             TRIGTYPE(FIRST)
   USAGE(NORMAL)                        
AMQ8409: Display Queue details.
   QUEUE(MNDFOIN01_FO.QL.GCGNT.RSCP01)     TYPE(QLOCAL)
   ACCTQ(QMGR)                             ALTDATE(2026-06-22)
   ALTTIME(16.30.20)                       BOQNAME( )
   BOTHRESH(0)                             CLUSNL( )
   CLUSTER( )                              CLCHNAME( )
   CLWLPRTY(0)                             CLWLRANK(0)
   CLWLUSEQ(QMGR)                          CRDATE(2026-06-22)
   CRTIME(16.30.20)                        CURDEPTH(0)
   CUSTOM( )                               DEFBIND(OPEN)
   DEFPRTY(0)                              DEFPSIST(NO)
   DEFPRESP(SYNC)                          DEFREADA(NO)
   DEFSOPT(SHARED)                         DEFTYPE(PREDEFINED)
   DESCR(P.Abadie)                         DISTL(NO)
   GET(ENABLED)                            HARDENBO
   INITQ( )                                IPPROCS(0)
   MAXDEPTH(5000)                          MAXMSGL(4194304)
   MONQ(QMGR)                              MSGDLVSQ(PRIORITY)
   NOTRIGGER                               NPMCLASS(NORMAL)
   OPPROCS(0)                              PROCESS( )
   PUT(ENABLED)                            PROPCTL(COMPAT)
   QDEPTHHI(80)                            QDEPTHLO(20)
   QDPHIEV(DISABLED)                       QDPLOEV(DISABLED)
   QDPMAXEV(ENABLED)                       QSVCIEV(NONE)
   QSVCINT(999999999)                      RETINTVL(999999999)
   SCOPE(QMGR)                             SHARE
   STATQ(QMGR)                             TRIGDATA( )
   TRIGDPTH(1)                             TRIGMPRI(0)
   TRIGTYPE(FIRST)                         USAGE(NORMAL)
AMQ8409: Display Queue details.
   QUEUE(MNDFOIN01_FO.QL.GCGNT.SCORPION01)
   TYPE(QLOCAL)                            ACCTQ(QMGR)
   ALTDATE(2026-06-22)                     ALTTIME(16.30.20)
   BOQNAME( )                              BOTHRESH(0)
   CLUSNL( )                               CLUSTER( )
   CLCHNAME( )                             CLWLPRTY(0)
   CLWLRANK(0)                             CLWLUSEQ(QMGR)
   CRDATE(2026-06-22)                      CRTIME(16.30.20)
   CURDEPTH(0)                             CUSTOM( )
   DEFBIND(OPEN)                           DEFPRTY(0)
   DEFPSIST(NO)                            DEFPRESP(SYNC)
   DEFREADA(NO)                            DEFSOPT(SHARED)
   DEFTYPE(PREDEFINED)                     DESCR(P.Abadie)
   DISTL(NO)                               GET(ENABLED)
   HARDENBO                                INITQ( )
   IPPROCS(0)                              MAXDEPTH(5000)
   MAXMSGL(4194304)                        MONQ(QMGR)
   MSGDLVSQ(PRIORITY)                      NOTRIGGER
   NPMCLASS(NORMAL)                        OPPROCS(0)
   PROCESS( )                              PUT(ENABLED)
   PROPCTL(COMPAT)                         QDEPTHHI(80)
   QDEPTHLO(20)                            QDPHIEV(DISABLED)
   QDPLOEV(DISABLED)                       QDPMAXEV(ENABLED)
   QSVCIEV(NONE)                           QSVCINT(999999999)
   RETINTVL(999999999)                     SCOPE(QMGR)
   SHARE                                   STATQ(QMGR)
   TRIGDATA( )                             TRIGDPTH(1)
   TRIGMPRI(0)                             TRIGTYPE(FIRST)
   USAGE(NORMAL)                        
AMQ8409: Display Queue details.
   QUEUE(MNDFOIN01_FO.QL.GCGNT.SCP01)      TYPE(QLOCAL)
   ACCTQ(QMGR)                             ALTDATE(2026-06-22)
   ALTTIME(16.30.20)                       BOQNAME( )
   BOTHRESH(0)                             CLUSNL( )
   CLUSTER( )                              CLCHNAME( )
   CLWLPRTY(0)                             CLWLRANK(0)
DISPLAY QREMOTE(*) ALL
   CLWLUSEQ(QMGR)                          CRDATE(2026-06-22)
   CRTIME(16.30.20)                        CURDEPTH(0)
   CUSTOM( )                               DEFBIND(OPEN)
   DEFPRTY(0)                              DEFPSIST(NO)
   DEFPRESP(SYNC)                          DEFREADA(NO)
   DEFSOPT(SHARED)                         DEFTYPE(PREDEFINED)
   DESCR(P.Abadie)                         DISTL(NO)
   GET(ENABLED)                            HARDENBO
   INITQ( )                                IPPROCS(0)
   MAXDEPTH(5000)                          MAXMSGL(4194304)
   MONQ(QMGR)                              MSGDLVSQ(PRIORITY)
   NOTRIGGER                               NPMCLASS(NORMAL)
   OPPROCS(0)                              PROCESS( )
   PUT(ENABLED)                            PROPCTL(COMPAT)
   QDEPTHHI(80)                            QDEPTHLO(20)
   QDPHIEV(DISABLED)                       QDPLOEV(DISABLED)
   QDPMAXEV(ENABLED)                       QSVCIEV(NONE)
   QSVCINT(999999999)                      RETINTVL(999999999)
   SCOPE(QMGR)                             SHARE
   STATQ(QMGR)                             TRIGDATA( )
   TRIGDPTH(1)                             TRIGMPRI(0)
   TRIGTYPE(FIRST)                         USAGE(NORMAL)
AMQ8409: Display Queue details.
   QUEUE(MNDFOIN2_FO.QL.GCGNT.GTDM001)     TYPE(QLOCAL)
   ACCTQ(QMGR)                             ALTDATE(2026-06-22)
   ALTTIME(16.30.20)                       BOQNAME( )
   BOTHRESH(0)                             CLUSNL( )
   CLUSTER( )                              CLCHNAME( )
   CLWLPRTY(0)                             CLWLRANK(0)
   CLWLUSEQ(QMGR)                          CRDATE(2026-06-22)
   CRTIME(16.30.20)                        CURDEPTH(0)
   CUSTOM( )                               DEFBIND(OPEN)
   DEFPRTY(0)                              DEFPSIST(NO)
   DEFPRESP(SYNC)                          DEFREADA(NO)
   DEFSOPT(SHARED)                         DEFTYPE(PREDEFINED)
   DESCR(P.Abadie)                         DISTL(NO)
   GET(ENABLED)                            HARDENBO
   INITQ( )                                IPPROCS(0)
   MAXDEPTH(5000)                          MAXMSGL(4194304)
   MONQ(QMGR)                              MSGDLVSQ(PRIORITY)
   NOTRIGGER                               NPMCLASS(NORMAL)
   OPPROCS(0)                              PROCESS( )
   PUT(ENABLED)                            PROPCTL(COMPAT)
   QDEPTHHI(80)                            QDEPTHLO(20)
   QDPHIEV(DISABLED)                       QDPLOEV(DISABLED)
   QDPMAXEV(ENABLED)                       QSVCIEV(NONE)
   QSVCINT(999999999)                      RETINTVL(999999999)
   SCOPE(QMGR)                             SHARE
   STATQ(QMGR)                             TRIGDATA( )
   TRIGDPTH(1)                             TRIGMPRI(0)
   TRIGTYPE(FIRST)                         USAGE(NORMAL)
AMQ8409: Display Queue details.
   QUEUE(MNDFOIN2_FO.QR.GCGNT.GTDM001)     TYPE(QLOCAL)
   ACCTQ(QMGR)                             ALTDATE(2026-06-22)
   ALTTIME(16.30.20)                       BOQNAME( )
   BOTHRESH(0)                             CLUSNL( )
   CLUSTER( )                              CLCHNAME( )
   CLWLPRTY(0)                             CLWLRANK(0)
   CLWLUSEQ(QMGR)                          CRDATE(2026-06-22)
   CRTIME(16.30.20)                        CURDEPTH(0)
   CUSTOM( )                               DEFBIND(OPEN)
   DEFPRTY(0)                              DEFPSIST(NO)
   DEFPRESP(SYNC)                          DEFREADA(NO)
   DEFSOPT(SHARED)                         DEFTYPE(PREDEFINED)
   DESCR(Reponse QL QR Poste GP)           DISTL(NO)
   GET(ENABLED)                            HARDENBO
   INITQ( )                                IPPROCS(0)
   MAXDEPTH(5000)                          MAXMSGL(4194304)
   MONQ(QMGR)                              MSGDLVSQ(PRIORITY)
   NOTRIGGER                               NPMCLASS(NORMAL)
   OPPROCS(0)                              PROCESS( )
   PUT(ENABLED)                            PROPCTL(COMPAT)
   QDEPTHHI(80)                            QDEPTHLO(20)
   QDPHIEV(DISABLED)                       QDPLOEV(DISABLED)
   QDPMAXEV(ENABLED)                       QSVCIEV(NONE)
   QSVCINT(999999999)                      RETINTVL(999999999)
   SCOPE(QMGR)                             SHARE
   STATQ(QMGR)                             TRIGDATA( )
   TRIGDPTH(1)                             TRIGMPRI(0)
   TRIGTYPE(FIRST)                         USAGE(NORMAL)
AMQ8409: Display Queue details.
   QUEUE(MNDFOPAO1.QL.MTL.001)             TYPE(QLOCAL)
   ACCTQ(QMGR)                             ALTDATE(2026-06-22)
   ALTTIME(16.30.20)                       BOQNAME( )
   BOTHRESH(0)                             CLUSNL( )
   CLUSTER( )                              CLCHNAME( )
   CLWLPRTY(0)                             CLWLRANK(0)
   CLWLUSEQ(QMGR)                          CRDATE(2026-06-22)
   CRTIME(16.30.20)                        CURDEPTH(0)
   CUSTOM( )                               DEFBIND(OPEN)
   DEFPRTY(0)                              DEFPSIST(NO)
   DEFPRESP(SYNC)                          DEFREADA(NO)
   DEFSOPT(SHARED)                         DEFTYPE(PREDEFINED)
   DESCR(Machine Traction)                 DISTL(NO)
   GET(ENABLED)                            HARDENBO
   INITQ( )                                IPPROCS(0)
   MAXDEPTH(5000)                          MAXMSGL(4194304)
   MONQ(QMGR)                              MSGDLVSQ(PRIORITY)
   NOTRIGGER                               NPMCLASS(NORMAL)
   OPPROCS(0)                              PROCESS( )
   PUT(ENABLED)                            PROPCTL(COMPAT)
   QDEPTHHI(80)                            QDEPTHLO(20)
   QDPHIEV(DISABLED)                       QDPLOEV(DISABLED)
   QDPMAXEV(ENABLED)                       QSVCIEV(NONE)
   QSVCINT(999999999)                      RETINTVL(999999999)
   SCOPE(QMGR)                             SHARE
   STATQ(QMGR)                             TRIGDATA( )
   TRIGDPTH(1)                             TRIGMPRI(0)
   TRIGTYPE(FIRST)                         USAGE(NORMAL)
AMQ8409: Display Queue details.
   QUEUE(MNDINTA1)                         TYPE(QLOCAL)
   ACCTQ(QMGR)                             ALTDATE(2026-06-22)
   ALTTIME(16.30.21)                       BOQNAME( )
   BOTHRESH(0)                             CLUSNL( )
   CLUSTER( )                              CLCHNAME( )
   CLWLPRTY(0)                             CLWLRANK(0)
   CLWLUSEQ(QMGR)                          CRDATE(2026-06-22)
   CRTIME(16.30.21)                        CURDEPTH(0)
   CUSTOM( )                               DEFBIND(OPEN)
   DEFPRTY(0)                              DEFPSIST(NO)
   DEFPRESP(SYNC)                          DEFREADA(NO)
   DEFSOPT(SHARED)                         DEFTYPE(PREDEFINED)
   DESCR(Vers NT ` Florange)               DISTL(NO)
   GET(DISABLED)                           HARDENBO
   INITQ( )                                IPPROCS(0)
   MAXDEPTH(5000)                          MAXMSGL(4194304)
   MONQ(QMGR)                              MSGDLVSQ(PRIORITY)
   NOTRIGGER                               NPMCLASS(NORMAL)
   OPPROCS(0)                              PROCESS( )
   PUT(ENABLED)                            PROPCTL(COMPAT)
   QDEPTHHI(80)                            QDEPTHLO(20)
   QDPHIEV(DISABLED)                       QDPLOEV(DISABLED)
   QDPMAXEV(ENABLED)                       QSVCIEV(NONE)
   QSVCINT(999999999)                      RETINTVL(999999999)
   SCOPE(QMGR)                             SHARE
   STATQ(QMGR)                             TRIGDATA( )
   TRIGDPTH(1)                             TRIGMPRI(0)
   TRIGTYPE(FIRST)                         USAGE(NORMAL)
AMQ8409: Display Queue details.
   QUEUE(MNPADMFO)                         TYPE(QLOCAL)
   ACCTQ(QMGR)                             ALTDATE(2026-06-22)
   ALTTIME(16.30.21)                       BOQNAME( )
   BOTHRESH(0)                             CLUSNL( )
   CLUSTER( )                              CLCHNAME( )
   CLWLPRTY(0)                             CLWLRANK(0)
   CLWLUSEQ(QMGR)                          CRDATE(2026-06-22)
DISPLAY QMODEL(*) ALL
DISPLAY CHANNEL(*) ALL
   CRTIME(16.30.21)                        CURDEPTH(0)
   CUSTOM( )                               DEFBIND(OPEN)
   DEFPRTY(0)                              DEFPSIST(YES)
   DEFPRESP(SYNC)                          DEFREADA(NO)
   DEFSOPT(SHARED)                         DEFTYPE(PREDEFINED)
   DESCR(Vers DK)                          DISTL(NO)
   GET(DISABLED)                           HARDENBO
   INITQ( )                                IPPROCS(0)
   MAXDEPTH(5000)                          MAXMSGL(4194304)
   MONQ(QMGR)                              MSGDLVSQ(PRIORITY)
   NOTRIGGER                               NPMCLASS(NORMAL)
   OPPROCS(0)                              PROCESS( )
   PUT(ENABLED)                            PROPCTL(COMPAT)
   QDEPTHHI(80)                            QDEPTHLO(20)
   QDPHIEV(DISABLED)                       QDPLOEV(DISABLED)
   QDPMAXEV(ENABLED)                       QSVCIEV(NONE)
   QSVCINT(999999999)                      RETINTVL(999999999)
   SCOPE(QMGR)                             SHARE
   STATQ(QMGR)                             TRIGDATA( )
   TRIGDPTH(1)                             TRIGMPRI(0)
   TRIGTYPE(FIRST)                         USAGE(XMITQ)
AMQ8409: Display Queue details.
   QUEUE(MQSG)                             TYPE(QLOCAL)
   ACCTQ(QMGR)                             ALTDATE(2026-08-28)
   ALTTIME(17.28.09)                       BOQNAME( )
   BOTHRESH(0)                             CLUSNL( )
   CLUSTER( )                              CLCHNAME( )
   CLWLPRTY(0)                             CLWLRANK(0)
   CLWLUSEQ(QMGR)                          CRDATE(2026-06-22)
   CRTIME(16.30.21)                        CURDEPTH(0)
   CUSTOM( )                               DEFBIND(OPEN)
   DEFPRTY(0)                              DEFPSIST(YES)
   DEFPRESP(SYNC)                          DEFREADA(NO)
   DEFSOPT(SHARED)                         DEFTYPE(PREDEFINED)
   DESCR(RECETTE SIRIUS)                   DISTL(NO)
   GET(ENABLED)                            HARDENBO
   INITQ(SYSTEM.CHANNEL.INITQ)             IPPROCS(1)
   MAXDEPTH(5000)                          MAXMSGL(4194304)
   MONQ(MEDIUM)                            MSGDLVSQ(PRIORITY)
   TRIGGER                                 NPMCLASS(NORMAL)
   OPPROCS(1)                              PROCESS( )
   PUT(ENABLED)                            PROPCTL(COMPAT)
   QDEPTHHI(80)                            QDEPTHLO(20)
   QDPHIEV(DISABLED)                       QDPLOEV(DISABLED)
   QDPMAXEV(ENABLED)                       QSVCIEV(NONE)
   QSVCINT(999999999)                      RETINTVL(999999999)
   SCOPE(QMGR)                             SHARE
   STATQ(QMGR)                             TRIGDATA( )
   TRIGDPTH(1)                             TRIGMPRI(0)
   TRIGTYPE(FIRST)                         USAGE(XMITQ)
AMQ8409: Display Queue details.
   QUEUE(MQSG_FO.QL.GNSU1.IT)              TYPE(QLOCAL)
   ACCTQ(QMGR)                             ALTDATE(2026-06-22)
   ALTTIME(16.30.21)                       BOQNAME( )
   BOTHRESH(0)                             CLUSNL( )
   CLUSTER( )                              CLCHNAME( )
   CLWLPRTY(0)                             CLWLRANK(0)
   CLWLUSEQ(QMGR)                          CRDATE(2026-06-22)
   CRTIME(16.30.21)                        CURDEPTH(0)
   CUSTOM( )                               DEFBIND(OPEN)
   DEFPRTY(0)                              DEFPSIST(YES)
   DEFPRESP(SYNC)                          DEFREADA(NO)
   DEFSOPT(SHARED)                         DEFTYPE(PREDEFINED)
   DESCR(Flux GNSU1-IT)                    DISTL(NO)
   GET(ENABLED)                            HARDENBO
   INITQ( )                                IPPROCS(0)
   MAXDEPTH(30000)                         MAXMSGL(4194304)
   MONQ(QMGR)                              MSGDLVSQ(PRIORITY)
   NOTRIGGER                               NPMCLASS(NORMAL)
   OPPROCS(0)                              PROCESS( )
   PUT(ENABLED)                            PROPCTL(COMPAT)
   QDEPTHHI(80)                            QDEPTHLO(20)
   QDPHIEV(DISABLED)                       QDPLOEV(DISABLED)
   QDPMAXEV(ENABLED)                       QSVCIEV(NONE)
   QSVCINT(999999999)                      RETINTVL(999999999)
   SCOPE(QMGR)                             SHARE
   STATQ(QMGR)                             TRIGDATA( )
   TRIGDPTH(1)                             TRIGMPRI(0)
   TRIGTYPE(FIRST)                         USAGE(NORMAL)
AMQ8409: Display Queue details.
   QUEUE(MQSG_FO.QL.GNSU2.IT)              TYPE(QLOCAL)
   ACCTQ(QMGR)                             ALTDATE(2026-06-22)
   ALTTIME(16.30.21)                       BOQNAME( )
   BOTHRESH(0)                             CLUSNL( )
   CLUSTER( )                              CLCHNAME( )
   CLWLPRTY(0)                             CLWLRANK(0)
   CLWLUSEQ(QMGR)                          CRDATE(2026-06-22)
   CRTIME(16.30.21)                        CURDEPTH(0)
   CUSTOM( )                               DEFBIND(OPEN)
   DEFPRTY(0)                              DEFPSIST(YES)
   DEFPRESP(SYNC)                          DEFREADA(NO)
   DEFSOPT(SHARED)                         DEFTYPE(PREDEFINED)
   DESCR(Flux GNSU2-IT)                    DISTL(NO)
   GET(ENABLED)                            HARDENBO
   INITQ( )                                IPPROCS(0)
   MAXDEPTH(30000)                         MAXMSGL(4194304)
   MONQ(QMGR)                              MSGDLVSQ(PRIORITY)
   NOTRIGGER                               NPMCLASS(NORMAL)
   OPPROCS(0)                              PROCESS( )
   PUT(ENABLED)                            PROPCTL(COMPAT)
   QDEPTHHI(80)                            QDEPTHLO(20)
   QDPHIEV(DISABLED)                       QDPLOEV(DISABLED)
   QDPMAXEV(ENABLED)                       QSVCIEV(NONE)
   QSVCINT(999999999)                      RETINTVL(999999999)
   SCOPE(QMGR)                             SHARE
   STATQ(QMGR)                             TRIGDATA( )
   TRIGDPTH(1)                             TRIGMPRI(0)
   TRIGTYPE(FIRST)                         USAGE(NORMAL)
AMQ8409: Display Queue details.
   QUEUE(MQSG_FO.QL.GNSU3.IT)              TYPE(QLOCAL)
   ACCTQ(QMGR)                             ALTDATE(2026-06-22)
   ALTTIME(16.30.21)                       BOQNAME( )
   BOTHRESH(0)                             CLUSNL( )
   CLUSTER( )                              CLCHNAME( )
   CLWLPRTY(0)                             CLWLRANK(0)
   CLWLUSEQ(QMGR)                          CRDATE(2026-06-22)
   CRTIME(16.30.21)                        CURDEPTH(0)
   CUSTOM( )                               DEFBIND(OPEN)
   DEFPRTY(0)                              DEFPSIST(YES)
   DEFPRESP(SYNC)                          DEFREADA(NO)
   DEFSOPT(SHARED)                         DEFTYPE(PREDEFINED)
   DESCR(Flux GNSU3-IT)                    DISTL(NO)
   GET(ENABLED)                            HARDENBO
   INITQ( )                                IPPROCS(0)
   MAXDEPTH(30000)                         MAXMSGL(4194304)
   MONQ(QMGR)                              MSGDLVSQ(PRIORITY)
   NOTRIGGER                               NPMCLASS(NORMAL)
   OPPROCS(0)                              PROCESS( )
   PUT(ENABLED)                            PROPCTL(COMPAT)
   QDEPTHHI(80)                            QDEPTHLO(20)
   QDPHIEV(DISABLED)                       QDPLOEV(DISABLED)
   QDPMAXEV(ENABLED)                       QSVCIEV(NONE)
   QSVCINT(999999999)                      RETINTVL(999999999)
   SCOPE(QMGR)                             SHARE
   STATQ(QMGR)                             TRIGDATA( )
   TRIGDPTH(1)                             TRIGMPRI(0)
   TRIGTYPE(FIRST)                         USAGE(NORMAL)
AMQ8409: Display Queue details.
   QUEUE(MQSG_FO.QL.TRANSF.TABL.IT)        TYPE(QLOCAL)
   ACCTQ(QMGR)                             ALTDATE(2026-08-17)
   ALTTIME(16.14.39)                       BOQNAME( )
   BOTHRESH(0)                             CLUSNL( )
   CLUSTER( )                              CLCHNAME( )
   CLWLPRTY(0)                             CLWLRANK(0)
   CLWLUSEQ(QMGR)                          CRDATE(2026-06-22)
   CRTIME(16.30.21)                        CURDEPTH(0)
   CUSTOM( )                               DEFBIND(OPEN)
   DEFPRTY(0)                              DEFPSIST(NO)
   DEFPRESP(SYNC)                          DEFREADA(NO)
   DEFSOPT(SHARED)                         DEFTYPE(PREDEFINED)
   DESCR(Transfert tables Sirius/Tandem)   DISTL(NO)
   GET(ENABLED)                            HARDENBO
   INITQ( )                                IPPROCS(0)
   MAXDEPTH(5000)                          MAXMSGL(4194304)
   MONQ(MEDIUM)                            MSGDLVSQ(PRIORITY)
   NOTRIGGER                               NPMCLASS(NORMAL)
   OPPROCS(0)                              PROCESS( )
   PUT(ENABLED)                            PROPCTL(COMPAT)
   QDEPTHHI(80)                            QDEPTHLO(20)
   QDPHIEV(DISABLED)                       QDPLOEV(DISABLED)
   QDPMAXEV(ENABLED)                       QSVCIEV(NONE)
   QSVCINT(999999999)                      RETINTVL(999999999)
   SCOPE(QMGR)                             SHARE
   STATQ(QMGR)                             TRIGDATA( )
   TRIGDPTH(1)                             TRIGMPRI(0)
   TRIGTYPE(FIRST)                         USAGE(NORMAL)
DAMQ8409: Display Queue details.
   QUEUE(MSDF.QL.FO.KBB.001)               TYPE(QLOCAL)
   ACCTQ(QMGR)                             ALTDATE(2026-06-22)
   ALTTIME(16.30.22)                       BOQNAME( )
   BOTHRESH(0)                             CLUSNL( )
   CLUSTER( )                              CLCHNAME( )
   CLWLPRTY(0)                             CLWLRANK(0)
ISPLAY PROCESS(*) ALL
   CLWLUSEQ(QMGR)                          CRDATE(2026-06-22)
   CRTIME(16.30.22)                        CURDEPTH(0)
   CUSTOM( )                               DEFBIND(OPEN)
   DEFPRTY(0)                              DEFPSIST(NO)
   DEFPRESP(SYNC)                          DEFREADA(NO)
   DEFSOPT(SHARED)                         DEFTYPE(PREDEFINED)
   DESCR(Bourse Aux Bobines)               DISTL(NO)
   GET(ENABLED)                            HARDENBO
   INITQ( )                                IPPROCS(0)
   MAXDEPTH(5000)                          MAXMSGL(4194304)
   MONQ(QMGR)                              MSGDLVSQ(PRIORITY)
   NOTRIGGER                               NPMCLASS(NORMAL)
   OPPROCS(0)                              PROCESS( )
   PUT(ENABLED)                            PROPCTL(COMPAT)
   QDEPTHHI(80)                            QDEPTHLO(20)
   QDPHIEV(DISABLED)                       QDPLOEV(DISABLED)
   QDPMAXEV(ENABLED)                       QSVCIEV(NONE)
   QSVCINT(999999999)                      RETINTVL(999999999)
   SCOPE(QMGR)                             SHARE
   STATQ(QMGR)                             TRIGDATA( )
   TRIGDPTH(1)                             TRIGMPRI(0)
DISPLAY NAMELIST(*) ALL   TRIGTYPE(FIRST)                         USAGE(NORMAL)
AMQ8409: Display Queue details.
   QUEUE(MSRF.QL.FO.KBB.001)               TYPE(QLOCAL)
   ACCTQ(QMGR)                             ALTDATE(2026-06-22)
   ALTTIME(16.30.22)                       BOQNAME( )
   BOTHRESH(0)                             CLUSNL( )
   CLUSTER( )                              CLCHNAME( )
   CLWLPRTY(0)                             CLWLRANK(0)
   CLWLUSEQ(QMGR)                          CRDATE(2026-06-22)
   CRTIME(16.30.22)                        CURDEPTH(0)
   CUSTOM( )                               DEFBIND(OPEN)
   DEFPRTY(0)                              DEFPSIST(YES)
   DEFPRESP(SYNC)                          DEFREADA(NO)
   DEFSOPT(SHARED)                         DEFTYPE(PREDEFINED)
   DESCR(Bourse Aux Bobines)               DISTL(NO)
   GET(ENABLED)                            HARDENBO
   INITQ( )                                IPPROCS(0)
   MAXDEPTH(5000)                          MAXMSGL(4194304)
   MONQ(QMGR)                              MSGDLVSQ(PRIORITY)
   NOTRIGGER                               NPMCLASS(NORMAL)
   OPPROCS(0)                              PROCESS( )
   PUT(ENABLED)                            PROPCTL(COMPAT)
   QDEPTHHI(80)                            QDEPTHLO(20)
   QDPHIEV(DISABLED)                       QDPLOEV(DISABLED)
   QDPMAXEV(ENABLED)                       QSVCIEV(NONE)
   QSVCINT(999999999)                      RETINTVL(999999999)
   SCOPE(QMGR)                             SHARE
   STATQ(QMGR)                             TRIGDATA( )
   TRIGDPTH(1)                             TRIGMPRI(0)
   TRIGTYPE(FIRST)                         USAGE(NORMAL)
AMQ8409: Display Queue details.
   QUEUE(MSRF_FO.QL.GKCTDM.INFOCDE)        TYPE(QLOCAL)
   ACCTQ(QMGR)                             ALTDATE(2026-06-22)
   ALTTIME(16.30.22)                       BOQNAME( )
   BOTHRESH(0)                             CLUSNL( )
   CLUSTER( )                              CLCHNAME( )
   CLWLPRTY(0)                             CLWLRANK(0)
   CLWLUSEQ(QMGR)                          CRDATE(2026-06-22)
   CRTIME(16.30.22)                        CURDEPTH(0)
   CUSTOM( )                               DEFBIND(OPEN)
   DEFPRTY(0)                              DEFPSIST(NO)
   DEFPRESP(SYNC)                          DEFREADA(NO)
   DEFSOPT(SHARED)                         DEFTYPE(PREDEFINED)
   DESCR(Info Cde)                         DISTL(NO)
   GET(ENABLED)                            HARDENBO
   INITQ( )                                IPPROCS(0)
   MAXDEPTH(5000)                          MAXMSGL(4194304)
   MONQ(QMGR)                              MSGDLVSQ(PRIORITY)
   NOTRIGGER                               NPMCLASS(NORMAL)
   OPPROCS(0)                              PROCESS( )
   PUT(ENABLED)                            PROPCTL(COMPAT)
   QDEPTHHI(80)                            QDEPTHLO(20)
   QDPHIEV(DISABLED)                       QDPLOEV(DISABLED)
   QDPMAXEV(ENABLED)                       QSVCIEV(NONE)
   QSVCINT(999999999)                      RETINTVL(999999999)
   SCOPE(QMGR)                             SHARE
   STATQ(QMGR)                             TRIGDATA( )
   TRIGDPTH(1)                             TRIGMPRI(0)
   TRIGTYPE(FIRST)                         USAGE(NORMAL)
AMQ8409: Display Queue details.
   QUEUE(MSRF_FO.QL.TDMGKC.POIDOPBOB)      TYPE(QLOCAL)
   ACCTQ(QMGR)                             ALTDATE(2026-06-22)
   ALTTIME(16.30.22)                       BOQNAME( )
   BOTHRESH(0)                             CLUSNL( )
   CLUSTER( )                              CLCHNAME( )
   CLWLPRTY(0)                             CLWLRANK(0)
   CLWLUSEQ(QMGR)                          CRDATE(2026-06-22)
   CRTIME(16.30.22)                        CURDEPTH(0)
   CUSTOM( )                               DEFBIND(OPEN)
   DEFPRTY(0)                              DEFPSIST(NO)
   DEFPRESP(SYNC)                          DEFREADA(NO)
   DEFSOPT(SHARED)                         DEFTYPE(PREDEFINED)
   DESCR(Poids Bobine)                     DISTL(NO)
   GET(ENABLED)                            HARDENBO
   INITQ( )                                IPPROCS(0)
   MAXDEPTH(5000)                          MAXMSGL(4194304)
   MONQ(QMGR)                              MSGDLVSQ(PRIORITY)
   NOTRIGGER                               NPMCLASS(NORMAL)
   OPPROCS(0)                              PROCESS( )
   PUT(ENABLED)                            PROPCTL(COMPAT)
   QDEPTHHI(80)                            QDEPTHLO(20)
   QDPHIEV(DISABLED)                       QDPLOEV(DISABLED)
   QDPMAXEV(ENABLED)                       QSVCIEV(NONE)
   QSVCINT(999999999)                      RETINTVL(999999999)
   SCOPE(QMGR)                             SHARE
   STATQ(QMGR)                             TRIGDATA( )
   TRIGDPTH(1)                             TRIGMPRI(0)
   TRIGTYPE(FIRST)                         USAGE(NORMAL)
AMQ8409: Display Queue details.
   QUEUE(MSRS)                             TYPE(QLOCAL)
   ACCTQ(QMGR)                             ALTDATE(2026-06-22)
   ALTTIME(16.30.23)                       BOQNAME( )
   BOTHRESH(0)                             CLUSNL( )
   CLUSTER( )                              CLCHNAME( )
   CLWLPRTY(0)                             CLWLRANK(0)
   CLWLUSEQ(QMGR)                          CRDATE(2026-06-22)
   CRTIME(16.30.23)                        CURDEPTH(0)
   CUSTOM( )                               DEFBIND(OPEN)
   DEFPRTY(0)                              DEFPSIST(YES)
   DEFPRESP(SYNC)                          DEFREADA(NO)
   DEFSOPT(SHARED)                         DEFTYPE(PREDEFINED)
   DESCR(Xmit Queue Recette SIRIUS)        DISTL(NO)
   GET(DISABLED)                           HARDENBO
   INITQ( )                                IPPROCS(0)
   MAXDEPTH(5000)                          MAXMSGL(4194304)
   MONQ(QMGR)                              MSGDLVSQ(PRIORITY)
   NOTRIGGER                               NPMCLASS(NORMAL)
   OPPROCS(0)                              PROCESS( )
   PUT(ENABLED)                            PROPCTL(COMPAT)
   QDEPTHHI(80)                            QDEPTHLO(20)
   QDPHIEV(DISABLED)                       QDPLOEV(DISABLED)
   QDPMAXEV(ENABLED)                       QSVCIEV(NONE)
   QSVCINT(999999999)                      RETINTVL(999999999)
   SCOPE(QMGR)                             SHARE
   STATQ(QMGR)                             TRIGDATA( )
   TRIGDPTH(1)                             TRIGMPRI(0)
   TRIGTYPE(FIRST)                         USAGE(NORMAL)
AMQ8409: Display Queue details.
   QUEUE(MT03.DEAD.QUEUE)                  TYPE(QLOCAL)
   ACCTQ(QMGR)                             ALTDATE(2026-09-02)
   ALTTIME(16.50.40)                       BOQNAME( )
   BOTHRESH(0)                             CLUSNL( )
   CLUSTER( )                              CLCHNAME( )
   CLWLPRTY(0)                             CLWLRANK(0)
   CLWLUSEQ(QMGR)                          CRDATE(2026-09-02)
   CRTIME(16.50.40)                        CURDEPTH(0)
   CUSTOM( )                               DEFBIND(OPEN)
   DEFPRTY(0)                              DEFPSIST(YES)
   DEFPRESP(SYNC)                          DEFREADA(NO)
   DEFSOPT(SHARED)                         DEFTYPE(PREDEFINED)
   DESCR(DEAD QUEUE MT03)                  DISTL(NO)
   GET(ENABLED)                            HARDENBO
   INITQ( )                                IPPROCS(0)
   MAXDEPTH(5000)                          MAXMSGL(4194304)
   MONQ(QMGR)                              MSGDLVSQ(PRIORITY)
   NOTRIGGER                               NPMCLASS(NORMAL)
   OPPROCS(0)                              PROCESS( )
   PUT(ENABLED)                            PROPCTL(COMPAT)
   QDEPTHHI(80)                            QDEPTHLO(20)
   QDPHIEV(DISABLED)                       QDPLOEV(DISABLED)
   QDPMAXEV(ENABLED)                       QSVCIEV(NONE)
   QSVCINT(999999999)                      RETINTVL(999999999)
   SCOPE(QMGR)                             SHARE
   STATQ(QMGR)                             TRIGDATA( )
   TRIGDPTH(1)                             TRIGMPRI(0)
   TRIGTYPE(FIRST)                         USAGE(NORMAL)
AMQ8409: Display Queue details.
   QUEUE(MT03_FO.QL.GCGTDM.BAPWC01)        TYPE(QLOCAL)
   ACCTQ(QMGR)                             ALTDATE(2026-06-22)
   ALTTIME(16.30.47)                       BOQNAME( )
   BOTHRESH(0)                             CLUSNL( )
   CLUSTER( )                              CLCHNAME( )
   CLWLPRTY(0)                             CLWLRANK(0)
   CLWLUSEQ(QMGR)                          CRDATE(2026-06-22)
   CRTIME(16.30.47)                        CURDEPTH(0)
   CUSTOM( )                               DEFBIND(OPEN)
   DEFPRTY(0)                              DEFPSIST(NO)
   DEFPRESP(SYNC)                          DEFREADA(NO)
   DEFSOPT(SHARED)                         DEFTYPE(PREDEFINED)
   DESCR(GCGTDM.BAPWC01)                   DISTL(NO)
   GET(ENABLED)                            HARDENBO
   INITQ( )                                IPPROCS(0)
   MAXDEPTH(5000)                          MAXMSGL(4194304)
   MONQ(QMGR)                              MSGDLVSQ(PRIORITY)
   NOTRIGGER                               NPMCLASS(NORMAL)
   OPPROCS(0)                              PROCESS( )
   PUT(ENABLED)                            PROPCTL(COMPAT)
   QDEPTHHI(80)                            QDEPTHLO(20)
   QDPHIEV(DISABLED)                       QDPLOEV(DISABLED)
   QDPMAXEV(ENABLED)                       QSVCIEV(NONE)
   QSVCINT(999999999)                      RETINTVL(999999999)
   SCOPE(QMGR)                             SHARE
   STATQ(QMGR)                             TRIGDATA( )
   TRIGDPTH(1)                             TRIGMPRI(0)
   TRIGTYPE(FIRST)                         USAGE(NORMAL)
AMQ8409: Display Queue details.
   QUEUE(MT03_FO.QL.GCGTDM.BIPWC01)        TYPE(QLOCAL)
   ACCTQ(QMGR)                             ALTDATE(2026-06-22)
   ALTTIME(16.30.48)                       BOQNAME( )
   BOTHRESH(0)                             CLUSNL( )
   CLUSTER( )                              CLCHNAME( )
   CLWLPRTY(0)                             CLWLRANK(0)
   CLWLUSEQ(QMGR)                          CRDATE(2026-06-22)
   CRTIME(16.30.48)                        CURDEPTH(0)
   CUSTOM( )                               DEFBIND(OPEN)
   DEFPRTY(0)                              DEFPSIST(NO)
   DEFPRESP(SYNC)                          DEFREADA(NO)
   DEFSOPT(SHARED)                         DEFTYPE(PREDEFINED)
   DESCR(GCGTDM.BIPWC01)                   DISTL(NO)
   GET(ENABLED)                            HARDENBO
   INITQ( )                                IPPROCS(0)
   MAXDEPTH(5000)                          MAXMSGL(4194304)
   MONQ(QMGR)                              MSGDLVSQ(PRIORITY)
   NOTRIGGER                               NPMCLASS(NORMAL)
   OPPROCS(0)                              PROCESS( )
   PUT(ENABLED)                            PROPCTL(COMPAT)
   QDEPTHHI(80)                            QDEPTHLO(20)
   QDPHIEV(DISABLED)                       QDPLOEV(DISABLED)
   QDPMAXEV(ENABLED)                       QSVCIEV(NONE)
   QSVCINT(999999999)                      RETINTVL(999999999)
   SCOPE(QMGR)                             SHARE
   STATQ(QMGR)                             TRIGDATA( )
   TRIGDPTH(1)                             TRIGMPRI(0)
   TRIGTYPE(FIRST)                         USAGE(NORMAL)
AMQ8409: Display Queue details.
   QUEUE(MT03_FO.QL.GCGTDM.BSPWC01)        TYPE(QLOCAL)
   ACCTQ(QMGR)                             ALTDATE(2026-06-22)
   ALTTIME(16.30.48)                       BOQNAME( )
   BOTHRESH(0)                             CLUSNL( )
   CLUSTER( )                              CLCHNAME( )
   CLWLPRTY(0)                             CLWLRANK(0)
   CLWLUSEQ(QMGR)                          CRDATE(2026-06-22)
   CRTIME(16.30.48)                        CURDEPTH(0)
   CUSTOM( )                               DEFBIND(OPEN)
   DEFPRTY(0)                              DEFPSIST(NO)
   DEFPRESP(SYNC)                          DEFREADA(NO)
   DEFSOPT(SHARED)                         DEFTYPE(PREDEFINED)
   DESCR(GCGTDM.BSPWC01)                   DISTL(NO)
   GET(ENABLED)                            HARDENBO
   INITQ( )                                IPPROCS(0)
   MAXDEPTH(5000)                          MAXMSGL(4194304)
   MONQ(QMGR)                              MSGDLVSQ(PRIORITY)
   NOTRIGGER                               NPMCLASS(NORMAL)
   OPPROCS(0)                              PROCESS( )
   PUT(ENABLED)                            PROPCTL(COMPAT)
   QDEPTHHI(80)                            QDEPTHLO(20)
   QDPHIEV(DISABLED)                       QDPLOEV(DISABLED)
   QDPMAXEV(ENABLED)                       QSVCIEV(NONE)
   QSVCINT(999999999)                      RETINTVL(999999999)
   SCOPE(QMGR)                             SHARE
   STATQ(QMGR)                             TRIGDATA( )
   TRIGDPTH(1)                             TRIGMPRI(0)
   TRIGTYPE(FIRST)                         USAGE(NORMAL)
AMQ8409: Display Queue details.
   QUEUE(MT03_FO.QL.TDOBOB.RESBOB)         TYPE(QLOCAL)
   ACCTQ(QMGR)                             ALTDATE(2026-06-22)
   ALTTIME(16.30.48)                       BOQNAME( )
   BOTHRESH(0)                             CLUSNL( )
   CLUSTER( )                              CLCHNAME( )
   CLWLPRTY(0)                             CLWLRANK(0)
   CLWLUSEQ(QMGR)                          CRDATE(2026-06-22)
   CRTIME(16.30.48)                        CURDEPTH(0)
   CUSTOM( )                               DEFBIND(OPEN)
   DEFPRTY(0)                              DEFPSIST(NO)
   DEFPRESP(SYNC)                          DEFREADA(NO)
   DEFSOPT(SHARED)                         DEFTYPE(PREDEFINED)
   DESCR(Nt Florange)                      DISTL(NO)
   GET(ENABLED)                            HARDENBO
   INITQ( )                                IPPROCS(0)
   MAXDEPTH(5000)                          MAXMSGL(4194304)
   MONQ(QMGR)                              MSGDLVSQ(PRIORITY)
   NOTRIGGER                               NPMCLASS(NORMAL)
   OPPROCS(0)                              PROCESS( )
   PUT(ENABLED)                            PROPCTL(COMPAT)
   QDEPTHHI(80)                            QDEPTHLO(20)
   QDPHIEV(DISABLED)                       QDPLOEV(DISABLED)
   QDPMAXEV(ENABLED)                       QSVCIEV(NONE)
   QSVCINT(999999999)                      RETINTVL(999999999)
   SCOPE(QMGR)                             SHARE
   STATQ(QMGR)                             TRIGDATA( )
   TRIGDPTH(1)                             TRIGMPRI(0)
   TRIGTYPE(FIRST)                         USAGE(NORMAL)
AMQ8409: Display Queue details.
   QUEUE(MXRGPQPW)                         TYPE(QLOCAL)
   ACCTQ(QMGR)                             ALTDATE(2026-09-04)
   ALTTIME(09.49.11)                       BOQNAME( )
   BOTHRESH(0)                             CLUSNL( )
   CLUSTER( )                              CLCHNAME( )
   CLWLPRTY(0)                             CLWLRANK(0)
   CLWLUSEQ(QMGR)                          CRDATE(2026-09-04)
   CRTIME(09.49.11)                        CURDEPTH(0)
   CUSTOM( )                               DEFBIND(OPEN)
   DEFPRTY(0)                              DEFPSIST(YES)
   DEFPRESP(SYNC)                          DEFREADA(NO)
   DEFSOPT(SHARED)                         DEFTYPE(PREDEFINED)
   DESCR(Xmit Queue Recette PW)            DISTL(NO)
   GET(ENABLED)                            HARDENBO
   INITQ(SYSTEM.CHANNEL.INITQ)             IPPROCS(0)
   MAXDEPTH(5000)                          MAXMSGL(4194304)
   MONQ(QMGR)                              MSGDLVSQ(PRIORITY)
   TRIGGER                                 NPMCLASS(NORMAL)
   OPPROCS(0)                              PROCESS(PR.MT03.MSPQPWR)
   PUT(ENABLED)                            PROPCTL(COMPAT)
   QDEPTHHI(80)                            QDEPTHLO(20)
   QDPHIEV(DISABLED)                       QDPLOEV(DISABLED)
   QDPMAXEV(ENABLED)                       QSVCIEV(NONE)
   QSVCINT(999999999)                      RETINTVL(999999999)
   SCOPE(QMGR)                             SHARE
   STATQ(QMGR)                             TRIGDATA( )
   TRIGDPTH(1)                             TRIGMPRI(0)
   TRIGTYPE(FIRST)                         USAGE(NORMAL)
AMQ8409: Display Queue details.
   QUEUE(QDIC)                             TYPE(QLOCAL)
   ACCTQ(QMGR)                             ALTDATE(2026-09-15)
   ALTTIME(14.21.00)                       BOQNAME( )
   BOTHRESH(0)                             CLUSNL( )
   CLUSTER( )                              CLCHNAME( )
   CLWLPRTY(0)                             CLWLRANK(0)
   CLWLUSEQ(QMGR)                          CRDATE(2026-08-18)
   CRTIME(16.14.06)                        CURDEPTH(0)
   CUSTOM( )                               DEFBIND(OPEN)
   DEFPRTY(0)                              DEFPSIST(YES)
   DEFPRESP(SYNC)                          DEFREADA(NO)
   DEFSOPT(SHARED)                         DEFTYPE(PREDEFINED)
   DESCR(XMIT QDIC)                        DISTL(NO)
   GET(DISABLED)                           HARDENBO
   INITQ( )                                IPPROCS(0)
   MAXDEPTH(5000)                          MAXMSGL(4194304)
   MONQ(MEDIUM)                            MSGDLVSQ(PRIORITY)
   NOTRIGGER                               NPMCLASS(NORMAL)
   OPPROCS(0)                              PROCESS( )
   PUT(ENABLED)                            PROPCTL(COMPAT)
   QDEPTHHI(80)                            QDEPTHLO(20)
   QDPHIEV(DISABLED)                       QDPLOEV(DISABLED)
   QDPMAXEV(ENABLED)                       QSVCIEV(NONE)
   QSVCINT(999999999)                      RETINTVL(999999999)
   SCOPE(QMGR)                             SHARE
   STATQ(QMGR)                             TRIGDATA( )
   TRIGDPTH(1)                             TRIGMPRI(0)
   TRIGTYPE(FIRST)                         USAGE(XMITQ)
AMQ8409: Display Queue details.
   QUEUE(QL.COUMES2)                       TYPE(QLOCAL)
   ACCTQ(QMGR)                             ALTDATE(2026-09-04)
   ALTTIME(09.45.36)                       BOQNAME( )
   BOTHRESH(0)                             CLUSNL( )
   CLUSTER( )                              CLCHNAME( )
   CLWLPRTY(0)                             CLWLRANK(0)
   CLWLUSEQ(QMGR)                          CRDATE(2026-09-04)
   CRTIME(09.45.36)                        CURDEPTH(0)
   CUSTOM( )                               DEFBIND(OPEN)
   DEFPRTY(0)                              DEFPSIST(NO)
   DEFPRESP(SYNC)                          DEFREADA(NO)
   DEFSOPT(SHARED)                         DEFTYPE(PREDEFINED)
   DESCR(Essais 03/05/01)                  DISTL(NO)
   GET(ENABLED)                            HARDENBO
   INITQ( )                                IPPROCS(0)
   MAXDEPTH(5000)                          MAXMSGL(4194304)
   MONQ(QMGR)                              MSGDLVSQ(PRIORITY)
   NOTRIGGER                               NPMCLASS(NORMAL)
   OPPROCS(0)                              PROCESS( )
   PUT(ENABLED)                            PROPCTL(COMPAT)
   QDEPTHHI(80)                            QDEPTHLO(20)
   QDPHIEV(DISABLED)                       QDPLOEV(DISABLED)
   QDPMAXEV(ENABLED)                       QSVCIEV(NONE)
   QSVCINT(999999999)                      RETINTVL(999999999)
   SCOPE(QMGR)                             SHARE
   STATQ(QMGR)                             TRIGDATA( )
   TRIGDPTH(1)                             TRIGMPRI(0)
   TRIGTYPE(FIRST)                         USAGE(NORMAL)
AMQ8409: Display Queue details.
   QUEUE(QL.COUMES3)                       TYPE(QLOCAL)
   ACCTQ(QMGR)                             ALTDATE(2026-09-04)
   ALTTIME(09.45.37)                       BOQNAME( )
   BOTHRESH(0)                             CLUSNL( )
   CLUSTER( )                              CLCHNAME( )
   CLWLPRTY(0)                             CLWLRANK(0)
   CLWLUSEQ(QMGR)                          CRDATE(2026-09-04)
   CRTIME(09.45.37)                        CURDEPTH(0)
   CUSTOM( )                               DEFBIND(OPEN)
   DEFPRTY(0)                              DEFPSIST(NO)
   DEFPRESP(SYNC)                          DEFREADA(NO)
   DEFSOPT(SHARED)                         DEFTYPE(PREDEFINED)
   DESCR(Essais 06/04/01)                  DISTL(NO)
   GET(ENABLED)                            HARDENBO
   INITQ( )                                IPPROCS(0)
   MAXDEPTH(5000)                          MAXMSGL(4194304)
   MONQ(QMGR)                              MSGDLVSQ(PRIORITY)
   NOTRIGGER                               NPMCLASS(NORMAL)
   OPPROCS(0)                              PROCESS( )
   PUT(ENABLED)                            PROPCTL(COMPAT)
   QDEPTHHI(80)                            QDEPTHLO(20)
   QDPHIEV(DISABLED)                       QDPLOEV(DISABLED)
   QDPMAXEV(ENABLED)                       QSVCIEV(NONE)
   QSVCINT(999999999)                      RETINTVL(999999999)
   SCOPE(QMGR)                             SHARE
   STATQ(QMGR)                             TRIGDATA( )
   TRIGDPTH(1)                             TRIGMPRI(0)
   TRIGTYPE(FIRST)                         USAGE(NORMAL)
AMQ8409: Display Queue details.
   QUEUE(QL.COUMES4)                       TYPE(QLOCAL)
   ACCTQ(QMGR)                             ALTDATE(2026-09-04)
   ALTTIME(09.45.38)                       BOQNAME( )
   BOTHRESH(0)                             CLUSNL( )
   CLUSTER( )                              CLCHNAME( )
   CLWLPRTY(0)                             CLWLRANK(0)
   CLWLUSEQ(QMGR)                          CRDATE(2026-09-04)
   CRTIME(09.45.38)                        CURDEPTH(0)
   CUSTOM( )                               DEFBIND(OPEN)
   DEFPRTY(0)                              DEFPSIST(NO)
   DEFPRESP(SYNC)                          DEFREADA(NO)
   DEFSOPT(SHARED)                         DEFTYPE(PREDEFINED)
   DESCR(Essais 06/04/01)                  DISTL(NO)
   GET(ENABLED)                            HARDENBO
   INITQ( )                                IPPROCS(0)
   MAXDEPTH(5000)                          MAXMSGL(4194304)
   MONQ(QMGR)                              MSGDLVSQ(PRIORITY)
   NOTRIGGER                               NPMCLASS(NORMAL)
   OPPROCS(0)                              PROCESS( )
   PUT(ENABLED)                            PROPCTL(COMPAT)
   QDEPTHHI(80)                            QDEPTHLO(20)
   QDPHIEV(DISABLED)                       QDPLOEV(DISABLED)
   QDPMAXEV(ENABLED)                       QSVCIEV(NONE)
   QSVCINT(999999999)                      RETINTVL(999999999)
   SCOPE(QMGR)                             SHARE
   STATQ(QMGR)                             TRIGDATA( )
   TRIGDPTH(1)                             TRIGMPRI(0)
   TRIGTYPE(FIRST)                         USAGE(NORMAL)
AMQ8409: Display Queue details.
   QUEUE(QL.FL.SGS01)                      TYPE(QLOCAL)
   ACCTQ(QMGR)                             ALTDATE(2026-09-04)
   ALTTIME(09.45.38)                       BOQNAME( )
   BOTHRESH(0)                             CLUSNL( )
   CLUSTER( )                              CLCHNAME( )
   CLWLPRTY(0)                             CLWLRANK(0)
   CLWLUSEQ(QMGR)                          CRDATE(2026-09-04)
   CRTIME(09.45.38)                        CURDEPTH(0)
   CUSTOM( )                               DEFBIND(OPEN)
   DEFPRTY(0)                              DEFPSIST(NO)
   DEFPRESP(SYNC)                          DEFREADA(NO)
   DEFSOPT(SHARED)                         DEFTYPE(PREDEFINED)
   DESCR(queue local MVS florange)         DISTL(NO)
   GET(ENABLED)                            HARDENBO
   INITQ( )                                IPPROCS(0)
   MAXDEPTH(5000)                          MAXMSGL(4194304)
   MONQ(QMGR)                              MSGDLVSQ(PRIORITY)
   NOTRIGGER                               NPMCLASS(NORMAL)
   OPPROCS(0)                              PROCESS( )
   PUT(ENABLED)                            PROPCTL(COMPAT)
   QDEPTHHI(80)                            QDEPTHLO(20)
   QDPHIEV(DISABLED)                       QDPLOEV(DISABLED)
   QDPMAXEV(ENABLED)                       QSVCIEV(NONE)
   QSVCINT(999999999)                      RETINTVL(999999999)
   SCOPE(QMGR)                             SHARE
   STATQ(QMGR)                             TRIGDATA( )
   TRIGDPTH(1)                             TRIGMPRI(0)
   TRIGTYPE(FIRST)                         USAGE(NORMAL)
AMQ8409: Display Queue details.
   QUEUE(QL.FO.GNRC1.001)                  TYPE(QLOCAL)
   ACCTQ(QMGR)                             ALTDATE(2026-09-04)
   ALTTIME(09.45.39)                       BOQNAME( )
   BOTHRESH(0)                             CLUSNL( )
   CLUSTER( )                              CLCHNAME( )
   CLWLPRTY(0)                             CLWLRANK(0)
   CLWLUSEQ(QMGR)                          CRDATE(2026-09-04)
   CRTIME(09.45.39)                        CURDEPTH(0)
   CUSTOM( )                               DEFBIND(OPEN)
   DEFPRTY(0)                              DEFPSIST(NO)
   DEFPRESP(SYNC)                          DEFREADA(NO)
   DEFSOPT(SHARED)                         DEFTYPE(PREDEFINED)
   DESCR(queue local MVS Fos)              DISTL(NO)
   GET(ENABLED)                            HARDENBO
   INITQ( )                                IPPROCS(0)
   MAXDEPTH(5000)                          MAXMSGL(4194304)
   MONQ(QMGR)                              MSGDLVSQ(PRIORITY)
   NOTRIGGER                               NPMCLASS(NORMAL)
   OPPROCS(0)                              PROCESS( )
   PUT(ENABLED)                            PROPCTL(COMPAT)
   QDEPTHHI(80)                            QDEPTHLO(20)
   QDPHIEV(DISABLED)                       QDPLOEV(DISABLED)
   QDPMAXEV(ENABLED)                       QSVCIEV(NONE)
   QSVCINT(999999999)                      RETINTVL(999999999)
   SCOPE(QMGR)                             SHARE
   STATQ(QMGR)                             TRIGDATA( )
   TRIGDPTH(1)                             TRIGMPRI(0)
   TRIGTYPE(FIRST)                         USAGE(NORMAL)
AMQ8409: Display Queue details.
   QUEUE(QL.FO.GNRC2.002)                  TYPE(QLOCAL)
   ACCTQ(QMGR)                             ALTDATE(2026-09-04)
   ALTTIME(09.45.40)                       BOQNAME( )
   BOTHRESH(0)                             CLUSNL( )
   CLUSTER( )                              CLCHNAME( )
   CLWLPRTY(0)                             CLWLRANK(0)
   CLWLUSEQ(QMGR)                          CRDATE(2026-09-04)
   CRTIME(09.45.40)                        CURDEPTH(0)
   CUSTOM( )                               DEFBIND(OPEN)
   DEFPRTY(0)                              DEFPSIST(NO)
   DEFPRESP(SYNC)                          DEFREADA(NO)
   DEFSOPT(SHARED)                         DEFTYPE(PREDEFINED)
   DESCR(Demande Specif GPAO)              DISTL(NO)
   GET(ENABLED)                            HARDENBO
   INITQ( )                                IPPROCS(0)
   MAXDEPTH(5000)                          MAXMSGL(4194304)
   MONQ(QMGR)                              MSGDLVSQ(PRIORITY)
   NOTRIGGER                               NPMCLASS(NORMAL)
   OPPROCS(0)                              PROCESS( )
   PUT(ENABLED)                            PROPCTL(COMPAT)
   QDEPTHHI(80)                            QDEPTHLO(20)
   QDPHIEV(DISABLED)                       QDPLOEV(DISABLED)
   QDPMAXEV(ENABLED)                       QSVCIEV(NONE)
   QSVCINT(999999999)                      RETINTVL(999999999)
   SCOPE(QMGR)                             SHARE
   STATQ(QMGR)                             TRIGDATA( )
   TRIGDPTH(1)                             TRIGMPRI(0)
   TRIGTYPE(FIRST)                         USAGE(NORMAL)
AMQ8409: Display Queue details.
   QUEUE(QL.FO.GPS.001)                    TYPE(QLOCAL)
   ACCTQ(QMGR)                             ALTDATE(2026-09-04)
   ALTTIME(09.45.41)                       BOQNAME( )
   BOTHRESH(0)                             CLUSNL( )
   CLUSTER( )                              CLCHNAME( )
   CLWLPRTY(0)                             CLWLRANK(0)
   CLWLUSEQ(QMGR)                          CRDATE(2026-09-04)
   CRTIME(09.45.41)                        CURDEPTH(0)
   CUSTOM( )                               DEFBIND(OPEN)
   DEFPRTY(0)                              DEFPSIST(NO)
   DEFPRESP(SYNC)                          DEFREADA(NO)
   DEFSOPT(SHARED)                         DEFTYPE(PREDEFINED)
   DESCR(MVS Fos)                          DISTL(NO)
   GET(ENABLED)                            HARDENBO
   INITQ( )                                IPPROCS(0)
   MAXDEPTH(5000)                          MAXMSGL(4194304)
   MONQ(QMGR)                              MSGDLVSQ(PRIORITY)
   NOTRIGGER                               NPMCLASS(NORMAL)
   OPPROCS(0)                              PROCESS( )
   PUT(ENABLED)                            PROPCTL(COMPAT)
   QDEPTHHI(80)                            QDEPTHLO(20)
   QDPHIEV(DISABLED)                       QDPLOEV(DISABLED)
   QDPMAXEV(ENABLED)                       QSVCIEV(NONE)
   QSVCINT(999999999)                      RETINTVL(999999999)
   SCOPE(QMGR)                             SHARE
   STATQ(QMGR)                             TRIGDATA( )
   TRIGDPTH(1)                             TRIGMPRI(0)
   TRIGTYPE(FIRST)                         USAGE(NORMAL)
AMQ8409: Display Queue details.
   QUEUE(QL.FO.GPS.003)                    TYPE(QLOCAL)
   ACCTQ(QMGR)                             ALTDATE(2026-09-04)
   ALTTIME(09.45.42)                       BOQNAME( )
   BOTHRESH(0)                             CLUSNL( )
   CLUSTER( )                              CLCHNAME( )
   CLWLPRTY(0)                             CLWLRANK(0)
   CLWLUSEQ(QMGR)                          CRDATE(2026-09-04)
   CRTIME(09.45.42)                        CURDEPTH(0)
   CUSTOM( )                               DEFBIND(OPEN)
   DEFPRTY(0)                              DEFPSIST(NO)
   DEFPRESP(SYNC)                          DEFREADA(NO)
   DEFSOPT(SHARED)                         DEFTYPE(PREDEFINED)
   DESCR(MVS Fos)                          DISTL(NO)
   GET(ENABLED)                            HARDENBO
   INITQ( )                                IPPROCS(0)
   MAXDEPTH(5000)                          MAXMSGL(4194304)
   MONQ(QMGR)                              MSGDLVSQ(PRIORITY)
   NOTRIGGER                               NPMCLASS(NORMAL)
   OPPROCS(0)                              PROCESS( )
   PUT(ENABLED)                            PROPCTL(COMPAT)
   QDEPTHHI(80)                            QDEPTHLO(20)
   QDPHIEV(DISABLED)                       QDPLOEV(DISABLED)
   QDPMAXEV(ENABLED)                       QSVCIEV(NONE)
   QSVCINT(999999999)                      RETINTVL(999999999)
   SCOPE(QMGR)                             SHARE
   STATQ(QMGR)                             TRIGDATA( )
   TRIGDPTH(1)                             TRIGMPRI(0)
   TRIGTYPE(FIRST)                         USAGE(NORMAL)
AMQ8409: Display Queue details.
   QUEUE(QL.FO.GPS01.001)                  TYPE(QLOCAL)
   ACCTQ(QMGR)                             ALTDATE(2026-09-04)
   ALTTIME(09.45.43)                       BOQNAME( )
   BOTHRESH(0)                             CLUSNL( )
   CLUSTER( )                              CLCHNAME( )
   CLWLPRTY(0)                             CLWLRANK(0)
   CLWLUSEQ(QMGR)                          CRDATE(2026-09-04)
   CRTIME(09.45.43)                        CURDEPTH(0)
   CUSTOM( )                               DEFBIND(OPEN)
   DEFPRTY(0)                              DEFPSIST(NO)
   DEFPRESP(SYNC)                          DEFREADA(NO)
   DEFSOPT(SHARED)                         DEFTYPE(PREDEFINED)
   DESCR(Files Test)                       DISTL(NO)
   GET(ENABLED)                            HARDENBO
   INITQ( )                                IPPROCS(0)
   MAXDEPTH(5000)                          MAXMSGL(4194304)
   MONQ(QMGR)                              MSGDLVSQ(PRIORITY)
   NOTRIGGER                               NPMCLASS(NORMAL)
   OPPROCS(0)                              PROCESS( )
   PUT(ENABLED)                            PROPCTL(COMPAT)
   QDEPTHHI(80)                            QDEPTHLO(20)
   QDPHIEV(DISABLED)                       QDPLOEV(DISABLED)
   QDPMAXEV(ENABLED)                       QSVCIEV(NONE)
   QSVCINT(999999999)                      RETINTVL(999999999)
   SCOPE(QMGR)                             SHARE
   STATQ(QMGR)                             TRIGDATA( )
   TRIGDPTH(1)                             TRIGMPRI(0)
   TRIGTYPE(FIRST)                         USAGE(NORMAL)
AMQ8409: Display Queue details.
   QUEUE(QL.FO.IHMAR01)                    TYPE(QLOCAL)
   ACCTQ(QMGR)                             ALTDATE(2026-09-04)
   ALTTIME(09.45.44)                       BOQNAME( )
   BOTHRESH(0)                             CLUSNL( )
   CLUSTER( )                              CLCHNAME( )
   CLWLPRTY(0)                             CLWLRANK(0)
   CLWLUSEQ(QMGR)                          CRDATE(2026-09-04)
   CRTIME(09.45.44)                        CURDEPTH(0)
   CUSTOM( )                               DEFBIND(OPEN)
   DEFPRTY(0)                              DEFPSIST(NO)
   DEFPRESP(SYNC)                          DEFREADA(NO)
   DEFSOPT(SHARED)                         DEFTYPE(PREDEFINED)
   DESCR(Tracabilite Eprouvettes)          DISTL(NO)
   GET(ENABLED)                            HARDENBO
   INITQ( )                                IPPROCS(1)
   MAXDEPTH(5000)                          MAXMSGL(4194304)
   MONQ(QMGR)                              MSGDLVSQ(PRIORITY)
   NOTRIGGER                               NPMCLASS(NORMAL)
   OPPROCS(0)                              PROCESS( )
   PUT(ENABLED)                            PROPCTL(COMPAT)
   QDEPTHHI(80)                            QDEPTHLO(20)
   QDPHIEV(DISABLED)                       QDPLOEV(DISABLED)
   QDPMAXEV(ENABLED)                       QSVCIEV(NONE)
   QSVCINT(999999999)                      RETINTVL(999999999)
   SCOPE(QMGR)                             SHARE
   STATQ(QMGR)                             TRIGDATA( )
   TRIGDPTH(1)                             TRIGMPRI(0)
   TRIGTYPE(FIRST)                         USAGE(NORMAL)
AMQ8409: Display Queue details.
   QUEUE(QL.FO.IHMAR01QR)                  TYPE(QLOCAL)
   ACCTQ(QMGR)                             ALTDATE(2026-09-04)
   ALTTIME(09.45.44)                       BOQNAME( )
   BOTHRESH(0)                             CLUSNL( )
   CLUSTER( )                              CLCHNAME( )
   CLWLPRTY(0)                             CLWLRANK(0)
   CLWLUSEQ(QMGR)                          CRDATE(2026-09-04)
   CRTIME(09.45.44)                        CURDEPTH(0)
   CUSTOM( )                               DEFBIND(OPEN)
   DEFPRTY(0)                              DEFPSIST(NO)
   DEFPRESP(SYNC)                          DEFREADA(NO)
   DEFSOPT(SHARED)                         DEFTYPE(PREDEFINED)
   DESCR(Tracabilite Eprouvettes)          DISTL(NO)
   GET(ENABLED)                            HARDENBO
   INITQ( )                                IPPROCS(0)
   MAXDEPTH(5000)                          MAXMSGL(4194304)
   MONQ(QMGR)                              MSGDLVSQ(PRIORITY)
   NOTRIGGER                               NPMCLASS(NORMAL)
   OPPROCS(0)                              PROCESS( )
   PUT(ENABLED)                            PROPCTL(COMPAT)
   QDEPTHHI(80)                            QDEPTHLO(20)
   QDPHIEV(DISABLED)                       QDPLOEV(DISABLED)
   QDPMAXEV(ENABLED)                       QSVCIEV(NONE)
   QSVCINT(999999999)                      RETINTVL(999999999)
   SCOPE(QMGR)                             SHARE
   STATQ(QMGR)                             TRIGDATA( )
   TRIGDPTH(1)                             TRIGMPRI(0)
   TRIGTYPE(FIRST)                         USAGE(NORMAL)
AMQ8409: Display Queue details.
   QUEUE(QL.FO.IHMAR02)                    TYPE(QLOCAL)
   ACCTQ(QMGR)                             ALTDATE(2026-09-04)
   ALTTIME(09.45.45)                       BOQNAME( )
   BOTHRESH(0)                             CLUSNL( )
   CLUSTER( )                              CLCHNAME( )
   CLWLPRTY(0)                             CLWLRANK(0)
   CLWLUSEQ(QMGR)                          CRDATE(2026-09-04)
   CRTIME(09.45.45)                        CURDEPTH(0)
   CUSTOM( )                               DEFBIND(OPEN)
   DEFPRTY(0)                              DEFPSIST(NO)
   DEFPRESP(SYNC)                          DEFREADA(NO)
   DEFSOPT(SHARED)                         DEFTYPE(PREDEFINED)
   DESCR(Machine traction SUN 60)          DISTL(NO)
   GET(ENABLED)                            HARDENBO
   INITQ( )                                IPPROCS(1)
   MAXDEPTH(5000)                          MAXMSGL(4194304)
   MONQ(QMGR)                              MSGDLVSQ(PRIORITY)
   NOTRIGGER                               NPMCLASS(NORMAL)
   OPPROCS(0)                              PROCESS( )
   PUT(ENABLED)                            PROPCTL(COMPAT)
   QDEPTHHI(80)                            QDEPTHLO(20)
   QDPHIEV(DISABLED)                       QDPLOEV(DISABLED)
   QDPMAXEV(ENABLED)                       QSVCIEV(NONE)
   QSVCINT(999999999)                      RETINTVL(999999999)
   SCOPE(QMGR)                             SHARE
   STATQ(QMGR)                             TRIGDATA( )
   TRIGDPTH(1)                             TRIGMPRI(0)
   TRIGTYPE(FIRST)                         USAGE(NORMAL)
AMQ8409: Display Queue details.
   QUEUE(QL.FO.IHMAR02QR)                  TYPE(QLOCAL)
   ACCTQ(QMGR)                             ALTDATE(2026-09-04)
   ALTTIME(09.45.46)                       BOQNAME( )
   BOTHRESH(0)                             CLUSNL( )
   CLUSTER( )                              CLCHNAME( )
   CLWLPRTY(0)                             CLWLRANK(0)
   CLWLUSEQ(QMGR)                          CRDATE(2026-09-04)
   CRTIME(09.45.46)                        CURDEPTH(0)
   CUSTOM( )                               DEFBIND(OPEN)
   DEFPRTY(0)                              DEFPSIST(NO)
   DEFPRESP(SYNC)                          DEFREADA(NO)
   DEFSOPT(SHARED)                         DEFTYPE(PREDEFINED)
   DESCR(Machine traction SUN 60)          DISTL(NO)
   GET(ENABLED)                            HARDENBO
   INITQ( )                                IPPROCS(0)
   MAXDEPTH(5000)                          MAXMSGL(4194304)
   MONQ(QMGR)                              MSGDLVSQ(PRIORITY)
   NOTRIGGER                               NPMCLASS(NORMAL)
   OPPROCS(0)                              PROCESS( )
   PUT(ENABLED)                            PROPCTL(COMPAT)
   QDEPTHHI(80)                            QDEPTHLO(20)
   QDPHIEV(DISABLED)                       QDPLOEV(DISABLED)
   QDPMAXEV(ENABLED)                       QSVCIEV(NONE)
   QSVCINT(999999999)                      RETINTVL(999999999)
   SCOPE(QMGR)                             SHARE
   STATQ(QMGR)                             TRIGDATA( )
   TRIGDPTH(1)                             TRIGMPRI(0)
   TRIGTYPE(FIRST)                         USAGE(NORMAL)
AMQ8409: Display Queue details.
   QUEUE(QL.FO.IHMGL01)                    TYPE(QLOCAL)
   ACCTQ(QMGR)                             ALTDATE(2026-09-04)
   ALTTIME(09.45.47)                       BOQNAME( )
   BOTHRESH(0)                             CLUSNL( )
   CLUSTER( )                              CLCHNAME( )
   CLWLPRTY(0)                             CLWLRANK(0)
   CLWLUSEQ(QMGR)                          CRDATE(2026-09-04)
   CRTIME(09.45.47)                        CURDEPTH(0)
   CUSTOM( )                               DEFBIND(OPEN)
   DEFPRTY(0)                              DEFPSIST(NO)
   DEFPRESP(SYNC)                          DEFREADA(NO)
   DEFSOPT(SHARED)                         DEFTYPE(PREDEFINED)
   DESCR(IHM)                              DISTL(NO)
   GET(ENABLED)                            HARDENBO
   INITQ( )                                IPPROCS(1)
   MAXDEPTH(5000)                          MAXMSGL(4194304)
   MONQ(QMGR)                              MSGDLVSQ(PRIORITY)
   NOTRIGGER                               NPMCLASS(NORMAL)
   OPPROCS(0)                              PROCESS( )
   PUT(ENABLED)                            PROPCTL(COMPAT)
   QDEPTHHI(80)                            QDEPTHLO(20)
   QDPHIEV(DISABLED)                       QDPLOEV(DISABLED)
   QDPMAXEV(ENABLED)                       QSVCIEV(NONE)
   QSVCINT(999999999)                      RETINTVL(999999999)
   SCOPE(QMGR)                             SHARE
   STATQ(QMGR)                             TRIGDATA( )
   TRIGDPTH(1)                             TRIGMPRI(0)
   TRIGTYPE(FIRST)                         USAGE(NORMAL)
AMQ8409: Display Queue details.
   QUEUE(QL.FO.IHMGL01QR)                  TYPE(QLOCAL)
   ACCTQ(QMGR)                             ALTDATE(2026-09-04)
   ALTTIME(09.45.48)                       BOQNAME( )
   BOTHRESH(0)                             CLUSNL( )
   CLUSTER( )                              CLCHNAME( )
   CLWLPRTY(0)                             CLWLRANK(0)
   CLWLUSEQ(QMGR)                          CRDATE(2026-09-04)
   CRTIME(09.45.48)                        CURDEPTH(0)
   CUSTOM( )                               DEFBIND(OPEN)
   DEFPRTY(0)                              DEFPSIST(NO)
   DEFPRESP(SYNC)                          DEFREADA(NO)
   DEFSOPT(SHARED)                         DEFTYPE(PREDEFINED)
   DESCR(IHM)                              DISTL(NO)
   GET(ENABLED)                            HARDENBO
   INITQ( )                                IPPROCS(0)
   MAXDEPTH(5000)                          MAXMSGL(4194304)
   MONQ(QMGR)                              MSGDLVSQ(PRIORITY)
   NOTRIGGER                               NPMCLASS(NORMAL)
   OPPROCS(0)                              PROCESS( )
   PUT(ENABLED)                            PROPCTL(COMPAT)
   QDEPTHHI(80)                            QDEPTHLO(20)
   QDPHIEV(DISABLED)                       QDPLOEV(DISABLED)
   QDPMAXEV(ENABLED)                       QSVCIEV(NONE)
   QSVCINT(999999999)                      RETINTVL(999999999)
   SCOPE(QMGR)                             SHARE
   STATQ(QMGR)                             TRIGDATA( )
   TRIGDPTH(1)                             TRIGMPRI(0)
   TRIGTYPE(FIRST)                         USAGE(NORMAL)
AMQ8409: Display Queue details.
   QUEUE(QL.FO.IHMGL02)                    TYPE(QLOCAL)
   ACCTQ(QMGR)                             ALTDATE(2026-09-04)
   ALTTIME(09.45.49)                       BOQNAME( )
   BOTHRESH(0)                             CLUSNL( )
   CLUSTER( )                              CLCHNAME( )
   CLWLPRTY(0)                             CLWLRANK(0)
   CLWLUSEQ(QMGR)                          CRDATE(2026-09-04)
   CRTIME(09.45.49)                        CURDEPTH(0)
   CUSTOM( )                               DEFBIND(OPEN)
   DEFPRTY(0)                              DEFPSIST(NO)
   DEFPRESP(SYNC)                          DEFREADA(NO)
   DEFSOPT(SHARED)                         DEFTYPE(PREDEFINED)
   DESCR(IHM)                              DISTL(NO)
   GET(ENABLED)                            HARDENBO
   INITQ( )                                IPPROCS(1)
   MAXDEPTH(5000)                          MAXMSGL(4194304)
   MONQ(QMGR)                              MSGDLVSQ(PRIORITY)
   NOTRIGGER                               NPMCLASS(NORMAL)
   OPPROCS(0)                              PROCESS( )
   PUT(ENABLED)                            PROPCTL(COMPAT)
   QDEPTHHI(80)                            QDEPTHLO(20)
   QDPHIEV(DISABLED)                       QDPLOEV(DISABLED)
   QDPMAXEV(ENABLED)                       QSVCIEV(NONE)
   QSVCINT(999999999)                      RETINTVL(999999999)
   SCOPE(QMGR)                             SHARE
   STATQ(QMGR)                             TRIGDATA( )
   TRIGDPTH(1)                             TRIGMPRI(0)
   TRIGTYPE(FIRST)                         USAGE(NORMAL)
AMQ8409: Display Queue details.
   QUEUE(QL.FO.IHMGL02QR)                  TYPE(QLOCAL)
   ACCTQ(QMGR)                             ALTDATE(2026-09-04)
   ALTTIME(09.45.50)                       BOQNAME( )
   BOTHRESH(0)                             CLUSNL( )
   CLUSTER( )                              CLCHNAME( )
   CLWLPRTY(0)                             CLWLRANK(0)
   CLWLUSEQ(QMGR)                          CRDATE(2026-09-04)
   CRTIME(09.45.50)                        CURDEPTH(0)
   CUSTOM( )                               DEFBIND(OPEN)
   DEFPRTY(0)                              DEFPSIST(NO)
   DEFPRESP(SYNC)                          DEFREADA(NO)
   DEFSOPT(SHARED)                         DEFTYPE(PREDEFINED)
   DESCR(IHM)                              DISTL(NO)
   GET(ENABLED)                            HARDENBO
   INITQ( )                                IPPROCS(0)
   MAXDEPTH(5000)                          MAXMSGL(4194304)
   MONQ(QMGR)                              MSGDLVSQ(PRIORITY)
   NOTRIGGER                               NPMCLASS(NORMAL)
   OPPROCS(0)                              PROCESS( )
   PUT(ENABLED)                            PROPCTL(COMPAT)
   QDEPTHHI(80)                            QDEPTHLO(20)
   QDPHIEV(DISABLED)                       QDPLOEV(DISABLED)
   QDPMAXEV(ENABLED)                       QSVCIEV(NONE)
   QSVCINT(999999999)                      RETINTVL(999999999)
   SCOPE(QMGR)                             SHARE
   STATQ(QMGR)                             TRIGDATA( )
   TRIGDPTH(1)                             TRIGMPRI(0)
   TRIGTYPE(FIRST)                         USAGE(NORMAL)
AMQ8409: Display Queue details.
   QUEUE(QL.FO.IHMGR01)                    TYPE(QLOCAL)
   ACCTQ(QMGR)                             ALTDATE(2026-09-04)
   ALTTIME(09.45.50)                       BOQNAME( )
   BOTHRESH(0)                             CLUSNL( )
   CLUSTER( )                              CLCHNAME( )
   CLWLPRTY(0)                             CLWLRANK(0)
   CLWLUSEQ(QMGR)                          CRDATE(2026-09-04)
   CRTIME(09.45.50)                        CURDEPTH(0)
   CUSTOM( )                               DEFBIND(OPEN)
   DEFPRTY(0)                              DEFPSIST(NO)
   DEFPRESP(SYNC)                          DEFREADA(NO)
   DEFSOPT(SHARED)                         DEFTYPE(PREDEFINED)
   DESCR(IHM)                              DISTL(NO)
   GET(ENABLED)                            HARDENBO
   INITQ( )                                IPPROCS(2)
   MAXDEPTH(5000)                          MAXMSGL(4194304)
   MONQ(QMGR)                              MSGDLVSQ(PRIORITY)
   NOTRIGGER                               NPMCLASS(NORMAL)
   OPPROCS(0)                              PROCESS( )
   PUT(ENABLED)                            PROPCTL(COMPAT)
   QDEPTHHI(80)                            QDEPTHLO(20)
   QDPHIEV(DISABLED)                       QDPLOEV(DISABLED)
   QDPMAXEV(ENABLED)                       QSVCIEV(NONE)
   QSVCINT(999999999)                      RETINTVL(999999999)
   SCOPE(QMGR)                             SHARE
   STATQ(QMGR)                             TRIGDATA( )
   TRIGDPTH(1)                             TRIGMPRI(0)
   TRIGTYPE(FIRST)                         USAGE(NORMAL)
AMQ8409: Display Queue details.
   QUEUE(QL.FO.IHMGR01QR)                  TYPE(QLOCAL)
   ACCTQ(QMGR)                             ALTDATE(2026-09-04)
   ALTTIME(09.45.51)                       BOQNAME( )
   BOTHRESH(0)                             CLUSNL( )
   CLUSTER( )                              CLCHNAME( )
   CLWLPRTY(0)                             CLWLRANK(0)
   CLWLUSEQ(QMGR)                          CRDATE(2026-09-04)
   CRTIME(09.45.51)                        CURDEPTH(0)
   CUSTOM( )                               DEFBIND(OPEN)
   DEFPRTY(0)                              DEFPSIST(NO)
   DEFPRESP(SYNC)                          DEFREADA(NO)
   DEFSOPT(SHARED)                         DEFTYPE(PREDEFINED)
   DESCR(IHM)                              DISTL(NO)
   GET(ENABLED)                            HARDENBO
   INITQ( )                                IPPROCS(0)
   MAXDEPTH(5000)                          MAXMSGL(4194304)
   MONQ(QMGR)                              MSGDLVSQ(PRIORITY)
   NOTRIGGER                               NPMCLASS(NORMAL)
   OPPROCS(0)                              PROCESS( )
   PUT(ENABLED)                            PROPCTL(COMPAT)
   QDEPTHHI(80)                            QDEPTHLO(20)
   QDPHIEV(DISABLED)                       QDPLOEV(DISABLED)
   QDPMAXEV(ENABLED)                       QSVCIEV(NONE)
   QSVCINT(999999999)                      RETINTVL(999999999)
   SCOPE(QMGR)                             SHARE
   STATQ(QMGR)                             TRIGDATA( )
   TRIGDPTH(1)                             TRIGMPRI(0)
   TRIGTYPE(FIRST)                         USAGE(NORMAL)
AMQ8409: Display Queue details.
   QUEUE(QL.FO.IHMGR02)                    TYPE(QLOCAL)
   ACCTQ(QMGR)                             ALTDATE(2026-09-04)
   ALTTIME(09.45.52)                       BOQNAME( )
   BOTHRESH(0)                             CLUSNL( )
   CLUSTER( )                              CLCHNAME( )
   CLWLPRTY(0)                             CLWLRANK(0)
   CLWLUSEQ(QMGR)                          CRDATE(2026-09-04)
   CRTIME(09.45.52)                        CURDEPTH(0)
   CUSTOM( )                               DEFBIND(OPEN)
   DEFPRTY(0)                              DEFPSIST(NO)
   DEFPRESP(SYNC)                          DEFREADA(NO)
   DEFSOPT(SHARED)                         DEFTYPE(PREDEFINED)
   DESCR(IHM)                              DISTL(NO)
   GET(ENABLED)                            HARDENBO
   INITQ( )                                IPPROCS(1)
   MAXDEPTH(5000)                          MAXMSGL(4194304)
   MONQ(QMGR)                              MSGDLVSQ(PRIORITY)
   NOTRIGGER                               NPMCLASS(NORMAL)
   OPPROCS(0)                              PROCESS( )
   PUT(ENABLED)                            PROPCTL(COMPAT)
   QDEPTHHI(80)                            QDEPTHLO(20)
   QDPHIEV(DISABLED)                       QDPLOEV(DISABLED)
   QDPMAXEV(ENABLED)                       QSVCIEV(NONE)
   QSVCINT(999999999)                      RETINTVL(999999999)
   SCOPE(QMGR)                             SHARE
   STATQ(QMGR)                             TRIGDATA( )
   TRIGDPTH(1)                             TRIGMPRI(0)
   TRIGTYPE(FIRST)                         USAGE(NORMAL)
AMQ8409: Display Queue details.
   QUEUE(QL.FO.IHMGR02QR)                  TYPE(QLOCAL)
   ACCTQ(QMGR)                             ALTDATE(2026-09-04)
   ALTTIME(09.45.53)                       BOQNAME( )
   BOTHRESH(0)                             CLUSNL( )
   CLUSTER( )                              CLCHNAME( )
   CLWLPRTY(0)                             CLWLRANK(0)
   CLWLUSEQ(QMGR)                          CRDATE(2026-09-04)
   CRTIME(09.45.53)                        CURDEPTH(0)
   CUSTOM( )                               DEFBIND(OPEN)
   DEFPRTY(0)                              DEFPSIST(NO)
   DEFPRESP(SYNC)                          DEFREADA(NO)
   DEFSOPT(SHARED)                         DEFTYPE(PREDEFINED)
   DESCR(IHM)                              DISTL(NO)
   GET(ENABLED)                            HARDENBO
   INITQ( )                                IPPROCS(0)
   MAXDEPTH(5000)                          MAXMSGL(4194304)
   MONQ(QMGR)                              MSGDLVSQ(PRIORITY)
   NOTRIGGER                               NPMCLASS(NORMAL)
   OPPROCS(0)                              PROCESS( )
   PUT(ENABLED)                            PROPCTL(COMPAT)
   QDEPTHHI(80)                            QDEPTHLO(20)
   QDPHIEV(DISABLED)                       QDPLOEV(DISABLED)
   QDPMAXEV(ENABLED)                       QSVCIEV(NONE)
   QSVCINT(999999999)                      RETINTVL(999999999)
   SCOPE(QMGR)                             SHARE
   STATQ(QMGR)                             TRIGDATA( )
   TRIGDPTH(1)                             TRIGMPRI(0)
   TRIGTYPE(FIRST)                         USAGE(NORMAL)
AMQ8409: Display Queue details.
   QUEUE(QL.FO.IHMIF01)                    TYPE(QLOCAL)
   ACCTQ(QMGR)                             ALTDATE(2026-09-04)
   ALTTIME(09.45.54)                       BOQNAME( )
   BOTHRESH(0)                             CLUSNL( )
   CLUSTER( )                              CLCHNAME( )
   CLWLPRTY(0)                             CLWLRANK(0)
   CLWLUSEQ(QMGR)                          CRDATE(2026-09-04)
   CRTIME(09.45.54)                        CURDEPTH(0)
   CUSTOM( )                               DEFBIND(OPEN)
   DEFPRTY(0)                              DEFPSIST(NO)
   DEFPRESP(SYNC)                          DEFREADA(NO)
   DEFSOPT(SHARED)                         DEFTYPE(PREDEFINED)
   DESCR(Demande SINFOCLI Projet Declarations DOUANES)
   DISTL(NO)                               GET(ENABLED)
   HARDENBO                                INITQ( )
   IPPROCS(1)                              MAXDEPTH(5000)
   MAXMSGL(4194304)                        MONQ(QMGR)
   MSGDLVSQ(PRIORITY)                      NOTRIGGER
   NPMCLASS(NORMAL)                        OPPROCS(0)
   PROCESS( )                              PUT(ENABLED)
   PROPCTL(COMPAT)                         QDEPTHHI(80)
   QDEPTHLO(20)                            QDPHIEV(DISABLED)
   QDPLOEV(DISABLED)                       QDPMAXEV(ENABLED)
   QSVCIEV(NONE)                           QSVCINT(999999999)
   RETINTVL(999999999)                     SCOPE(QMGR)
   SHARE                                   STATQ(QMGR)
   TRIGDATA( )                             TRIGDPTH(1)
   TRIGMPRI(0)                             TRIGTYPE(FIRST)
   USAGE(NORMAL)                        
AMQ8409: Display Queue details.
   QUEUE(QL.FO.IHMIF01QR)                  TYPE(QLOCAL)
   ACCTQ(QMGR)                             ALTDATE(2026-09-04)
   ALTTIME(09.45.55)                       BOQNAME( )
   BOTHRESH(0)                             CLUSNL( )
   CLUSTER( )                              CLCHNAME( )
   CLWLPRTY(0)                             CLWLRANK(0)
   CLWLUSEQ(QMGR)                          CRDATE(2026-09-04)
   CRTIME(09.45.55)                        CURDEPTH(0)
   CUSTOM( )                               DEFBIND(OPEN)
   DEFPRTY(0)                              DEFPSIST(NO)
   DEFPRESP(SYNC)                          DEFREADA(NO)
   DEFSOPT(SHARED)                         DEFTYPE(PREDEFINED)
   DESCR(Reponse SINFOCLI Projet Declarations DOUANES)
   DISTL(NO)                               GET(ENABLED)
   HARDENBO                                INITQ( )
   IPPROCS(0)                              MAXDEPTH(5000)
   MAXMSGL(4194304)                        MONQ(QMGR)
   MSGDLVSQ(PRIORITY)                      NOTRIGGER
   NPMCLASS(NORMAL)                        OPPROCS(0)
   PROCESS( )                              PUT(ENABLED)
   PROPCTL(COMPAT)                         QDEPTHHI(80)
   QDEPTHLO(20)                            QDPHIEV(DISABLED)
   QDPLOEV(DISABLED)                       QDPMAXEV(ENABLED)
   QSVCIEV(NONE)                           QSVCINT(999999999)
   RETINTVL(999999999)                     SCOPE(QMGR)
   SHARE                                   STATQ(QMGR)
   TRIGDATA( )                             TRIGDPTH(1)
   TRIGMPRI(0)                             TRIGTYPE(FIRST)
   USAGE(NORMAL)                        
AMQ8409: Display Queue details.
   QUEUE(QL.FO.IHMMR01)                    TYPE(QLOCAL)
   ACCTQ(QMGR)                             ALTDATE(2026-09-04)
   ALTTIME(09.45.56)                       BOQNAME( )
   BOTHRESH(0)                             CLUSNL( )
   CLUSTER( )                              CLCHNAME( )
   CLWLPRTY(0)                             CLWLRANK(0)
   CLWLUSEQ(QMGR)                          CRDATE(2026-09-04)
   CRTIME(09.45.56)                        CURDEPTH(0)
   CUSTOM( )                               DEFBIND(OPEN)
   DEFPRTY(0)                              DEFPSIST(NO)
   DEFPRESP(SYNC)                          DEFREADA(NO)
   DEFSOPT(SHARED)                         DEFTYPE(PREDEFINED)
   DESCR(SI 48H IHM)                       DISTL(NO)
   GET(ENABLED)                            HARDENBO
   INITQ( )                                IPPROCS(1)
   MAXDEPTH(5000)                          MAXMSGL(4194304)
   MONQ(QMGR)                              MSGDLVSQ(PRIORITY)
   NOTRIGGER                               NPMCLASS(NORMAL)
   OPPROCS(0)                              PROCESS( )
   PUT(ENABLED)                            PROPCTL(COMPAT)
   QDEPTHHI(80)                            QDEPTHLO(20)
   QDPHIEV(DISABLED)                       QDPLOEV(DISABLED)
   QDPMAXEV(ENABLED)                       QSVCIEV(NONE)
   QSVCINT(999999999)                      RETINTVL(999999999)
   SCOPE(QMGR)                             SHARE
   STATQ(QMGR)                             TRIGDATA( )
   TRIGDPTH(1)                             TRIGMPRI(0)
   TRIGTYPE(FIRST)                         USAGE(NORMAL)
AMQ8409: Display Queue details.
   QUEUE(QL.FO.IHMMR01QR)                  TYPE(QLOCAL)
   ACCTQ(QMGR)                             ALTDATE(2026-09-04)
   ALTTIME(09.45.56)                       BOQNAME( )
   BOTHRESH(0)                             CLUSNL( )
   CLUSTER( )                              CLCHNAME( )
   CLWLPRTY(0)                             CLWLRANK(0)
   CLWLUSEQ(QMGR)                          CRDATE(2026-09-04)
   CRTIME(09.45.56)                        CURDEPTH(0)
   CUSTOM( )                               DEFBIND(OPEN)
   DEFPRTY(0)                              DEFPSIST(NO)
   DEFPRESP(SYNC)                          DEFREADA(NO)
   DEFSOPT(SHARED)                         DEFTYPE(PREDEFINED)
   DESCR(SI 48H IHM)                       DISTL(NO)
   GET(ENABLED)                            HARDENBO
   INITQ( )                                IPPROCS(0)
   MAXDEPTH(5000)                          MAXMSGL(4194304)
   MONQ(QMGR)                              MSGDLVSQ(PRIORITY)
   NOTRIGGER                               NPMCLASS(NORMAL)
   OPPROCS(0)                              PROCESS( )
   PUT(ENABLED)                            PROPCTL(COMPAT)
   QDEPTHHI(80)                            QDEPTHLO(20)
   QDPHIEV(DISABLED)                       QDPLOEV(DISABLED)
   QDPMAXEV(ENABLED)                       QSVCIEV(NONE)
   QSVCINT(999999999)                      RETINTVL(999999999)
   SCOPE(QMGR)                             SHARE
   STATQ(QMGR)                             TRIGDATA( )
   TRIGDPTH(1)                             TRIGMPRI(0)
   TRIGTYPE(FIRST)                         USAGE(NORMAL)
AMQ8409: Display Queue details.
   QUEUE(QL.FO.IHMSR01)                    TYPE(QLOCAL)
   ACCTQ(QMGR)                             ALTDATE(2026-09-04)
   ALTTIME(09.45.57)                       BOQNAME( )
   BOTHRESH(0)                             CLUSNL( )
   CLUSTER( )                              CLCHNAME( )
   CLWLPRTY(0)                             CLWLRANK(0)
   CLWLUSEQ(QMGR)                          CRDATE(2026-09-04)
   CRTIME(09.45.57)                        CURDEPTH(0)
   CUSTOM( )                               DEFBIND(OPEN)
   DEFPRTY(0)                              DEFPSIST(NO)
   DEFPRESP(SYNC)                          DEFREADA(NO)
   DEFSOPT(SHARED)                         DEFTYPE(PREDEFINED)
   DESCR(Appli PMAD - Prevision mise a Dispo)
   DISTL(NO)                               GET(ENABLED)
   HARDENBO                                INITQ( )
   IPPROCS(1)                              MAXDEPTH(5000)
   MAXMSGL(4194304)                        MONQ(QMGR)
   MSGDLVSQ(PRIORITY)                      NOTRIGGER
   NPMCLASS(NORMAL)                        OPPROCS(0)
   PROCESS( )                              PUT(ENABLED)
   PROPCTL(COMPAT)                         QDEPTHHI(80)
   QDEPTHLO(20)                            QDPHIEV(DISABLED)
   QDPLOEV(DISABLED)                       QDPMAXEV(ENABLED)
   QSVCIEV(NONE)                           QSVCINT(999999999)
   RETINTVL(999999999)                     SCOPE(QMGR)
   SHARE                                   STATQ(QMGR)
   TRIGDATA( )                             TRIGDPTH(1)
   TRIGMPRI(0)                             TRIGTYPE(FIRST)
   USAGE(NORMAL)                        
AMQ8409: Display Queue details.
   QUEUE(QL.FO.IHMSR01QR)                  TYPE(QLOCAL)
   ACCTQ(QMGR)                             ALTDATE(2026-09-04)
   ALTTIME(09.45.58)                       BOQNAME( )
   BOTHRESH(0)                             CLUSNL( )
   CLUSTER( )                              CLCHNAME( )
   CLWLPRTY(0)                             CLWLRANK(0)
   CLWLUSEQ(QMGR)                          CRDATE(2026-09-04)
   CRTIME(09.45.58)                        CURDEPTH(0)
   CUSTOM( )                               DEFBIND(OPEN)
   DEFPRTY(0)                              DEFPSIST(NO)
   DEFPRESP(SYNC)                          DEFREADA(NO)
   DEFSOPT(SHARED)                         DEFTYPE(PREDEFINED)
   DESCR(Appli PMAD - Prevision mise a Dispo)
   DISTL(NO)                               GET(ENABLED)
   HARDENBO                                INITQ( )
   IPPROCS(0)                              MAXDEPTH(5000)
   MAXMSGL(4194304)                        MONQ(QMGR)
   MSGDLVSQ(PRIORITY)                      NOTRIGGER
   NPMCLASS(NORMAL)                        OPPROCS(0)
   PROCESS( )                              PUT(ENABLED)
   PROPCTL(COMPAT)                         QDEPTHHI(80)
   QDEPTHLO(20)                            QDPHIEV(DISABLED)
   QDPLOEV(DISABLED)                       QDPMAXEV(ENABLED)
   QSVCIEV(NONE)                           QSVCINT(999999999)
   RETINTVL(999999999)                     SCOPE(QMGR)
   SHARE                                   STATQ(QMGR)
   TRIGDATA( )                             TRIGDPTH(1)
   TRIGMPRI(0)                             TRIGTYPE(FIRST)
   USAGE(NORMAL)                        
AMQ8409: Display Queue details.
   QUEUE(QL.FO.IHMSR02)                    TYPE(QLOCAL)
   ACCTQ(QMGR)                             ALTDATE(2026-09-04)
   ALTTIME(09.45.59)                       BOQNAME( )
   BOTHRESH(0)                             CLUSNL( )
   CLUSTER( )                              CLCHNAME( )
   CLWLPRTY(0)                             CLWLRANK(0)
   CLWLUSEQ(QMGR)                          CRDATE(2026-09-04)
   CRTIME(09.45.59)                        CURDEPTH(0)
   CUSTOM( )                               DEFBIND(OPEN)
   DEFPRTY(0)                              DEFPSIST(NO)
   DEFPRESP(SYNC)                          DEFREADA(NO)
   DEFSOPT(SHARED)                         DEFTYPE(PREDEFINED)
   DESCR(Appli PMAD - Prevision mise a Dispo)
   DISTL(NO)                               GET(ENABLED)
   HARDENBO                                INITQ( )
   IPPROCS(0)                              MAXDEPTH(5000)
   MAXMSGL(4194304)                        MONQ(QMGR)
   MSGDLVSQ(PRIORITY)                      NOTRIGGER
   NPMCLASS(NORMAL)                        OPPROCS(0)
   PROCESS( )                              PUT(ENABLED)
   PROPCTL(COMPAT)                         QDEPTHHI(80)
   QDEPTHLO(20)                            QDPHIEV(DISABLED)
   QDPLOEV(DISABLED)                       QDPMAXEV(ENABLED)
   QSVCIEV(NONE)                           QSVCINT(999999999)
   RETINTVL(999999999)                     SCOPE(QMGR)
   SHARE                                   STATQ(QMGR)
   TRIGDATA( )                             TRIGDPTH(1)
   TRIGMPRI(0)                             TRIGTYPE(FIRST)
   USAGE(NORMAL)                        
AMQ8409: Display Queue details.
   QUEUE(QL.FO.IHMTEST)                    TYPE(QLOCAL)
   ACCTQ(QMGR)                             ALTDATE(2026-09-04)
   ALTTIME(09.46.00)                       BOQNAME( )
   BOTHRESH(0)                             CLUSNL( )
   CLUSTER( )                              CLCHNAME( )
   CLWLPRTY(0)                             CLWLRANK(0)
   CLWLUSEQ(QMGR)                          CRDATE(2026-09-04)
   CRTIME(09.46.00)                        CURDEPTH(0)
   CUSTOM( )                               DEFBIND(OPEN)
   DEFPRTY(0)                              DEFPSIST(NO)
   DEFPRESP(SYNC)                          DEFREADA(NO)
   DEFSOPT(SHARED)                         DEFTYPE(PREDEFINED)
   DESCR(IHM TEST)                         DISTL(NO)
   GET(ENABLED)                            HARDENBO
   INITQ( )                                IPPROCS(1)
   MAXDEPTH(5000)                          MAXMSGL(4194304)
   MONQ(QMGR)                              MSGDLVSQ(PRIORITY)
   NOTRIGGER                               NPMCLASS(NORMAL)
   OPPROCS(0)                              PROCESS( )
   PUT(ENABLED)                            PROPCTL(COMPAT)
   QDEPTHHI(80)                            QDEPTHLO(20)
   QDPHIEV(DISABLED)                       QDPLOEV(DISABLED)
   QDPMAXEV(ENABLED)                       QSVCIEV(NONE)
   QSVCINT(999999999)                      RETINTVL(999999999)
   SCOPE(QMGR)                             SHARE
   STATQ(QMGR)                             TRIGDATA( )
   TRIGDPTH(1)                             TRIGMPRI(0)
   TRIGTYPE(FIRST)                         USAGE(NORMAL)
AMQ8409: Display Queue details.
   QUEUE(QL.FO.IHMTESTQR)                  TYPE(QLOCAL)
   ACCTQ(QMGR)                             ALTDATE(2026-09-04)
   ALTTIME(09.46.01)                       BOQNAME( )
   BOTHRESH(0)                             CLUSNL( )
   CLUSTER( )                              CLCHNAME( )
   CLWLPRTY(0)                             CLWLRANK(0)
   CLWLUSEQ(QMGR)                          CRDATE(2026-09-04)
   CRTIME(09.46.01)                        CURDEPTH(0)
   CUSTOM( )                               DEFBIND(OPEN)
   DEFPRTY(0)                              DEFPSIST(NO)
   DEFPRESP(SYNC)                          DEFREADA(NO)
   DEFSOPT(SHARED)                         DEFTYPE(PREDEFINED)
   DESCR(IHM TEST)                         DISTL(NO)
   GET(ENABLED)                            HARDENBO
   INITQ( )                                IPPROCS(0)
   MAXDEPTH(5000)                          MAXMSGL(4194304)
   MONQ(QMGR)                              MSGDLVSQ(PRIORITY)
   NOTRIGGER                               NPMCLASS(NORMAL)
   OPPROCS(0)                              PROCESS( )
   PUT(ENABLED)                            PROPCTL(COMPAT)
   QDEPTHHI(80)                            QDEPTHLO(20)
   QDPHIEV(DISABLED)                       QDPLOEV(DISABLED)
   QDPMAXEV(ENABLED)                       QSVCIEV(NONE)
   QSVCINT(999999999)                      RETINTVL(999999999)
   SCOPE(QMGR)                             SHARE
   STATQ(QMGR)                             TRIGDATA( )
   TRIGDPTH(1)                             TRIGMPRI(0)
   TRIGTYPE(FIRST)                         USAGE(NORMAL)
AMQ8409: Display Queue details.
   QUEUE(QL.FO.R.GNRC1.002)                TYPE(QLOCAL)
   ACCTQ(QMGR)                             ALTDATE(2026-08-24)
   ALTTIME(10.48.55)                       BOQNAME( )
   BOTHRESH(0)                             CLUSNL( )
   CLUSTER( )                              CLCHNAME( )
   CLWLPRTY(0)                             CLWLRANK(0)
   CLWLUSEQ(QMGR)                          CRDATE(2026-08-24)
   CRTIME(10.48.55)                        CURDEPTH(0)
   CUSTOM( )                               DEFBIND(OPEN)
   DEFPRTY(0)                              DEFPSIST(NO)
   DEFPRESP(SYNC)                          DEFREADA(NO)
   DEFSOPT(SHARED)                         DEFTYPE(PREDEFINED)
   DESCR(MVS Fos)                          DISTL(NO)
   GET(ENABLED)                            HARDENBO
   INITQ( )                                IPPROCS(0)
   MAXDEPTH(5000)                          MAXMSGL(4194304)
   MONQ(QMGR)                              MSGDLVSQ(PRIORITY)
   NOTRIGGER                               NPMCLASS(NORMAL)
   OPPROCS(0)                              PROCESS( )
   PUT(ENABLED)                            PROPCTL(COMPAT)
   QDEPTHHI(80)                            QDEPTHLO(20)
   QDPHIEV(DISABLED)                       QDPLOEV(DISABLED)
   QDPMAXEV(ENABLED)                       QSVCIEV(NONE)
   QSVCINT(999999999)                      RETINTVL(999999999)
   SCOPE(QMGR)                             SHARE
   STATQ(QMGR)                             TRIGDATA( )
   TRIGDPTH(1)                             TRIGMPRI(0)
   TRIGTYPE(FIRST)                         USAGE(NORMAL)
AMQ8409: Display Queue details.
   QUEUE(QL.FO.R.GNRC2.002)                TYPE(QLOCAL)
   ACCTQ(QMGR)                             ALTDATE(2026-08-24)
   ALTTIME(10.54.42)                       BOQNAME( )
   BOTHRESH(0)                             CLUSNL( )
   CLUSTER( )                              CLCHNAME( )
   CLWLPRTY(0)                             CLWLRANK(0)
   CLWLUSEQ(QMGR)                          CRDATE(2026-08-24)
   CRTIME(10.54.42)                        CURDEPTH(0)
   CUSTOM( )                               DEFBIND(OPEN)
   DEFPRTY(0)                              DEFPSIST(NO)
   DEFPRESP(SYNC)                          DEFREADA(NO)
   DEFSOPT(SHARED)                         DEFTYPE(PREDEFINED)
   DESCR(Demande specif Gpao BSGC2SPE)     DISTL(NO)
   GET(ENABLED)                            HARDENBO
   INITQ( )                                IPPROCS(0)
   MAXDEPTH(5000)                          MAXMSGL(4194304)
   MONQ(QMGR)                              MSGDLVSQ(PRIORITY)
   NOTRIGGER                               NPMCLASS(NORMAL)
   OPPROCS(0)                              PROCESS( )
   PUT(ENABLED)                            PROPCTL(COMPAT)
   QDEPTHHI(80)                            QDEPTHLO(20)
   QDPHIEV(DISABLED)                       QDPLOEV(DISABLED)
   QDPMAXEV(ENABLED)                       QSVCIEV(NONE)
   QSVCINT(999999999)                      RETINTVL(999999999)
   SCOPE(QMGR)                             SHARE
   STATQ(QMGR)                             TRIGDATA( )
   TRIGDPTH(1)                             TRIGMPRI(0)
   TRIGTYPE(FIRST)                         USAGE(NORMAL)
AMQ8409: Display Queue details.
   QUEUE(QL.FO.R.GPS01.001)                TYPE(QLOCAL)
   ACCTQ(QMGR)                             ALTDATE(2026-09-04)
   ALTTIME(09.46.01)                       BOQNAME( )
   BOTHRESH(0)                             CLUSNL( )
   CLUSTER( )                              CLCHNAME( )
   CLWLPRTY(0)                             CLWLRANK(0)
   CLWLUSEQ(QMGR)                          CRDATE(2026-09-04)
   CRTIME(09.46.01)                        CURDEPTH(0)
   CUSTOM( )                               DEFBIND(OPEN)
   DEFPRTY(0)                              DEFPSIST(NO)
   DEFPRESP(SYNC)                          DEFREADA(NO)
   DEFSOPT(SHARED)                         DEFTYPE(PREDEFINED)
   DESCR(queue local Stat transferts)      DISTL(NO)
   GET(ENABLED)                            HARDENBO
   INITQ( )                                IPPROCS(0)
   MAXDEPTH(5000)                          MAXMSGL(4194304)
   MONQ(QMGR)                              MSGDLVSQ(PRIORITY)
   NOTRIGGER                               NPMCLASS(NORMAL)
   OPPROCS(0)                              PROCESS( )
   PUT(ENABLED)                            PROPCTL(COMPAT)
   QDEPTHHI(80)                            QDEPTHLO(20)
   QDPHIEV(DISABLED)                       QDPLOEV(DISABLED)
   QDPMAXEV(ENABLED)                       QSVCIEV(NONE)
   QSVCINT(999999999)                      RETINTVL(999999999)
   SCOPE(QMGR)                             SHARE
   STATQ(QMGR)                             TRIGDATA( )
   TRIGDPTH(1)                             TRIGMPRI(0)
   TRIGTYPE(FIRST)                         USAGE(NORMAL)
AMQ8409: Display Queue details.
   QUEUE(QL.FO.SGS01)                      TYPE(QLOCAL)
   ACCTQ(QMGR)                             ALTDATE(2026-09-04)
   ALTTIME(09.46.02)                       BOQNAME( )
   BOTHRESH(0)                             CLUSNL( )
   CLUSTER( )                              CLCHNAME( )
   CLWLPRTY(0)                             CLWLRANK(0)
   CLWLUSEQ(QMGR)                          CRDATE(2026-09-04)
   CRTIME(09.46.02)                        CURDEPTH(0)
   CUSTOM( )                               DEFBIND(OPEN)
   DEFPRTY(0)                              DEFPSIST(NO)
   DEFPRESP(SYNC)                          DEFREADA(NO)
   DEFSOPT(SHARED)                         DEFTYPE(PREDEFINED)
   DESCR(MVS Fos)                          DISTL(NO)
   GET(ENABLED)                            HARDENBO
   INITQ( )                                IPPROCS(0)
   MAXDEPTH(5000)                          MAXMSGL(4194304)
   MONQ(QMGR)                              MSGDLVSQ(PRIORITY)
   NOTRIGGER                               NPMCLASS(NORMAL)
   OPPROCS(0)                              PROCESS( )
   PUT(ENABLED)                            PROPCTL(COMPAT)
   QDEPTHHI(80)                            QDEPTHLO(20)
   QDPHIEV(DISABLED)                       QDPLOEV(DISABLED)
   QDPMAXEV(ENABLED)                       QSVCIEV(NONE)
   QSVCINT(999999999)                      RETINTVL(999999999)
   SCOPE(QMGR)                             SHARE
   STATQ(QMGR)                             TRIGDATA( )
   TRIGDPTH(1)                             TRIGMPRI(0)
   TRIGTYPE(FIRST)                         USAGE(NORMAL)
AMQ8409: Display Queue details.
   QUEUE(QL.FO.SGS02)                      TYPE(QLOCAL)
   ACCTQ(QMGR)                             ALTDATE(2026-09-04)
   ALTTIME(09.46.03)                       BOQNAME( )
   BOTHRESH(0)                             CLUSNL( )
   CLUSTER( )                              CLCHNAME( )
   CLWLPRTY(0)                             CLWLRANK(0)
   CLWLUSEQ(QMGR)                          CRDATE(2026-09-04)
   CRTIME(09.46.03)                        CURDEPTH(0)
   CUSTOM( )                               DEFBIND(OPEN)
   DEFPRTY(0)                              DEFPSIST(NO)
   DEFPRESP(SYNC)                          DEFREADA(NO)
   DEFSOPT(SHARED)                         DEFTYPE(PREDEFINED)
   DESCR(MVS Fos)                          DISTL(NO)
   GET(ENABLED)                            HARDENBO
   INITQ( )                                IPPROCS(0)
   MAXDEPTH(5000)                          MAXMSGL(4194304)
   MONQ(QMGR)                              MSGDLVSQ(PRIORITY)
   NOTRIGGER                               NPMCLASS(NORMAL)
   OPPROCS(0)                              PROCESS( )
   PUT(ENABLED)                            PROPCTL(COMPAT)
   QDEPTHHI(80)                            QDEPTHLO(20)
   QDPHIEV(DISABLED)                       QDPLOEV(DISABLED)
   QDPMAXEV(ENABLED)                       QSVCIEV(NONE)
   QSVCINT(999999999)                      RETINTVL(999999999)
   SCOPE(QMGR)                             SHARE
   STATQ(QMGR)                             TRIGDATA( )
   TRIGDPTH(1)                             TRIGMPRI(0)
   TRIGTYPE(FIRST)                         USAGE(NORMAL)
AMQ8409: Display Queue details.
   QUEUE(QL.FO.TESTTXT)                    TYPE(QLOCAL)
   ACCTQ(QMGR)                             ALTDATE(2026-09-04)
   ALTTIME(09.46.04)                       BOQNAME( )
   BOTHRESH(0)                             CLUSNL( )
   CLUSTER( )                              CLCHNAME( )
   CLWLPRTY(0)                             CLWLRANK(0)
   CLWLUSEQ(QMGR)                          CRDATE(2026-09-04)
   CRTIME(09.46.04)                        CURDEPTH(0)
   CUSTOM( )                               DEFBIND(OPEN)
   DEFPRTY(0)                              DEFPSIST(NO)
   DEFPRESP(SYNC)                          DEFREADA(NO)
   DEFSOPT(SHARED)                         DEFTYPE(PREDEFINED)
   DESCR(TEST TXT)                         DISTL(NO)
   GET(ENABLED)                            HARDENBO
   INITQ( )                                IPPROCS(0)
   MAXDEPTH(5000)                          MAXMSGL(4194304)
   MONQ(QMGR)                              MSGDLVSQ(PRIORITY)
   NOTRIGGER                               NPMCLASS(NORMAL)
   OPPROCS(0)                              PROCESS( )
   PUT(ENABLED)                            PROPCTL(COMPAT)
   QDEPTHHI(80)                            QDEPTHLO(20)
   QDPHIEV(DISABLED)                       QDPLOEV(DISABLED)
   QDPMAXEV(ENABLED)                       QSVCIEV(NONE)
   QSVCINT(999999999)                      RETINTVL(999999999)
   SCOPE(QMGR)                             SHARE
   STATQ(QMGR)                             TRIGDATA( )
   TRIGDPTH(1)                             TRIGMPRI(0)
   TRIGTYPE(FIRST)                         USAGE(NORMAL)
AMQ8409: Display Queue details.
   QUEUE(QL.FO.TST01.001)                  TYPE(QLOCAL)
   ACCTQ(QMGR)                             ALTDATE(2026-09-04)
   ALTTIME(09.46.05)                       BOQNAME( )
   BOTHRESH(0)                             CLUSNL( )
   CLUSTER( )                              CLCHNAME( )
   CLWLPRTY(0)                             CLWLRANK(0)
   CLWLUSEQ(QMGR)                          CRDATE(2026-09-04)
   CRTIME(09.46.05)                        CURDEPTH(0)
   CUSTOM( )                               DEFBIND(OPEN)
   DEFPRTY(0)                              DEFPSIST(NO)
   DEFPRESP(SYNC)                          DEFREADA(NO)
   DEFSOPT(SHARED)                         DEFTYPE(PREDEFINED)
   DESCR(Essai Z303)                       DISTL(NO)
   GET(ENABLED)                            HARDENBO
   INITQ( )                                IPPROCS(0)
   MAXDEPTH(5000)                          MAXMSGL(4194304)
   MONQ(QMGR)                              MSGDLVSQ(PRIORITY)
   NOTRIGGER                               NPMCLASS(NORMAL)
   OPPROCS(0)                              PROCESS( )
   PUT(ENABLED)                            PROPCTL(COMPAT)
   QDEPTHHI(80)                            QDEPTHLO(20)
   QDPHIEV(DISABLED)                       QDPLOEV(DISABLED)
   QDPMAXEV(ENABLED)                       QSVCIEV(NONE)
   QSVCINT(999999999)                      RETINTVL(999999999)
   SCOPE(QMGR)                             SHARE
   STATQ(QMGR)                             TRIGDATA( )
   TRIGDPTH(1)                             TRIGMPRI(0)
   TRIGTYPE(FIRST)                         USAGE(NORMAL)
AMQ8409: Display Queue details.
   QUEUE(QL.FO.TST02.001)                  TYPE(QLOCAL)
   ACCTQ(QMGR)                             ALTDATE(2026-09-04)
   ALTTIME(09.46.06)                       BOQNAME( )
   BOTHRESH(0)                             CLUSNL( )
   CLUSTER( )                              CLCHNAME( )
   CLWLPRTY(0)                             CLWLRANK(0)
   CLWLUSEQ(QMGR)                          CRDATE(2026-09-04)
   CRTIME(09.46.06)                        CURDEPTH(0)
   CUSTOM( )                               DEFBIND(OPEN)
   DEFPRTY(0)                              DEFPSIST(NO)
   DEFPRESP(SYNC)                          DEFREADA(NO)
   DEFSOPT(SHARED)                         DEFTYPE(PREDEFINED)
   DESCR(Tests DK / Alpha)                 DISTL(NO)
   GET(ENABLED)                            HARDENBO
   INITQ( )                                IPPROCS(0)
   MAXDEPTH(5000)                          MAXMSGL(4194304)
   MONQ(QMGR)                              MSGDLVSQ(PRIORITY)
   NOTRIGGER                               NPMCLASS(NORMAL)
   OPPROCS(0)                              PROCESS( )
   PUT(ENABLED)                            PROPCTL(COMPAT)
   QDEPTHHI(80)                            QDEPTHLO(20)
   QDPHIEV(DISABLED)                       QDPLOEV(DISABLED)
   QDPMAXEV(ENABLED)                       QSVCIEV(NONE)
   QSVCINT(999999999)                      RETINTVL(999999999)
   SCOPE(QMGR)                             SHARE
   STATQ(QMGR)                             TRIGDATA( )
   TRIGDPTH(1)                             TRIGMPRI(0)
   TRIGTYPE(FIRST)                         USAGE(NORMAL)
AMQ8409: Display Queue details.
   QUEUE(QL.FO.ZAS.ANNUAIRE)               TYPE(QLOCAL)
   ACCTQ(QMGR)                             ALTDATE(2026-09-04)
   ALTTIME(09.46.06)                       BOQNAME( )
   BOTHRESH(0)                             CLUSNL( )
   CLUSTER( )                              CLCHNAME( )
   CLWLPRTY(0)                             CLWLRANK(0)
   CLWLUSEQ(QMGR)                          CRDATE(2026-09-04)
   CRTIME(09.46.06)                        CURDEPTH(0)
   CUSTOM( )                               DEFBIND(OPEN)
   DEFPRTY(0)                              DEFPSIST(NO)
   DEFPRESP(SYNC)                          DEFREADA(NO)
   DEFSOPT(SHARED)                         DEFTYPE(PREDEFINED)
   DESCR(Annuaire)                         DISTL(NO)
   GET(ENABLED)                            HARDENBO
   INITQ( )                                IPPROCS(0)
   MAXDEPTH(5000)                          MAXMSGL(4194304)
   MONQ(QMGR)                              MSGDLVSQ(PRIORITY)
   NOTRIGGER                               NPMCLASS(NORMAL)
   OPPROCS(0)                              PROCESS( )
   PUT(ENABLED)                            PROPCTL(COMPAT)
   QDEPTHHI(80)                            QDEPTHLO(20)
   QDPHIEV(DISABLED)                       QDPLOEV(DISABLED)
   QDPMAXEV(ENABLED)                       QSVCIEV(NONE)
   QSVCINT(999999999)                      RETINTVL(999999999)
   SCOPE(QMGR)                             SHARE
   STATQ(QMGR)                             TRIGDATA( )
   TRIGDPTH(1)                             TRIGMPRI(0)
   TRIGTYPE(FIRST)                         USAGE(NORMAL)
AMQ8409: Display Queue details.
   QUEUE(QL.FOSR.TMP)                      TYPE(QLOCAL)
   ACCTQ(QMGR)                             ALTDATE(2026-09-04)
   ALTTIME(09.46.07)                       BOQNAME( )
   BOTHRESH(0)                             CLUSNL( )
   CLUSTER( )                              CLCHNAME( )
   CLWLPRTY(0)                             CLWLRANK(0)
   CLWLUSEQ(QMGR)                          CRDATE(2026-09-04)
   CRTIME(09.46.07)                        CURDEPTH(0)
   CUSTOM( )                               DEFBIND(OPEN)
   DEFPRTY(0)                              DEFPSIST(NO)
   DEFPRESP(SYNC)                          DEFREADA(NO)
   DEFSOPT(SHARED)                         DEFTYPE(PREDEFINED)
   DESCR(TEST ECD)                         DISTL(NO)
   GET(ENABLED)                            HARDENBO
   INITQ( )                                IPPROCS(0)
   MAXDEPTH(5000)                          MAXMSGL(4194304)
   MONQ(QMGR)                              MSGDLVSQ(PRIORITY)
   NOTRIGGER                               NPMCLASS(NORMAL)
   OPPROCS(0)                              PROCESS( )
   PUT(ENABLED)                            PROPCTL(COMPAT)
   QDEPTHHI(80)                            QDEPTHLO(20)
   QDPHIEV(DISABLED)                       QDPLOEV(DISABLED)
   QDPMAXEV(ENABLED)                       QSVCIEV(NONE)
   QSVCINT(999999999)                      RETINTVL(999999999)
   SCOPE(QMGR)                             SHARE
   STATQ(QMGR)                             TRIGDATA( )
   TRIGDPTH(1)                             TRIGMPRI(0)
   TRIGTYPE(FIRST)                         USAGE(NORMAL)
AMQ8409: Display Queue details.
   QUEUE(QL.PWFOS.ACKDATAR)                TYPE(QLOCAL)
   ACCTQ(QMGR)                             ALTDATE(2026-09-04)
   ALTTIME(09.46.08)                       BOQNAME( )
   BOTHRESH(0)                             CLUSNL( )
   CLUSTER( )                              CLCHNAME( )
   CLWLPRTY(0)                             CLWLRANK(0)
   CLWLUSEQ(QMGR)                          CRDATE(2026-09-04)
   CRTIME(09.46.08)                        CURDEPTH(0)
   CUSTOM( )                               DEFBIND(OPEN)
   DEFPRTY(0)                              DEFPSIST(NO)
   DEFPRESP(SYNC)                          DEFREADA(NO)
   DEFSOPT(SHARED)                         DEFTYPE(PREDEFINED)
   DESCR(Plan Wide)                        DISTL(NO)
   GET(ENABLED)                            HARDENBO
   INITQ( )                                IPPROCS(0)
   MAXDEPTH(5000)                          MAXMSGL(4194304)
   MONQ(QMGR)                              MSGDLVSQ(PRIORITY)
   NOTRIGGER                               NPMCLASS(NORMAL)
   OPPROCS(0)                              PROCESS( )
   PUT(ENABLED)                            PROPCTL(COMPAT)
   QDEPTHHI(80)                            QDEPTHLO(20)
   QDPHIEV(DISABLED)                       QDPLOEV(DISABLED)
   QDPMAXEV(ENABLED)                       QSVCIEV(NONE)
   QSVCINT(999999999)                      RETINTVL(999999999)
   SCOPE(QMGR)                             SHARE
   STATQ(QMGR)                             TRIGDATA( )
   TRIGDPTH(1)                             TRIGMPRI(0)
   TRIGTYPE(FIRST)                         USAGE(NORMAL)
AMQ8409: Display Queue details.
   QUEUE(QL.PWFOS.RESQUALR)                TYPE(QLOCAL)
   ACCTQ(QMGR)                             ALTDATE(2026-09-04)
   ALTTIME(09.46.09)                       BOQNAME( )
   BOTHRESH(0)                             CLUSNL( )
   CLUSTER( )                              CLCHNAME( )
   CLWLPRTY(0)                             CLWLRANK(0)
   CLWLUSEQ(QMGR)                          CRDATE(2026-09-04)
   CRTIME(09.46.09)                        CURDEPTH(0)
   CUSTOM( )                               DEFBIND(OPEN)
   DEFPRTY(0)                              DEFPSIST(NO)
   DEFPRESP(SYNC)                          DEFREADA(NO)
   DEFSOPT(SHARED)                         DEFTYPE(PREDEFINED)
   DESCR(Plan Wide)                        DISTL(NO)
   GET(ENABLED)                            HARDENBO
   INITQ( )                                IPPROCS(0)
   MAXDEPTH(5000)                          MAXMSGL(4194304)
   MONQ(QMGR)                              MSGDLVSQ(PRIORITY)
   NOTRIGGER                               NPMCLASS(NORMAL)
   OPPROCS(0)                              PROCESS( )
   PUT(ENABLED)                            PROPCTL(COMPAT)
   QDEPTHHI(80)                            QDEPTHLO(20)
   QDPHIEV(DISABLED)                       QDPLOEV(DISABLED)
   QDPMAXEV(ENABLED)                       QSVCIEV(NONE)
   QSVCINT(999999999)                      RETINTVL(999999999)
   SCOPE(QMGR)                             SHARE
   STATQ(QMGR)                             TRIGDATA( )
   TRIGDPTH(1)                             TRIGMPRI(0)
   TRIGTYPE(FIRST)                         USAGE(NORMAL)
AMQ8409: Display Queue details.
   QUEUE(QL.PWSUIVI.MSGPWR)                TYPE(QLOCAL)
   ACCTQ(QMGR)                             ALTDATE(2026-09-04)
   ALTTIME(09.46.10)                       BOQNAME( )
   BOTHRESH(0)                             CLUSNL( )
   CLUSTER( )                              CLCHNAME( )
   CLWLPRTY(0)                             CLWLRANK(0)
   CLWLUSEQ(QMGR)                          CRDATE(2026-09-04)
   CRTIME(09.46.10)                        CURDEPTH(0)
   CUSTOM( )                               DEFBIND(OPEN)
   DEFPRTY(0)                              DEFPSIST(NO)
   DEFPRESP(SYNC)                          DEFREADA(NO)
   DEFSOPT(SHARED)                         DEFTYPE(PREDEFINED)
   DESCR(Plan Wide LTS archi des messages)
   DISTL(NO)                               GET(ENABLED)
   HARDENBO                                INITQ( )
   IPPROCS(0)                              MAXDEPTH(5000)
   MAXMSGL(4194304)                        MONQ(QMGR)
   MSGDLVSQ(PRIORITY)                      NOTRIGGER
   NPMCLASS(NORMAL)                        OPPROCS(0)
   PROCESS( )                              PUT(ENABLED)
   PROPCTL(COMPAT)                         QDEPTHHI(80)
   QDEPTHLO(20)                            QDPHIEV(DISABLED)
   QDPLOEV(DISABLED)                       QDPMAXEV(ENABLED)
   QSVCIEV(NONE)                           QSVCINT(999999999)
   RETINTVL(999999999)                     SCOPE(QMGR)
   SHARE                                   STATQ(QMGR)
   TRIGDATA( )                             TRIGDPTH(1)
   TRIGMPRI(0)                             TRIGTYPE(FIRST)
   USAGE(NORMAL)                        
AMQ8409: Display Queue details.
   QUEUE(QL.SIC.TDM.LEG1.001)              TYPE(QLOCAL)
   ACCTQ(QMGR)                             ALTDATE(2026-09-04)
   ALTTIME(09.46.11)                       BOQNAME( )
   BOTHRESH(0)                             CLUSNL( )
   CLUSTER( )                              CLCHNAME( )
   CLWLPRTY(0)                             CLWLRANK(0)
   CLWLUSEQ(QMGR)                          CRDATE(2026-09-04)
   CRTIME(09.46.11)                        CURDEPTH(0)
   CUSTOM( )                               DEFBIND(OPEN)
   DEFPRTY(0)                              DEFPSIST(NO)
   DEFPRESP(SYNC)                          DEFREADA(NO)
   DEFSOPT(SHARED)                         DEFTYPE(PREDEFINED)
   DESCR(Recette Lot 1MDI SIC on Line)     DISTL(NO)
   GET(ENABLED)                            HARDENBO
   INITQ( )                                IPPROCS(0)
   MAXDEPTH(5000)                          MAXMSGL(4194304)
   MONQ(QMGR)                              MSGDLVSQ(PRIORITY)
   NOTRIGGER                               NPMCLASS(NORMAL)
   OPPROCS(0)                              PROCESS( )
   PUT(ENABLED)                            PROPCTL(COMPAT)
   QDEPTHHI(80)                            QDEPTHLO(20)
   QDPHIEV(DISABLED)                       QDPLOEV(DISABLED)
   QDPMAXEV(ENABLED)                       QSVCIEV(NONE)
   QSVCINT(999999999)                      RETINTVL(999999999)
   SCOPE(QMGR)                             SHARE
   STATQ(QMGR)                             TRIGDATA( )
   TRIGDPTH(1)                             TRIGMPRI(0)
   TRIGTYPE(FIRST)                         USAGE(NORMAL)
AMQ8409: Display Queue details.
   QUEUE(QL.SWIP.LMAW.SULMAT)              TYPE(QLOCAL)
   ACCTQ(QMGR)                             ALTDATE(2026-09-04)
   ALTTIME(09.46.14)                       BOQNAME( )
   BOTHRESH(0)                             CLUSNL( )
   CLUSTER( )                              CLCHNAME( )
   CLWLPRTY(0)                             CLWLRANK(0)
   CLWLUSEQ(QMGR)                          CRDATE(2026-09-04)
   CRTIME(09.46.14)                        CURDEPTH(0)
   CUSTOM( )                               DEFBIND(OPEN)
   DEFPRTY(0)                              DEFPSIST(NO)
   DEFPRESP(SYNC)                          DEFREADA(NO)
   DEFSOPT(SHARED)                         DEFTYPE(PREDEFINED)
   DESCR(batch permanent message LMAW vers Swip)
   DISTL(NO)                               GET(ENABLED)
   HARDENBO                                INITQ( )
   IPPROCS(0)                              MAXDEPTH(5000)
   MAXMSGL(4194304)                        MONQ(QMGR)
   MSGDLVSQ(PRIORITY)                      NOTRIGGER
   NPMCLASS(NORMAL)                        OPPROCS(0)
   PROCESS( )                              PUT(ENABLED)
   PROPCTL(COMPAT)                         QDEPTHHI(80)
   QDEPTHLO(20)                            QDPHIEV(DISABLED)
   QDPLOEV(DISABLED)                       QDPMAXEV(ENABLED)
   QSVCIEV(NONE)                           QSVCINT(999999999)
   RETINTVL(999999999)                     SCOPE(QMGR)
   SHARE                                   STATQ(QMGR)
   TRIGDATA( )                             TRIGDPTH(1)
   TRIGMPRI(0)                             TRIGTYPE(FIRST)
   USAGE(NORMAL)                        
AMQ8409: Display Queue details.
   QUEUE(QL.TST.TEPROUV)                   TYPE(QLOCAL)
   ACCTQ(QMGR)                             ALTDATE(2026-07-10)
   ALTTIME(19.53.13)                       BOQNAME( )
   BOTHRESH(0)                             CLUSNL( )
   CLUSTER( )                              CLCHNAME( )
   CLWLPRTY(0)                             CLWLRANK(0)
   CLWLUSEQ(QMGR)                          CRDATE(2026-07-10)
   CRTIME(19.53.13)                        CURDEPTH(0)
   CUSTOM( )                               DEFBIND(OPEN)
   DEFPRTY(0)                              DEFPSIST(YES)
   DEFPRESP(SYNC)                          DEFREADA(NO)
   DEFSOPT(SHARED)                         DEFTYPE(PREDEFINED)
   DESCR(File de test canal CH.SVRCONN.TEPROUV)
   DISTL(NO)                               GET(ENABLED)
   HARDENBO                                INITQ( )
   IPPROCS(0)                              MAXDEPTH(5000)
   MAXMSGL(4194304)                        MONQ(QMGR)
   MSGDLVSQ(PRIORITY)                      NOTRIGGER
   NPMCLASS(NORMAL)                        OPPROCS(0)
   PROCESS( )                              PUT(ENABLED)
   PROPCTL(COMPAT)                         QDEPTHHI(80)
   QDEPTHLO(20)                            QDPHIEV(DISABLED)
   QDPLOEV(DISABLED)                       QDPMAXEV(ENABLED)
   QSVCIEV(NONE)                           QSVCINT(999999999)
   RETINTVL(999999999)                     SCOPE(QMGR)
   SHARE                                   STATQ(QMGR)
   TRIGDATA( )                             TRIGDPTH(1)
   TRIGMPRI(0)                             TRIGTYPE(FIRST)
   USAGE(NORMAL)                        
AMQ8409: Display Queue details.
   QUEUE(SYSTEM.ADMIN.ACCOUNTING.QUEUE)    TYPE(QLOCAL)
   ACCTQ(OFF)                              ALTDATE(2026-06-22)
   ALTTIME(16.15.56)                       BOQNAME( )
   BOTHRESH(0)                             CLUSNL( )
   CLUSTER( )                              CLCHNAME( )
   CLWLPRTY(0)                             CLWLRANK(0)
   CLWLUSEQ(QMGR)                          CRDATE(2026-06-22)
   CRTIME(16.15.56)                        CURDEPTH(0)
   CUSTOM( )                               DEFBIND(OPEN)
   DEFPRTY(0)                              DEFPSIST(NO)
   DEFPRESP(SYNC)                          DEFREADA(NO)
   DEFSOPT(SHARED)                         DEFTYPE(PREDEFINED)
   DESCR(IBM MQ Administration Accounting Queue)
   DISTL(NO)                               GET(ENABLED)
   HARDENBO                                INITQ( )
   IPPROCS(0)                              MAXDEPTH(3000)
   MAXMSGL(4194304)                        MONQ(QMGR)
   MSGDLVSQ(PRIORITY)                      NOTRIGGER
   NPMCLASS(NORMAL)                        OPPROCS(0)
   PROCESS( )                              PUT(ENABLED)
   PROPCTL(COMPAT)                         QDEPTHHI(80)
   QDEPTHLO(20)                            QDPHIEV(DISABLED)
   QDPLOEV(DISABLED)                       QDPMAXEV(ENABLED)
   QSVCIEV(NONE)                           QSVCINT(999999999)
   RETINTVL(999999999)                     SCOPE(QMGR)
   SHARE                                   STATQ(OFF)
   TRIGDATA( )                             TRIGDPTH(1)
   TRIGMPRI(0)                             TRIGTYPE(NONE)
   USAGE(NORMAL)                        
AMQ8409: Display Queue details.
   QUEUE(SYSTEM.ADMIN.ACTIVITY.QUEUE)      TYPE(QLOCAL)
   ACCTQ(QMGR)                             ALTDATE(2026-06-22)
   ALTTIME(16.15.56)                       BOQNAME( )
   BOTHRESH(0)                             CLUSNL( )
   CLUSTER( )                              CLCHNAME( )
   CLWLPRTY(0)                             CLWLRANK(0)
   CLWLUSEQ(QMGR)                          CRDATE(2026-06-22)
   CRTIME(16.15.56)                        CURDEPTH(0)
   CUSTOM( )                               DEFBIND(OPEN)
   DEFPRTY(0)                              DEFPSIST(NO)
   DEFPRESP(SYNC)                          DEFREADA(NO)
   DEFSOPT(SHARED)                         DEFTYPE(PREDEFINED)
   DESCR(IBM MQ Administration Activity Queue)
   DISTL(NO)                               GET(ENABLED)
   HARDENBO                                INITQ( )
   IPPROCS(0)                              MAXDEPTH(5000)
   MAXMSGL(4194304)                        MONQ(QMGR)
   MSGDLVSQ(PRIORITY)                      NOTRIGGER
   NPMCLASS(NORMAL)                        OPPROCS(0)
   PROCESS( )                              PUT(ENABLED)
   PROPCTL(COMPAT)                         QDEPTHHI(80)
   QDEPTHLO(20)                            QDPHIEV(DISABLED)
   QDPLOEV(DISABLED)                       QDPMAXEV(ENABLED)
   QSVCIEV(NONE)                           QSVCINT(999999999)
   RETINTVL(999999999)                     SCOPE(QMGR)
   SHARE                                   STATQ(QMGR)
   TRIGDATA( )                             TRIGDPTH(1)
   TRIGMPRI(0)                             TRIGTYPE(FIRST)
   USAGE(NORMAL)                        
AMQ8409: Display Queue details.
   QUEUE(SYSTEM.ADMIN.CHANNEL.EVENT)       TYPE(QLOCAL)
   ACCTQ(QMGR)                             ALTDATE(2026-06-22)
   ALTTIME(16.15.56)                       BOQNAME( )
   BOTHRESH(0)                             CLUSNL( )
   CLUSTER( )                              CLCHNAME( )
   CLWLPRTY(0)                             CLWLRANK(0)
   CLWLUSEQ(QMGR)                          CRDATE(2026-06-22)
   CRTIME(16.15.56)                        CURDEPTH(0)
   CUSTOM( )                               DEFBIND(OPEN)
   DEFPRTY(0)                              DEFPSIST(NO)
   DEFPRESP(SYNC)                          DEFREADA(NO)
   DEFSOPT(EXCL)                           DEFTYPE(PREDEFINED)
   DESCR(IBM MQ Channel Related Event Queue)
   DISTL(NO)                               GET(ENABLED)
   HARDENBO                                INITQ( )
   IPPROCS(0)                              MAXDEPTH(3000)
   MAXMSGL(9000)                           MONQ(QMGR)
   MSGDLVSQ(PRIORITY)                      NOTRIGGER
   NPMCLASS(NORMAL)                        OPPROCS(0)
   PROCESS( )                              PUT(ENABLED)
   PROPCTL(COMPAT)                         QDEPTHHI(80)
   QDEPTHLO(20)                            QDPHIEV(DISABLED)
   QDPLOEV(DISABLED)                       QDPMAXEV(ENABLED)
   QSVCIEV(NONE)                           QSVCINT(999999999)
   RETINTVL(999999999)                     SCOPE(QMGR)
   NOSHARE                                 STATQ(QMGR)
   TRIGDATA( )                             TRIGDPTH(1)
   TRIGMPRI(0)                             TRIGTYPE(NONE)
   USAGE(NORMAL)                        
AMQ8409: Display Queue details.
   QUEUE(SYSTEM.ADMIN.COMMAND.EVENT)       TYPE(QLOCAL)
   ACCTQ(QMGR)                             ALTDATE(2026-06-22)
   ALTTIME(16.15.56)                       BOQNAME( )
   BOTHRESH(0)                             CLUSNL( )
   CLUSTER( )                              CLCHNAME( )
   CLWLPRTY(0)                             CLWLRANK(0)
   CLWLUSEQ(QMGR)                          CRDATE(2026-06-22)
   CRTIME(16.15.56)                        CURDEPTH(0)
   CUSTOM( )                               DEFBIND(OPEN)
   DEFPRTY(0)                              DEFPSIST(NO)
   DEFPRESP(SYNC)                          DEFREADA(NO)
   DEFSOPT(EXCL)                           DEFTYPE(PREDEFINED)
   DESCR(IBM MQ Command Event Queue)       DISTL(NO)
   GET(ENABLED)                            HARDENBO
   INITQ( )                                IPPROCS(0)
   MAXDEPTH(5000)                          MAXMSGL(4194304)
   MONQ(QMGR)                              MSGDLVSQ(PRIORITY)
   NOTRIGGER                               NPMCLASS(NORMAL)
   OPPROCS(0)                              PROCESS( )
   PUT(ENABLED)                            PROPCTL(COMPAT)
   QDEPTHHI(80)                            QDEPTHLO(20)
   QDPHIEV(DISABLED)                       QDPLOEV(DISABLED)
   QDPMAXEV(ENABLED)                       QSVCIEV(NONE)
   QSVCINT(999999999)                      RETINTVL(999999999)
   SCOPE(QMGR)                             NOSHARE
   STATQ(QMGR)                             TRIGDATA( )
   TRIGDPTH(1)                             TRIGMPRI(0)
   TRIGTYPE(NONE)                          USAGE(NORMAL)
AMQ8409: Display Queue details.
   QUEUE(SYSTEM.ADMIN.COMMAND.QUEUE)       TYPE(QLOCAL)
   ACCTQ(QMGR)                             ALTDATE(2026-06-22)
   ALTTIME(16.15.56)                       BOQNAME( )
   BOTHRESH(0)                             CLUSNL( )
   CLUSTER( )                              CLCHNAME( )
   CLWLPRTY(0)                             CLWLRANK(0)
   CLWLUSEQ(QMGR)                          CRDATE(2026-06-22)
   CRTIME(16.15.56)                        CURDEPTH(0)
   CUSTOM( )                               DEFBIND(OPEN)
   DEFPRTY(0)                              DEFPSIST(NO)
   DEFPRESP(SYNC)                          DEFREADA(NO)
   DEFSOPT(EXCL)                           DEFTYPE(PREDEFINED)
   DESCR(IBM MQ Administration Command Queue)
   DISTL(NO)                               GET(ENABLED)
   HARDENBO                                INITQ( )
   IPPROCS(1)                              MAXDEPTH(3000)
   MAXMSGL(32762)                          MONQ(QMGR)
   MSGDLVSQ(PRIORITY)                      NOTRIGGER
   NPMCLASS(NORMAL)                        OPPROCS(0)
   PROCESS( )                              PUT(ENABLED)
   PROPCTL(COMPAT)                         QDEPTHHI(80)
   QDEPTHLO(20)                            QDPHIEV(DISABLED)
   QDPLOEV(DISABLED)                       QDPMAXEV(ENABLED)
   QSVCIEV(NONE)                           QSVCINT(999999999)
   RETINTVL(999999999)                     SCOPE(QMGR)
   NOSHARE                                 STATQ(QMGR)
   TRIGDATA( )                             TRIGDPTH(1)
   TRIGMPRI(0)                             TRIGTYPE(NONE)
   USAGE(NORMAL)                        
AMQ8409: Display Queue details.
   QUEUE(SYSTEM.ADMIN.CONFIG.EVENT)        TYPE(QLOCAL)
   ACCTQ(QMGR)                             ALTDATE(2026-06-22)
   ALTTIME(16.15.56)                       BOQNAME( )
   BOTHRESH(0)                             CLUSNL( )
   CLUSTER( )                              CLCHNAME( )
   CLWLPRTY(0)                             CLWLRANK(0)
   CLWLUSEQ(QMGR)                          CRDATE(2026-06-22)
   CRTIME(16.15.56)                        CURDEPTH(0)
   CUSTOM( )                               DEFBIND(OPEN)
   DEFPRTY(0)                              DEFPSIST(NO)
   DEFPRESP(SYNC)                          DEFREADA(NO)
   DEFSOPT(EXCL)                           DEFTYPE(PREDEFINED)
   DESCR(IBM MQ Configuration Event Queue)
   DISTL(NO)                               GET(ENABLED)
   HARDENBO                                INITQ( )
   IPPROCS(0)                              MAXDEPTH(5000)
   MAXMSGL(4194304)                        MONQ(QMGR)
   MSGDLVSQ(PRIORITY)                      NOTRIGGER
   NPMCLASS(NORMAL)                        OPPROCS(0)
   PROCESS( )                              PUT(ENABLED)
   PROPCTL(COMPAT)                         QDEPTHHI(80)
   QDEPTHLO(20)                            QDPHIEV(DISABLED)
   QDPLOEV(DISABLED)                       QDPMAXEV(ENABLED)
   QSVCIEV(NONE)                           QSVCINT(999999999)
   RETINTVL(999999999)                     SCOPE(QMGR)
   NOSHARE                                 STATQ(QMGR)
   TRIGDATA( )                             TRIGDPTH(1)
   TRIGMPRI(0)                             TRIGTYPE(NONE)
   USAGE(NORMAL)                        
AMQ8409: Display Queue details.
   QUEUE(SYSTEM.ADMIN.LOGGER.EVENT)        TYPE(QLOCAL)
   ACCTQ(QMGR)                             ALTDATE(2026-06-22)
   ALTTIME(16.15.56)                       BOQNAME( )
   BOTHRESH(0)                             CLUSNL( )
   CLUSTER( )                              CLCHNAME( )
   CLWLPRTY(0)                             CLWLRANK(0)
   CLWLUSEQ(QMGR)                          CRDATE(2026-06-22)
   CRTIME(16.15.56)                        CURDEPTH(0)
   CUSTOM( )                               DEFBIND(OPEN)
   DEFPRTY(0)                              DEFPSIST(NO)
   DEFPRESP(SYNC)                          DEFREADA(NO)
   DEFSOPT(EXCL)                           DEFTYPE(PREDEFINED)
   DESCR(IBM MQ Logger Event Queue)        DISTL(NO)
   GET(ENABLED)                            HARDENBO
   INITQ( )                                IPPROCS(0)
   MAXDEPTH(3000)                          MAXMSGL(9000)
   MONQ(QMGR)                              MSGDLVSQ(PRIORITY)
   NOTRIGGER                               NPMCLASS(NORMAL)
   OPPROCS(0)                              PROCESS( )
   PUT(ENABLED)                            PROPCTL(COMPAT)
   QDEPTHHI(80)                            QDEPTHLO(20)
   QDPHIEV(DISABLED)                       QDPLOEV(DISABLED)
   QDPMAXEV(ENABLED)                       QSVCIEV(NONE)
   QSVCINT(999999999)                      RETINTVL(999999999)
   SCOPE(QMGR)                             NOSHARE
   STATQ(QMGR)                             TRIGDATA( )
   TRIGDPTH(1)                             TRIGMPRI(0)
   TRIGTYPE(NONE)                          USAGE(NORMAL)
AMQ8409: Display Queue details.
   QUEUE(SYSTEM.ADMIN.PERFM.EVENT)         TYPE(QLOCAL)
   ACCTQ(QMGR)                             ALTDATE(2026-06-22)
   ALTTIME(16.15.56)                       BOQNAME( )
   BOTHRESH(0)                             CLUSNL( )
   CLUSTER( )                              CLCHNAME( )
   CLWLPRTY(0)                             CLWLRANK(0)
   CLWLUSEQ(QMGR)                          CRDATE(2026-06-22)
   CRTIME(16.15.56)                        CURDEPTH(0)
   CUSTOM( )                               DEFBIND(OPEN)
   DEFPRTY(0)                              DEFPSIST(NO)
   DEFPRESP(SYNC)                          DEFREADA(NO)
   DEFSOPT(EXCL)                           DEFTYPE(PREDEFINED)
   DESCR(IBM MQ Performance Related Event Queue)
   DISTL(NO)                               GET(ENABLED)
   HARDENBO                                INITQ( )
   IPPROCS(0)                              MAXDEPTH(3000)
   MAXMSGL(9000)                           MONQ(QMGR)
   MSGDLVSQ(PRIORITY)                      NOTRIGGER
   NPMCLASS(NORMAL)                        OPPROCS(0)
   PROCESS( )                              PUT(ENABLED)
   PROPCTL(COMPAT)                         QDEPTHHI(80)
   QDEPTHLO(20)                            QDPHIEV(DISABLED)
   QDPLOEV(DISABLED)                       QDPMAXEV(ENABLED)
   QSVCIEV(NONE)                           QSVCINT(999999999)
   RETINTVL(999999999)                     SCOPE(QMGR)
   NOSHARE                                 STATQ(QMGR)
   TRIGDATA( )                             TRIGDPTH(1)
   TRIGMPRI(0)                             TRIGTYPE(NONE)
   USAGE(NORMAL)                        
AMQ8409: Display Queue details.
   QUEUE(SYSTEM.ADMIN.PUBSUB.EVENT)        TYPE(QLOCAL)
   ACCTQ(QMGR)                             ALTDATE(2026-06-22)
   ALTTIME(16.15.56)                       BOQNAME( )
   BOTHRESH(0)                             CLUSNL( )
   CLUSTER( )                              CLCHNAME( )
   CLWLPRTY(0)                             CLWLRANK(0)
   CLWLUSEQ(QMGR)                          CRDATE(2026-06-22)
   CRTIME(16.15.56)                        CURDEPTH(0)
   CUSTOM( )                               DEFBIND(OPEN)
   DEFPRTY(0)                              DEFPSIST(NO)
   DEFPRESP(SYNC)                          DEFREADA(NO)
   DEFSOPT(SHARED)                         DEFTYPE(PREDEFINED)
   DESCR(IBM MQ Publish/Subscribe Related Event Queue)
   DISTL(NO)                               GET(ENABLED)
   HARDENBO                                INITQ( )
   IPPROCS(0)                              MAXDEPTH(5000)
   MAXMSGL(4194304)                        MONQ(QMGR)
   MSGDLVSQ(PRIORITY)                      NOTRIGGER
   NPMCLASS(NORMAL)                        OPPROCS(0)
   PROCESS( )                              PUT(ENABLED)
   PROPCTL(COMPAT)                         QDEPTHHI(80)
   QDEPTHLO(20)                            QDPHIEV(DISABLED)
   QDPLOEV(DISABLED)                       QDPMAXEV(ENABLED)
   QSVCIEV(NONE)                           QSVCINT(999999999)
   RETINTVL(999999999)                     SCOPE(QMGR)
   SHARE                                   STATQ(QMGR)
   TRIGDATA( )                             TRIGDPTH(1)
   TRIGMPRI(0)                             TRIGTYPE(FIRST)
   USAGE(NORMAL)                        
AMQ8409: Display Queue details.
   QUEUE(SYSTEM.ADMIN.QMGR.EVENT)          TYPE(QLOCAL)
   ACCTQ(QMGR)                             ALTDATE(2026-06-22)
   ALTTIME(16.15.56)                       BOQNAME( )
   BOTHRESH(0)                             CLUSNL( )
   CLUSTER( )                              CLCHNAME( )
   CLWLPRTY(0)                             CLWLRANK(0)
   CLWLUSEQ(QMGR)                          CRDATE(2026-06-22)
   CRTIME(16.15.56)                        CURDEPTH(1)
   CUSTOM( )                               DEFBIND(OPEN)
   DEFPRTY(0)                              DEFPSIST(NO)
   DEFPRESP(SYNC)                          DEFREADA(NO)
   DEFSOPT(EXCL)                           DEFTYPE(PREDEFINED)
   DESCR(IBM MQ Queue Manager Related Event Queue)
   DISTL(NO)                               GET(ENABLED)
   HARDENBO                                INITQ( )
   IPPROCS(0)                              MAXDEPTH(3000)
   MAXMSGL(32762)                          MONQ(QMGR)
   MSGDLVSQ(PRIORITY)                      NOTRIGGER
   NPMCLASS(NORMAL)                        OPPROCS(0)
   PROCESS( )                              PUT(ENABLED)
   PROPCTL(COMPAT)                         QDEPTHHI(80)
   QDEPTHLO(20)                            QDPHIEV(DISABLED)
   QDPLOEV(DISABLED)                       QDPMAXEV(ENABLED)
   QSVCIEV(NONE)                           QSVCINT(999999999)
   RETINTVL(999999999)                     SCOPE(QMGR)
   NOSHARE                                 STATQ(QMGR)
   TRIGDATA( )                             TRIGDPTH(1)
   TRIGMPRI(0)                             TRIGTYPE(NONE)
   USAGE(NORMAL)                        
AMQ8409: Display Queue details.
   QUEUE(SYSTEM.ADMIN.STATISTICS.QUEUE)    TYPE(QLOCAL)
   ACCTQ(OFF)                              ALTDATE(2026-06-22)
   ALTTIME(16.15.56)                       BOQNAME( )
   BOTHRESH(0)                             CLUSNL( )
   CLUSTER( )                              CLCHNAME( )
   CLWLPRTY(0)                             CLWLRANK(0)
   CLWLUSEQ(QMGR)                          CRDATE(2026-06-22)
   CRTIME(16.15.56)                        CURDEPTH(0)
   CUSTOM( )                               DEFBIND(OPEN)
   DEFPRTY(0)                              DEFPSIST(NO)
   DEFPRESP(SYNC)                          DEFREADA(NO)
   DEFSOPT(SHARED)                         DEFTYPE(PREDEFINED)
   DESCR(IBM MQ Administration Statistics Queue)
   DISTL(NO)                               GET(ENABLED)
   HARDENBO                                INITQ( )
   IPPROCS(0)                              MAXDEPTH(3000)
   MAXMSGL(4194304)                        MONQ(QMGR)
   MSGDLVSQ(PRIORITY)                      NOTRIGGER
   NPMCLASS(NORMAL)                        OPPROCS(0)
   PROCESS( )                              PUT(ENABLED)
   PROPCTL(COMPAT)                         QDEPTHHI(80)
   QDEPTHLO(20)                            QDPHIEV(DISABLED)
   QDPLOEV(DISABLED)                       QDPMAXEV(ENABLED)
   QSVCIEV(NONE)                           QSVCINT(999999999)
   RETINTVL(999999999)                     SCOPE(QMGR)
   SHARE                                   STATQ(OFF)
   TRIGDATA( )                             TRIGDPTH(1)
   TRIGMPRI(0)                             TRIGTYPE(NONE)
   USAGE(NORMAL)                        
AMQ8409: Display Queue details.
   QUEUE(SYSTEM.ADMIN.TRACE.ACTIVITY.QUEUE)
   TYPE(QLOCAL)                            ACCTQ(OFF)
   ALTDATE(2026-06-22)                     ALTTIME(16.15.56)
   BOQNAME( )                              BOTHRESH(0)
   CLUSNL( )                               CLUSTER( )
   CLCHNAME( )                             CLWLPRTY(0)
   CLWLRANK(0)                             CLWLUSEQ(QMGR)
   CRDATE(2026-06-22)                      CRTIME(16.15.56)
   CURDEPTH(0)                             CUSTOM( )
   DEFBIND(OPEN)                           DEFPRTY(0)
   DEFPSIST(NO)                            DEFPRESP(SYNC)
   DEFREADA(NO)                            DEFSOPT(SHARED)
   DEFTYPE(PREDEFINED)                  
   DESCR(IBM MQ Administration Trace Activity Queue)
   DISTL(NO)                               GET(ENABLED)
   HARDENBO                                INITQ( )
   IPPROCS(0)                              MAXDEPTH(3000)
   MAXMSGL(4194304)                        MONQ(QMGR)
   MSGDLVSQ(PRIORITY)                      NOTRIGGER
   NPMCLASS(NORMAL)                        OPPROCS(0)
   PROCESS( )                              PUT(ENABLED)
   PROPCTL(COMPAT)                         QDEPTHHI(80)
   QDEPTHLO(20)                            QDPHIEV(DISABLED)
   QDPLOEV(DISABLED)                       QDPMAXEV(ENABLED)
   QSVCIEV(NONE)                           QSVCINT(999999999)
   RETINTVL(999999999)                     SCOPE(QMGR)
   SHARE                                   STATQ(OFF)
   TRIGDATA( )                             TRIGDPTH(1)
   TRIGMPRI(0)                             TRIGTYPE(NONE)
   USAGE(NORMAL)                        
AMQ8409: Display Queue details.
   QUEUE(SYSTEM.ADMIN.TRACE.ROUTE.QUEUE)   TYPE(QLOCAL)
   ACCTQ(QMGR)                             ALTDATE(2026-06-22)
   ALTTIME(16.15.56)                       BOQNAME( )
   BOTHRESH(0)                             CLUSNL( )
   CLUSTER( )                              CLCHNAME( )
   CLWLPRTY(0)                             CLWLRANK(0)
   CLWLUSEQ(QMGR)                          CRDATE(2026-06-22)
   CRTIME(16.15.56)                        CURDEPTH(0)
   CUSTOM( )                               DEFBIND(OPEN)
   DEFPRTY(0)                              DEFPSIST(NO)
   DEFPRESP(SYNC)                          DEFREADA(NO)
   DEFSOPT(SHARED)                         DEFTYPE(PREDEFINED)
   DESCR(IBM MQ Administration Trace Route Queue)
   DISTL(NO)                               GET(ENABLED)
   HARDENBO                                INITQ( )
   IPPROCS(0)                              MAXDEPTH(5000)
   MAXMSGL(4194304)                        MONQ(QMGR)
   MSGDLVSQ(PRIORITY)                      NOTRIGGER
   NPMCLASS(NORMAL)                        OPPROCS(0)
   PROCESS( )                              PUT(ENABLED)
   PROPCTL(COMPAT)                         QDEPTHHI(80)
   QDEPTHLO(20)                            QDPHIEV(DISABLED)
   QDPLOEV(DISABLED)                       QDPMAXEV(ENABLED)
   QSVCIEV(NONE)                           QSVCINT(999999999)
   RETINTVL(999999999)                     SCOPE(QMGR)
   SHARE                                   STATQ(QMGR)
   TRIGDATA( )                             TRIGDPTH(1)
   TRIGMPRI(0)                             TRIGTYPE(FIRST)
   USAGE(NORMAL)                        
AMQ8409: Display Queue details.
   QUEUE(SYSTEM.AUTH.DATA.QUEUE)           TYPE(QLOCAL)
   ACCTQ(QMGR)                             ALTDATE(2026-06-22)
   ALTTIME(16.15.55)                       BOQNAME( )
   BOTHRESH(0)                             CLUSNL( )
   CLUSTER( )                              CLCHNAME( )
   CLWLPRTY(0)                             CLWLRANK(0)
   CLWLUSEQ(QMGR)                          CRDATE(2026-06-22)
   CRTIME(16.15.55)                        CURDEPTH(243)
   CUSTOM( )                               DEFBIND(OPEN)
   DEFPRTY(0)                              DEFPSIST(NO)
   DEFPRESP(SYNC)                          DEFREADA(NO)
   DEFSOPT(SHARED)                         DEFTYPE(PREDEFINED)
   DESCR(IBM MQ Authority Data Queue)      DISTL(NO)
   GET(ENABLED)                            HARDENBO
   INITQ( )                                IPPROCS(1)
   MAXDEPTH(999999999)                     MAXMSGL(4194304)
   MONQ(QMGR)                              MSGDLVSQ(PRIORITY)
   NOTRIGGER                               NPMCLASS(NORMAL)
   OPPROCS(1)                              PROCESS( )
   PUT(ENABLED)                            PROPCTL(COMPAT)
   QDEPTHHI(80)                            QDEPTHLO(20)
   QDPHIEV(DISABLED)                       QDPLOEV(DISABLED)
   QDPMAXEV(ENABLED)                       QSVCIEV(NONE)
   QSVCINT(999999999)                      RETINTVL(999999999)
   SCOPE(QMGR)                             SHARE
   STATQ(QMGR)                             TRIGDATA( )
   TRIGDPTH(1)                             TRIGMPRI(0)
   TRIGTYPE(FIRST)                         USAGE(NORMAL)
AMQ8409: Display Queue details.
   QUEUE(SYSTEM.BROKER.ADMIN.STREAM)       TYPE(QLOCAL)
   ACCTQ(QMGR)                             ALTDATE(2026-06-22)
   ALTTIME(16.15.56)                       BOQNAME( )
   BOTHRESH(0)                             CLUSNL( )
   CLUSTER( )                              CLCHNAME( )
   CLWLPRTY(0)                             CLWLRANK(0)
   CLWLUSEQ(QMGR)                          CRDATE(2026-06-22)
   CRTIME(16.15.56)                        CURDEPTH(0)
   CUSTOM( )                               DEFBIND(OPEN)
   DEFPRTY(0)                              DEFPSIST(YES)
   DEFPRESP(SYNC)                          DEFREADA(NO)
   DEFSOPT(SHARED)                         DEFTYPE(PREDEFINED)
   DESCR(Admin stream for queued Pub/Sub interface)
   DISTL(NO)                               GET(ENABLED)
   HARDENBO                                INITQ( )
   IPPROCS(1)                              MAXDEPTH(5000)
   MAXMSGL(4194304)                        MONQ(QMGR)
   MSGDLVSQ(FIFO)                          NOTRIGGER
   NPMCLASS(NORMAL)                        OPPROCS(1)
   PROCESS( )                              PUT(ENABLED)
   PROPCTL(COMPAT)                         QDEPTHHI(80)
   QDEPTHLO(20)                            QDPHIEV(DISABLED)
   QDPLOEV(DISABLED)                       QDPMAXEV(ENABLED)
   QSVCIEV(NONE)                           QSVCINT(999999999)
   RETINTVL(999999999)                     SCOPE(QMGR)
   SHARE                                   STATQ(QMGR)
   TRIGDATA( )                             TRIGDPTH(1)
   TRIGMPRI(0)                             TRIGTYPE(FIRST)
   USAGE(NORMAL)                        
AMQ8409: Display Queue details.
   QUEUE(SYSTEM.BROKER.CONTROL.QUEUE)      TYPE(QLOCAL)
   ACCTQ(QMGR)                             ALTDATE(2026-06-22)
   ALTTIME(16.15.56)                       BOQNAME( )
   BOTHRESH(0)                             CLUSNL( )
   CLUSTER( )                              CLCHNAME( )
   CLWLPRTY(0)                             CLWLRANK(0)
   CLWLUSEQ(QMGR)                          CRDATE(2026-06-22)
   CRTIME(16.15.56)                        CURDEPTH(0)
   CUSTOM( )                               DEFBIND(OPEN)
   DEFPRTY(0)                              DEFPSIST(YES)
   DEFPRESP(SYNC)                          DEFREADA(NO)
   DEFSOPT(SHARED)                         DEFTYPE(PREDEFINED)
   DESCR(Control queue for queued Pub/Sub interface)
   DISTL(NO)                               GET(ENABLED)
   HARDENBO                                INITQ( )
   IPPROCS(3)                              MAXDEPTH(5000)
   MAXMSGL(4194304)                        MONQ(QMGR)
   MSGDLVSQ(FIFO)                          NOTRIGGER
   NPMCLASS(NORMAL)                        OPPROCS(0)
   PROCESS( )                              PUT(ENABLED)
   PROPCTL(COMPAT)                         QDEPTHHI(80)
   QDEPTHLO(20)                            QDPHIEV(DISABLED)
   QDPLOEV(DISABLED)                       QDPMAXEV(ENABLED)
   QSVCIEV(NONE)                           QSVCINT(999999999)
   RETINTVL(999999999)                     SCOPE(QMGR)
   SHARE                                   STATQ(QMGR)
   TRIGDATA( )                             TRIGDPTH(1)
   TRIGMPRI(0)                             TRIGTYPE(FIRST)
   USAGE(NORMAL)                        
AMQ8409: Display Queue details.
   QUEUE(SYSTEM.BROKER.DEFAULT.STREAM)     TYPE(QLOCAL)
   ACCTQ(QMGR)                             ALTDATE(2026-06-22)
   ALTTIME(16.15.56)                       BOQNAME( )
   BOTHRESH(0)                             CLUSNL( )
   CLUSTER( )                              CLCHNAME( )
   CLWLPRTY(0)                             CLWLRANK(0)
   CLWLUSEQ(QMGR)                          CRDATE(2026-06-22)
   CRTIME(16.15.56)                        CURDEPTH(0)
   CUSTOM( )                               DEFBIND(OPEN)
   DEFPRTY(0)                              DEFPSIST(YES)
   DEFPRESP(SYNC)                          DEFREADA(NO)
   DEFSOPT(SHARED)                         DEFTYPE(PREDEFINED)
   DESCR(Default stream for queued Pub/Sub interface)
   DISTL(NO)                               GET(ENABLED)
   HARDENBO                                INITQ( )
   IPPROCS(1)                              MAXDEPTH(5000)
   MAXMSGL(4194304)                        MONQ(QMGR)
   MSGDLVSQ(FIFO)                          NOTRIGGER
   NPMCLASS(NORMAL)                        OPPROCS(0)
   PROCESS( )                              PUT(ENABLED)
   PROPCTL(COMPAT)                         QDEPTHHI(80)
   QDEPTHLO(20)                            QDPHIEV(DISABLED)
   QDPLOEV(DISABLED)                       QDPMAXEV(ENABLED)
   QSVCIEV(NONE)                           QSVCINT(999999999)
   RETINTVL(999999999)                     SCOPE(QMGR)
   SHARE                                   STATQ(QMGR)
   TRIGDATA( )                             TRIGDPTH(1)
   TRIGMPRI(0)                             TRIGTYPE(FIRST)
   USAGE(NORMAL)                        
AMQ8409: Display Queue details.
   QUEUE(SYSTEM.BROKER.INTER.BROKER.COMMUNICATIONS)
   TYPE(QLOCAL)                            ACCTQ(QMGR)
   ALTDATE(2026-06-22)                     ALTTIME(16.20.36)
   BOQNAME( )                              BOTHRESH(0)
   CLUSNL( )                               CLUSTER( )
   CLCHNAME( )                             CLWLPRTY(0)
   CLWLRANK(0)                             CLWLUSEQ(QMGR)
   CRDATE(2026-06-22)                      CRTIME(16.20.36)
   CURDEPTH(0)                             CUSTOM( )
   DEFBIND(OPEN)                           DEFPRTY(0)
   DEFPSIST(YES)                           DEFPRESP(SYNC)
   DEFREADA(NO)                            DEFSOPT(SHARED)
   DEFTYPE(PREDEFINED)                  
   DESCR(MQSeries Publish/Subscribe internal reply queue)
   DISTL(NO)                               GET(ENABLED)
   HARDENBO                                INITQ( )
   IPPROCS(1)                              MAXDEPTH(999999999)
   MAXMSGL(104857600)                      MONQ(QMGR)
   MSGDLVSQ(FIFO)                          NOTRIGGER
   NPMCLASS(NORMAL)                        OPPROCS(0)
   PROCESS( )                              PUT(ENABLED)
   PROPCTL(COMPAT)                         QDEPTHHI(80)
   QDEPTHLO(20)                            QDPHIEV(DISABLED)
   QDPLOEV(DISABLED)                       QDPMAXEV(ENABLED)
   QSVCIEV(NONE)                           QSVCINT(999999999)
   RETINTVL(999999999)                     SCOPE(QMGR)
   NOSHARE                                 STATQ(QMGR)
   TRIGDATA( )                             TRIGDPTH(1)
   TRIGMPRI(0)                             TRIGTYPE(FIRST)
   USAGE(NORMAL)                        
AMQ8409: Display Queue details.
   QUEUE(SYSTEM.CHANNEL.INITQ)             TYPE(QLOCAL)
   ACCTQ(QMGR)                             ALTDATE(2026-06-22)
   ALTTIME(16.15.56)                       BOQNAME( )
   BOTHRESH(0)                             CLUSNL( )
   CLUSTER( )                              CLCHNAME( )
   CLWLPRTY(0)                             CLWLRANK(0)
   CLWLUSEQ(QMGR)                          CRDATE(2026-06-22)
   CRTIME(16.15.56)                        CURDEPTH(0)
   CUSTOM( )                               DEFBIND(OPEN)
   DEFPRTY(0)                              DEFPSIST(NO)
   DEFPRESP(SYNC)                          DEFREADA(NO)
   DEFSOPT(EXCL)                           DEFTYPE(PREDEFINED)
   DESCR(IBM MQ Channel Initiation Queue)
   DISTL(NO)                               GET(ENABLED)
   HARDENBO                                INITQ( )
   IPPROCS(1)                              MAXDEPTH(1000)
   MAXMSGL(2000)                           MONQ(QMGR)
   MSGDLVSQ(PRIORITY)                      NOTRIGGER
   NPMCLASS(NORMAL)                        OPPROCS(0)
   PROCESS( )                              PUT(ENABLED)
   PROPCTL(COMPAT)                         QDEPTHHI(80)
   QDEPTHLO(20)                            QDPHIEV(DISABLED)
   QDPLOEV(DISABLED)                       QDPMAXEV(ENABLED)
   QSVCIEV(NONE)                           QSVCINT(999999999)
   RETINTVL(999999999)                     SCOPE(QMGR)
   NOSHARE                                 STATQ(QMGR)
   TRIGDATA( )                             TRIGDPTH(1)
   TRIGMPRI(0)                             TRIGTYPE(NONE)
   USAGE(NORMAL)                        
AMQ8409: Display Queue details.
   QUEUE(SYSTEM.CHANNEL.SYNCQ)             TYPE(QLOCAL)
   ACCTQ(QMGR)                             ALTDATE(2026-06-22)
   ALTTIME(16.15.56)                       BOQNAME( )
   BOTHRESH(0)                             CLUSNL( )
   CLUSTER( )                              CLCHNAME( )
   CLWLPRTY(0)                             CLWLRANK(0)
   CLWLUSEQ(QMGR)                          CRDATE(2026-06-22)
   CRTIME(16.15.56)                        CURDEPTH(3)
   CUSTOM( )                               DEFBIND(OPEN)
   DEFPRTY(0)                              DEFPSIST(YES)
   DEFPRESP(SYNC)                          DEFREADA(NO)
   DEFSOPT(SHARED)                         DEFTYPE(PREDEFINED)
   DESCR(IBM MQ Channel Sync Queue)        DISTL(NO)
   GET(ENABLED)                            HARDENBO
   INITQ( )                                IPPROCS(0)
   MAXDEPTH(20000)                         MAXMSGL(20000)
   MONQ(QMGR)                              MSGDLVSQ(PRIORITY)
   NOTRIGGER                               NPMCLASS(NORMAL)
   OPPROCS(0)                              PROCESS( )
   PUT(ENABLED)                            PROPCTL(COMPAT)
   QDEPTHHI(80)                            QDEPTHLO(40)
   QDPHIEV(DISABLED)                       QDPLOEV(DISABLED)
   QDPMAXEV(ENABLED)                       QSVCIEV(NONE)
   QSVCINT(999999999)                      RETINTVL(999999999)
   SCOPE(QMGR)                             SHARE
   STATQ(QMGR)                             TRIGDATA( )
   TRIGDPTH(1)                             TRIGMPRI(0)
   TRIGTYPE(NONE)                          USAGE(NORMAL)
AMQ8409: Display Queue details.
   QUEUE(SYSTEM.CHLAUTH.DATA.QUEUE)        TYPE(QLOCAL)
   ACCTQ(QMGR)                             ALTDATE(2026-06-22)
   ALTTIME(16.15.56)                       BOQNAME( )
   BOTHRESH(0)                             CLUSNL( )
   CLUSTER( )                              CLCHNAME( )
   CLWLPRTY(0)                             CLWLRANK(0)
   CLWLUSEQ(QMGR)                          CRDATE(2026-06-22)
   CRTIME(16.15.56)                        CURDEPTH(3)
   CUSTOM( )                               DEFBIND(OPEN)
   DEFPRTY(0)                              DEFPSIST(NO)
   DEFPRESP(SYNC)                          DEFREADA(NO)
   DEFSOPT(SHARED)                         DEFTYPE(PREDEFINED)
   DESCR(IBM MQ Channel Authentication Data Queue)
   DISTL(NO)                               GET(ENABLED)
   HARDENBO                                INITQ( )
   IPPROCS(0)                              MAXDEPTH(999999999)
   MAXMSGL(104857600)                      MONQ(QMGR)
   MSGDLVSQ(PRIORITY)                      NOTRIGGER
   NPMCLASS(NORMAL)                        OPPROCS(0)
   PROCESS( )                              PUT(ENABLED)
   PROPCTL(COMPAT)                         QDEPTHHI(80)
   QDEPTHLO(20)                            QDPHIEV(DISABLED)
   QDPLOEV(DISABLED)                       QDPMAXEV(ENABLED)
   QSVCIEV(NONE)                           QSVCINT(999999999)
   RETINTVL(999999999)                     SCOPE(QMGR)
   SHARE                                   STATQ(QMGR)
   TRIGDATA( )                             TRIGDPTH(1)
   TRIGMPRI(0)                             TRIGTYPE(FIRST)
   USAGE(NORMAL)                        
AMQ8409: Display Queue details.
   QUEUE(SYSTEM.CICS.INITIATION.QUEUE)     TYPE(QLOCAL)
   ACCTQ(QMGR)                             ALTDATE(2026-06-22)
   ALTTIME(16.15.56)                       BOQNAME( )
   BOTHRESH(0)                             CLUSNL( )
   CLUSTER( )                              CLCHNAME( )
   CLWLPRTY(0)                             CLWLRANK(0)
   CLWLUSEQ(QMGR)                          CRDATE(2026-06-22)
   CRTIME(16.15.56)                        CURDEPTH(0)
   CUSTOM( )                               DEFBIND(OPEN)
   DEFPRTY(0)                              DEFPSIST(NO)
   DEFPRESP(SYNC)                          DEFREADA(NO)
   DEFSOPT(SHARED)                         DEFTYPE(PREDEFINED)
   DESCR(IBM MQ Default CICS Initiation queue)
   DISTL(NO)                               GET(ENABLED)
   HARDENBO                                INITQ( )
   IPPROCS(0)                              MAXDEPTH(1000)
   MAXMSGL(1000)                           MONQ(QMGR)
   MSGDLVSQ(PRIORITY)                      NOTRIGGER
   NPMCLASS(NORMAL)                        OPPROCS(0)
   PROCESS( )                              PUT(ENABLED)
   PROPCTL(COMPAT)                         QDEPTHHI(80)
   QDEPTHLO(20)                            QDPHIEV(DISABLED)
   QDPLOEV(DISABLED)                       QDPMAXEV(ENABLED)
   QSVCIEV(NONE)                           QSVCINT(999999999)
   RETINTVL(999999999)                     SCOPE(QMGR)
   SHARE                                   STATQ(QMGR)
   TRIGDATA( )                             TRIGDPTH(1)
   TRIGMPRI(0)                             TRIGTYPE(NONE)
   USAGE(NORMAL)                        
AMQ8409: Display Queue details.
   QUEUE(SYSTEM.CLUSTER.COMMAND.QUEUE)     TYPE(QLOCAL)
   ACCTQ(QMGR)                             ALTDATE(2026-06-22)
   ALTTIME(16.15.56)                       BOQNAME( )
   BOTHRESH(0)                             CLUSNL( )
   CLUSTER( )                              CLCHNAME( )
   CLWLPRTY(0)                             CLWLRANK(0)
   CLWLUSEQ(QMGR)                          CRDATE(2026-06-22)
   CRTIME(16.15.56)                        CURDEPTH(0)
   CUSTOM( )                               DEFBIND(OPEN)
   DEFPRTY(0)                              DEFPSIST(NO)
   DEFPRESP(SYNC)                          DEFREADA(NO)
   DEFSOPT(SHARED)                         DEFTYPE(PREDEFINED)
   DESCR(IBM MQ Cluster Command Queue)     DISTL(NO)
   GET(ENABLED)                            HARDENBO
   INITQ( )                                IPPROCS(1)
   MAXDEPTH(999999999)                     MAXMSGL(4194304)
   MONQ(QMGR)                              MSGDLVSQ(PRIORITY)
   NOTRIGGER                               NPMCLASS(NORMAL)
   OPPROCS(0)                              PROCESS( )
   PUT(ENABLED)                            PROPCTL(COMPAT)
   QDEPTHHI(80)                            QDEPTHLO(20)
   QDPHIEV(DISABLED)                       QDPLOEV(DISABLED)
   QDPMAXEV(ENABLED)                       QSVCIEV(NONE)
   QSVCINT(999999999)                      RETINTVL(999999999)
   SCOPE(QMGR)                             SHARE
   STATQ(QMGR)                             TRIGDATA( )
   TRIGDPTH(1)                             TRIGMPRI(0)
   TRIGTYPE(FIRST)                         USAGE(NORMAL)
AMQ8409: Display Queue details.
   QUEUE(SYSTEM.CLUSTER.HISTORY.QUEUE)     TYPE(QLOCAL)
   ACCTQ(QMGR)                             ALTDATE(2026-06-22)
   ALTTIME(16.15.56)                       BOQNAME( )
   BOTHRESH(0)                             CLUSNL( )
   CLUSTER( )                              CLCHNAME( )
   CLWLPRTY(0)                             CLWLRANK(0)
   CLWLUSEQ(QMGR)                          CRDATE(2026-06-22)
   CRTIME(16.15.56)                        CURDEPTH(0)
   CUSTOM( )                               DEFBIND(OPEN)
   DEFPRTY(0)                              DEFPSIST(NO)
   DEFPRESP(SYNC)                          DEFREADA(NO)
   DEFSOPT(SHARED)                         DEFTYPE(PREDEFINED)
   DESCR(IBM MQ Cluster History Queue)     DISTL(NO)
   GET(ENABLED)                            HARDENBO
   INITQ( )                                IPPROCS(0)
   MAXDEPTH(999999999)                     MAXMSGL(4194304)
   MONQ(QMGR)                              MSGDLVSQ(PRIORITY)
   NOTRIGGER                               NPMCLASS(NORMAL)
   OPPROCS(0)                              PROCESS( )
   PUT(ENABLED)                            PROPCTL(COMPAT)
   QDEPTHHI(80)                            QDEPTHLO(20)
   QDPHIEV(DISABLED)                       QDPLOEV(DISABLED)
   QDPMAXEV(ENABLED)                       QSVCIEV(NONE)
   QSVCINT(999999999)                      RETINTVL(999999999)
   SCOPE(QMGR)                             SHARE
   STATQ(QMGR)                             TRIGDATA( )
   TRIGDPTH(1)                             TRIGMPRI(0)
   TRIGTYPE(FIRST)                         USAGE(NORMAL)
AMQ8409: Display Queue details.
   QUEUE(SYSTEM.CLUSTER.REPOSITORY.QUEUE)
   TYPE(QLOCAL)                            ACCTQ(QMGR)
   ALTDATE(2026-06-22)                     ALTTIME(16.15.56)
   BOQNAME( )                              BOTHRESH(0)
   CLUSNL( )                               CLUSTER( )
   CLCHNAME( )                             CLWLPRTY(0)
   CLWLRANK(0)                             CLWLUSEQ(QMGR)
   CRDATE(2026-06-22)                      CRTIME(16.15.56)
   CURDEPTH(2)                             CUSTOM( )
   DEFBIND(OPEN)                           DEFPRTY(0)
   DEFPSIST(NO)                            DEFPRESP(SYNC)
   DEFREADA(NO)                            DEFSOPT(SHARED)
   DEFTYPE(PREDEFINED)                  
   DESCR(IBM MQ Cluster Repository Queue)
   DISTL(NO)                               GET(ENABLED)
   HARDENBO                                INITQ( )
   IPPROCS(1)                              MAXDEPTH(999999999)
   MAXMSGL(4194304)                        MONQ(QMGR)
   MSGDLVSQ(PRIORITY)                      NOTRIGGER
   NPMCLASS(NORMAL)                        OPPROCS(1)
   PROCESS( )                              PUT(ENABLED)
   PROPCTL(COMPAT)                         QDEPTHHI(80)
   QDEPTHLO(20)                            QDPHIEV(DISABLED)
   QDPLOEV(DISABLED)                       QDPMAXEV(ENABLED)
   QSVCIEV(NONE)                           QSVCINT(999999999)
   RETINTVL(999999999)                     SCOPE(QMGR)
   SHARE                                   STATQ(QMGR)
   TRIGDATA( )                             TRIGDPTH(1)
   TRIGMPRI(0)                             TRIGTYPE(FIRST)
   USAGE(NORMAL)                        
AMQ8409: Display Queue details.
   QUEUE(SYSTEM.CLUSTER.TRANSMIT.QUEUE)    TYPE(QLOCAL)
   ACCTQ(QMGR)                             ALTDATE(2026-06-22)
   ALTTIME(16.15.56)                       BOQNAME( )
   BOTHRESH(0)                             CLUSNL( )
   CLUSTER( )                              CLCHNAME( )
   CLWLPRTY(0)                             CLWLRANK(0)
   CLWLUSEQ(QMGR)                          CRDATE(2026-06-22)
   CRTIME(16.15.56)                        CURDEPTH(0)
   CUSTOM( )                               DEFBIND(OPEN)
   DEFPRTY(0)                              DEFPSIST(NO)
   DEFPRESP(SYNC)                          DEFREADA(NO)
   DEFSOPT(SHARED)                         DEFTYPE(PREDEFINED)
   DESCR(IBM MQ Cluster Transmission Queue)
   DISTL(NO)                               GET(ENABLED)
   HARDENBO                                INITQ( )
   IPPROCS(0)                              MAXDEPTH(999999999)
   MAXMSGL(4194304)                        MONQ(QMGR)
   MSGDLVSQ(PRIORITY)                      NOTRIGGER
   NPMCLASS(NORMAL)                        OPPROCS(0)
   PROCESS( )                              PUT(ENABLED)
   PROPCTL(COMPAT)                         QDEPTHHI(80)
   QDEPTHLO(20)                            QDPHIEV(DISABLED)
   QDPLOEV(DISABLED)                       QDPMAXEV(ENABLED)
   QSVCIEV(NONE)                           QSVCINT(999999999)
   RETINTVL(999999999)                     SCOPE(QMGR)
   SHARE                                   STATQ(QMGR)
   TRIGDATA( )                             TRIGDPTH(1)
   TRIGMPRI(0)                             TRIGTYPE(FIRST)
   USAGE(XMITQ)                         
AMQ8409: Display Queue details.
   QUEUE(SYSTEM.DDELAY.LOCAL.QUEUE)        TYPE(QLOCAL)
   ACCTQ(QMGR)                             ALTDATE(2026-06-22)
   ALTTIME(16.15.56)                       BOQNAME( )
   BOTHRESH(0)                             CLUSNL( )
   CLUSTER( )                              CLCHNAME( )
   CLWLPRTY(0)                             CLWLRANK(0)
   CLWLUSEQ(QMGR)                          CRDATE(2026-06-22)
   CRTIME(16.15.56)                        CURDEPTH(0)
   CUSTOM( )                               DEFBIND(OPEN)
   DEFPRTY(0)                              DEFPSIST(NO)
   DEFPRESP(SYNC)                          DEFREADA(NO)
   DEFSOPT(EXCL)                           DEFTYPE(PREDEFINED)
   DESCR(IBM MQ Deferred Delivery Queue)   DISTL(NO)
   GET(ENABLED)                            HARDENBO
   INITQ( )                                IPPROCS(1)
   MAXDEPTH(999999999)                     MAXMSGL(4194304)
   MONQ(QMGR)                              MSGDLVSQ(FIFO)
   NOTRIGGER                               NPMCLASS(NORMAL)
   OPPROCS(0)                              PROCESS( )
   PUT(ENABLED)                            PROPCTL(COMPAT)
   QDEPTHHI(80)                            QDEPTHLO(20)
   QDPHIEV(DISABLED)                       QDPLOEV(DISABLED)
   QDPMAXEV(DISABLED)                      QSVCIEV(NONE)
   QSVCINT(999999999)                      RETINTVL(999999999)
   SCOPE(QMGR)                             NOSHARE
   STATQ(QMGR)                             TRIGDATA( )
   TRIGDPTH(1)                             TRIGMPRI(0)
   TRIGTYPE(FIRST)                         USAGE(NORMAL)
AMQ8409: Display Queue details.
   QUEUE(SYSTEM.DEAD.LETTER.QUEUE)         TYPE(QLOCAL)
   ACCTQ(QMGR)                             ALTDATE(2026-06-22)
   ALTTIME(16.15.56)                       BOQNAME( )
   BOTHRESH(0)                             CLUSNL( )
   CLUSTER( )                              CLCHNAME( )
   CLWLPRTY(0)                             CLWLRANK(0)
   CLWLUSEQ(QMGR)                          CRDATE(2026-06-22)
   CRTIME(16.15.56)                        CURDEPTH(0)
   CUSTOM( )                               DEFBIND(OPEN)
   DEFPRTY(0)                              DEFPSIST(NO)
   DEFPRESP(SYNC)                          DEFREADA(NO)
   DEFSOPT(SHARED)                         DEFTYPE(PREDEFINED)
   DESCR(IBM MQ Default Dead Letter Queue)
   DISTL(NO)                               GET(ENABLED)
   HARDENBO                                INITQ( )
   IPPROCS(0)                              MAXDEPTH(999999999)
   MAXMSGL(4194304)                        MONQ(QMGR)
   MSGDLVSQ(PRIORITY)                      NOTRIGGER
   NPMCLASS(NORMAL)                        OPPROCS(0)
   PROCESS( )                              PUT(ENABLED)
   PROPCTL(COMPAT)                         QDEPTHHI(80)
   QDEPTHLO(20)                            QDPHIEV(DISABLED)
   QDPLOEV(DISABLED)                       QDPMAXEV(ENABLED)
   QSVCIEV(NONE)                           QSVCINT(999999999)
   RETINTVL(999999999)                     SCOPE(QMGR)
   SHARE                                   STATQ(QMGR)
   TRIGDATA( )                             TRIGDPTH(1)
   TRIGMPRI(0)                             TRIGTYPE(NONE)
   USAGE(NORMAL)                        
AMQ8409: Display Queue details.
   QUEUE(SYSTEM.DEFAULT.INITIATION.QUEUE)
   TYPE(QLOCAL)                            ACCTQ(QMGR)
   ALTDATE(2026-06-22)                     ALTTIME(16.15.56)
   BOQNAME( )                              BOTHRESH(0)
   CLUSNL( )                               CLUSTER( )
   CLCHNAME( )                             CLWLPRTY(0)
   CLWLRANK(0)                             CLWLUSEQ(QMGR)
   CRDATE(2026-06-22)                      CRTIME(16.15.56)
   CURDEPTH(0)                             CUSTOM( )
   DEFBIND(OPEN)                           DEFPRTY(0)
   DEFPSIST(NO)                            DEFPRESP(SYNC)
   DEFREADA(NO)                            DEFSOPT(SHARED)
   DEFTYPE(PREDEFINED)                  
   DESCR(IBM MQ Default Initiation Queue)
   DISTL(NO)                               GET(ENABLED)
   HARDENBO                                INITQ( )
   IPPROCS(0)                              MAXDEPTH(1000)
   MAXMSGL(1000)                           MONQ(QMGR)
   MSGDLVSQ(PRIORITY)                      NOTRIGGER
   NPMCLASS(NORMAL)                        OPPROCS(0)
   PROCESS( )                              PUT(ENABLED)
   PROPCTL(COMPAT)                         QDEPTHHI(80)
   QDEPTHLO(20)                            QDPHIEV(DISABLED)
   QDPLOEV(DISABLED)                       QDPMAXEV(ENABLED)
   QSVCIEV(NONE)                           QSVCINT(999999999)
   RETINTVL(999999999)                     SCOPE(QMGR)
   SHARE                                   STATQ(QMGR)
   TRIGDATA( )                             TRIGDPTH(1)
   TRIGMPRI(0)                             TRIGTYPE(NONE)
   USAGE(NORMAL)                        
AMQ8409: Display Queue details.
   QUEUE(SYSTEM.DEFAULT.LOCAL.QUEUE)       TYPE(QLOCAL)
   ACCTQ(QMGR)                             ALTDATE(2026-06-22)
   ALTTIME(16.15.55)                       BOQNAME( )
   BOTHRESH(0)                             CLUSNL( )
   CLUSTER( )                              CLCHNAME( )
   CLWLPRTY(0)                             CLWLRANK(0)
   CLWLUSEQ(QMGR)                          CRDATE(2026-06-22)
   CRTIME(16.15.55)                        CURDEPTH(0)
   CUSTOM( )                               DEFBIND(OPEN)
   DEFPRTY(0)                              DEFPSIST(NO)
   DEFPRESP(SYNC)                          DEFREADA(NO)
   DEFSOPT(SHARED)                         DEFTYPE(PREDEFINED)
   DESCR( )                                DISTL(NO)
   GET(ENABLED)                            HARDENBO
   INITQ( )                                IPPROCS(0)
   MAXDEPTH(5000)                          MAXMSGL(4194304)
   MONQ(QMGR)                              MSGDLVSQ(PRIORITY)
   NOTRIGGER                               NPMCLASS(NORMAL)
   OPPROCS(0)                              PROCESS( )
   PUT(ENABLED)                            PROPCTL(COMPAT)
   QDEPTHHI(80)                            QDEPTHLO(20)
   QDPHIEV(DISABLED)                       QDPLOEV(DISABLED)
   QDPMAXEV(ENABLED)                       QSVCIEV(NONE)
   QSVCINT(999999999)                      RETINTVL(999999999)
   SCOPE(QMGR)                             SHARE
   STATQ(QMGR)                             TRIGDATA( )
   TRIGDPTH(1)                             TRIGMPRI(0)
   TRIGTYPE(FIRST)                         USAGE(NORMAL)
AMQ8409: Display Queue details.
   QUEUE(SYSTEM.DOTNET.XARECOVERY.QUEUE)   TYPE(QLOCAL)
   ACCTQ(QMGR)                             ALTDATE(2026-06-22)
   ALTTIME(16.15.56)                       BOQNAME( )
   BOTHRESH(0)                             CLUSNL( )
   CLUSTER( )                              CLCHNAME( )
   CLWLPRTY(0)                             CLWLRANK(0)
   CLWLUSEQ(QMGR)                          CRDATE(2026-06-22)
   CRTIME(16.15.56)                        CURDEPTH(0)
   CUSTOM( )                               DEFBIND(OPEN)
   DEFPRTY(0)                              DEFPSIST(YES)
   DEFPRESP(SYNC)                          DEFREADA(NO)
   DEFSOPT(SHARED)                         DEFTYPE(PREDEFINED)
   DESCR(IBM MQ .NET XA Recovery Queue)    DISTL(NO)
   GET(ENABLED)                            HARDENBO
   INITQ( )                                IPPROCS(0)
   MAXDEPTH(999999999)                     MAXMSGL(4194304)
   MONQ(QMGR)                              MSGDLVSQ(PRIORITY)
   NOTRIGGER                               NPMCLASS(NORMAL)
   OPPROCS(0)                              PROCESS( )
   PUT(ENABLED)                            PROPCTL(COMPAT)
   QDEPTHHI(80)                            QDEPTHLO(20)
   QDPHIEV(DISABLED)                       QDPLOEV(DISABLED)
   QDPMAXEV(ENABLED)                       QSVCIEV(NONE)
   QSVCINT(999999999)                      RETINTVL(999999999)
   SCOPE(QMGR)                             SHARE
   STATQ(QMGR)                             TRIGDATA( )
   TRIGDPTH(1)                             TRIGMPRI(0)
   TRIGTYPE(FIRST)                         USAGE(NORMAL)
AMQ8409: Display Queue details.
   QUEUE(SYSTEM.DURABLE.SUBSCRIBER.QUEUE)
   TYPE(QLOCAL)                            ACCTQ(QMGR)
   ALTDATE(2026-06-22)                     ALTTIME(16.15.56)
   BOQNAME( )                              BOTHRESH(0)
   CLUSNL( )                               CLUSTER( )
   CLCHNAME( )                             CLWLPRTY(0)
   CLWLRANK(0)                             CLWLUSEQ(QMGR)
   CRDATE(2026-06-22)                      CRTIME(16.15.56)
   CURDEPTH(1)                             CUSTOM( )
   DEFBIND(OPEN)                           DEFPRTY(0)
   DEFPSIST(NO)                            DEFPRESP(SYNC)
   DEFREADA(NO)                            DEFSOPT(SHARED)
   DEFTYPE(PREDEFINED)                  
   DESCR(Store of information about durable subscribers)
   DISTL(NO)                               GET(ENABLED)
   HARDENBO                                INITQ( )
   IPPROCS(0)                              MAXDEPTH(999999999)
   MAXMSGL(104857600)                      MONQ(QMGR)
   MSGDLVSQ(PRIORITY)                      NOTRIGGER
   NPMCLASS(NORMAL)                        OPPROCS(0)
   PROCESS( )                              PUT(ENABLED)
   PROPCTL(COMPAT)                         QDEPTHHI(80)
   QDEPTHLO(20)                            QDPHIEV(DISABLED)
   QDPLOEV(DISABLED)                       QDPMAXEV(ENABLED)
   QSVCIEV(NONE)                           QSVCINT(999999999)
   RETINTVL(999999999)                     SCOPE(QMGR)
   SHARE                                   STATQ(QMGR)
   TRIGDATA( )                             TRIGDPTH(1)
   TRIGMPRI(0)                             TRIGTYPE(FIRST)
   USAGE(NORMAL)                        
AMQ8409: Display Queue details.
   QUEUE(SYSTEM.HIERARCHY.STATE)           TYPE(QLOCAL)
   ACCTQ(QMGR)                             ALTDATE(2026-06-22)
   ALTTIME(16.15.56)                       BOQNAME( )
   BOTHRESH(0)                             CLUSNL( )
   CLUSTER( )                              CLCHNAME( )
   CLWLPRTY(0)                             CLWLRANK(0)
   CLWLUSEQ(QMGR)                          CRDATE(2026-06-22)
   CRTIME(16.15.56)                        CURDEPTH(2)
   CUSTOM( )                               DEFBIND(OPEN)
   DEFPRTY(0)                              DEFPSIST(YES)
   DEFPRESP(SYNC)                          DEFREADA(NO)
   DEFSOPT(SHARED)                         DEFTYPE(PREDEFINED)
   DESCR(MQ Publish/Subscribe Distributed Pub/sub hierarchy relationship)
   DISTL(NO)                               GET(ENABLED)
   HARDENBO                                INITQ( )
   IPPROCS(0)                              MAXDEPTH(999999999)
   MAXMSGL(4194304)                        MONQ(QMGR)
   MSGDLVSQ(PRIORITY)                      NOTRIGGER
   NPMCLASS(NORMAL)                        OPPROCS(0)
   PROCESS( )                              PUT(ENABLED)
   PROPCTL(COMPAT)                         QDEPTHHI(80)
   QDEPTHLO(20)                            QDPHIEV(DISABLED)
   QDPLOEV(DISABLED)                       QDPMAXEV(ENABLED)
   QSVCIEV(NONE)                           QSVCINT(999999999)
   RETINTVL(999999999)                     SCOPE(QMGR)
   SHARE                                   STATQ(QMGR)
   TRIGDATA( )                             TRIGDPTH(1)
   TRIGMPRI(0)                             TRIGTYPE(FIRST)
   USAGE(NORMAL)                        
AMQ8409: Display Queue details.
   QUEUE(SYSTEM.INTER.QMGR.CONTROL)        TYPE(QLOCAL)
   ACCTQ(QMGR)                             ALTDATE(2026-06-22)
   ALTTIME(16.15.56)                       BOQNAME( )
   BOTHRESH(0)                             CLUSNL( )
   CLUSTER( )                              CLCHNAME( )
   CLWLPRTY(0)                             CLWLRANK(0)
   CLWLUSEQ(QMGR)                          CRDATE(2026-06-22)
   CRTIME(16.15.56)                        CURDEPTH(0)
   CUSTOM( )                               DEFBIND(OPEN)
   DEFPRTY(0)                              DEFPSIST(YES)
   DEFPRESP(SYNC)                          DEFREADA(NO)
   DEFSOPT(SHARED)                         DEFTYPE(PREDEFINED)
   DESCR(MQ Publish/Subscribe Distributed Pub/sub Control Queue)
   DISTL(NO)                               GET(ENABLED)
   HARDENBO                                INITQ( )
   IPPROCS(1)                              MAXDEPTH(999999999)
   MAXMSGL(4194304)                        MONQ(QMGR)
   MSGDLVSQ(PRIORITY)                      NOTRIGGER
   NPMCLASS(NORMAL)                        OPPROCS(0)
   PROCESS( )                              PUT(ENABLED)
   PROPCTL(COMPAT)                         QDEPTHHI(80)
   QDEPTHLO(20)                            QDPHIEV(DISABLED)
   QDPLOEV(DISABLED)                       QDPMAXEV(ENABLED)
   QSVCIEV(NONE)                           QSVCINT(999999999)
   RETINTVL(999999999)                     SCOPE(QMGR)
   SHARE                                   STATQ(QMGR)
   TRIGDATA( )                             TRIGDPTH(1)
   TRIGMPRI(0)                             TRIGTYPE(FIRST)
   USAGE(NORMAL)                        
AMQ8409: Display Queue details.
   QUEUE(SYSTEM.INTER.QMGR.FANREQ)         TYPE(QLOCAL)
   ACCTQ(QMGR)                             ALTDATE(2026-06-22)
   ALTTIME(16.15.56)                       BOQNAME( )
   BOTHRESH(0)                             CLUSNL( )
   CLUSTER( )                              CLCHNAME( )
   CLWLPRTY(0)                             CLWLRANK(0)
   CLWLUSEQ(QMGR)                          CRDATE(2026-06-22)
   CRTIME(16.15.56)                        CURDEPTH(0)
   CUSTOM( )                               DEFBIND(OPEN)
   DEFPRTY(0)                              DEFPSIST(YES)
   DEFPRESP(SYNC)                          DEFREADA(NO)
   DEFSOPT(SHARED)                         DEFTYPE(PREDEFINED)
   DESCR(MQ Publish/Subscribe Distributed Pub/sub proxy-sub request queue)
   DISTL(NO)                               GET(ENABLED)
   HARDENBO                                INITQ( )
   IPPROCS(1)                              MAXDEPTH(999999999)
   MAXMSGL(4194304)                        MONQ(QMGR)
   MSGDLVSQ(PRIORITY)                      NOTRIGGER
   NPMCLASS(NORMAL)                        OPPROCS(1)
   PROCESS( )                              PUT(ENABLED)
   PROPCTL(COMPAT)                         QDEPTHHI(80)
   QDEPTHLO(20)                            QDPHIEV(DISABLED)
   QDPLOEV(DISABLED)                       QDPMAXEV(ENABLED)
   QSVCIEV(NONE)                           QSVCINT(999999999)
   RETINTVL(999999999)                     SCOPE(QMGR)
   SHARE                                   STATQ(QMGR)
   TRIGDATA( )                             TRIGDPTH(1)
   TRIGMPRI(0)                             TRIGTYPE(FIRST)
   USAGE(NORMAL)                        
AMQ8409: Display Queue details.
   QUEUE(SYSTEM.INTER.QMGR.PUBS)           TYPE(QLOCAL)
   ACCTQ(QMGR)                             ALTDATE(2026-06-22)
   ALTTIME(16.15.56)                       BOQNAME( )
   BOTHRESH(0)                             CLUSNL( )
   CLUSTER( )                              CLCHNAME( )
   CLWLPRTY(0)                             CLWLRANK(0)
   CLWLUSEQ(QMGR)                          CRDATE(2026-06-22)
   CRTIME(16.15.56)                        CURDEPTH(0)
   CUSTOM( )                               DEFBIND(OPEN)
   DEFPRTY(0)                              DEFPSIST(YES)
   DEFPRESP(SYNC)                          DEFREADA(NO)
   DEFSOPT(SHARED)                         DEFTYPE(PREDEFINED)
   DESCR(MQ Publish/Subscribe Distributed Pub/sub Publications)
   DISTL(NO)                               GET(ENABLED)
   HARDENBO                                INITQ( )
   IPPROCS(1)                              MAXDEPTH(999999999)
   MAXMSGL(4194304)                        MONQ(QMGR)
   MSGDLVSQ(PRIORITY)                      NOTRIGGER
   NPMCLASS(NORMAL)                        OPPROCS(0)
   PROCESS( )                              PUT(ENABLED)
   PROPCTL(COMPAT)                         QDEPTHHI(80)
   QDEPTHLO(20)                            QDPHIEV(DISABLED)
   QDPLOEV(DISABLED)                       QDPMAXEV(ENABLED)
   QSVCIEV(NONE)                           QSVCINT(999999999)
   RETINTVL(999999999)                     SCOPE(QMGR)
   SHARE                                   STATQ(QMGR)
   TRIGDATA( )                             TRIGDPTH(1)
   TRIGMPRI(0)                             TRIGTYPE(FIRST)
   USAGE(NORMAL)                        
AMQ8409: Display Queue details.
   QUEUE(SYSTEM.INTERNAL.REPLY.QUEUE)      TYPE(QLOCAL)
   ACCTQ(QMGR)                             ALTDATE(2026-06-22)
   ALTTIME(16.15.56)                       BOQNAME( )
   BOTHRESH(0)                             CLUSNL( )
   CLUSTER( )                              CLCHNAME( )
   CLWLPRTY(0)                             CLWLRANK(0)
   CLWLUSEQ(QMGR)                          CRDATE(2026-06-22)
   CRTIME(16.15.56)                        CURDEPTH(0)
   CUSTOM( )                               DEFBIND(OPEN)
   DEFPRTY(0)                              DEFPSIST(NO)
   DEFPRESP(SYNC)                          DEFREADA(NO)
   DEFSOPT(SHARED)                         DEFTYPE(PREDEFINED)
   DESCR(IBM MQ Internal Reply Queue)      DISTL(NO)
   GET(ENABLED)                            HARDENBO
   INITQ( )                                IPPROCS(0)
   MAXDEPTH(999999999)                     MAXMSGL(32762)
   MONQ(QMGR)                              MSGDLVSQ(PRIORITY)
   NOTRIGGER                               NPMCLASS(NORMAL)
   OPPROCS(0)                              PROCESS( )
   PUT(ENABLED)                            PROPCTL(COMPAT)
   QDEPTHHI(80)                            QDEPTHLO(20)
   QDPHIEV(DISABLED)                       QDPLOEV(DISABLED)
   QDPMAXEV(ENABLED)                       QSVCIEV(NONE)
   QSVCINT(999999999)                      RETINTVL(999999999)
   SCOPE(QMGR)                             SHARE
   STATQ(QMGR)                             TRIGDATA( )
   TRIGDPTH(1)                             TRIGMPRI(0)
   TRIGTYPE(FIRST)                         USAGE(NORMAL)
AMQ8409: Display Queue details.
   QUEUE(SYSTEM.INTERNAL.REQUEST.QUEUE)    TYPE(QLOCAL)
   ACCTQ(QMGR)                             ALTDATE(2026-06-22)
   ALTTIME(16.15.56)                       BOQNAME( )
   BOTHRESH(0)                             CLUSNL( )
   CLUSTER( )                              CLCHNAME( )
   CLWLPRTY(0)                             CLWLRANK(0)
   CLWLUSEQ(QMGR)                          CRDATE(2026-06-22)
   CRTIME(16.15.56)                        CURDEPTH(0)
   CUSTOM( )                               DEFBIND(OPEN)
   DEFPRTY(0)                              DEFPSIST(NO)
   DEFPRESP(SYNC)                          DEFREADA(NO)
   DEFSOPT(SHARED)                         DEFTYPE(PREDEFINED)
   DESCR(IBM MQ Internal Request Queue)    DISTL(NO)
   GET(ENABLED)                            HARDENBO
   INITQ( )                                IPPROCS(0)
   MAXDEPTH(999999999)                     MAXMSGL(32762)
   MONQ(QMGR)                              MSGDLVSQ(PRIORITY)
   NOTRIGGER                               NPMCLASS(NORMAL)
   OPPROCS(0)                              PROCESS( )
   PUT(ENABLED)                            PROPCTL(COMPAT)
   QDEPTHHI(80)                            QDEPTHLO(20)
   QDPHIEV(DISABLED)                       QDPLOEV(DISABLED)
   QDPMAXEV(ENABLED)                       QSVCIEV(NONE)
   QSVCINT(999999999)                      RETINTVL(999999999)
   SCOPE(QMGR)                             SHARE
   STATQ(QMGR)                             TRIGDATA( )
   TRIGDPTH(1)                             TRIGMPRI(0)
   TRIGTYPE(FIRST)                         USAGE(NORMAL)
AMQ8409: Display Queue details.
   QUEUE(SYSTEM.MESSAGE.ASSOCIATION.QUEUE)
   TYPE(QLOCAL)                            ACCTQ(QMGR)
   ALTDATE(2026-06-22)                     ALTTIME(16.15.56)
   BOQNAME( )                              BOTHRESH(0)
   CLUSNL( )                               CLUSTER( )
   CLCHNAME( )                             CLWLPRTY(0)
   CLWLRANK(0)                             CLWLUSEQ(QMGR)
   CRDATE(2026-06-22)                      CRTIME(16.15.56)
   CURDEPTH(0)                             CUSTOM( )
   DEFBIND(OPEN)                           DEFPRTY(0)
   DEFPSIST(NO)                            DEFPRESP(SYNC)
   DEFREADA(NO)                            DEFSOPT(SHARED)
   DEFTYPE(PREDEFINED)                  
   DESCR(IBM MQ Message Association Queue)
   DISTL(NO)                               GET(ENABLED)
   HARDENBO                                INITQ( )
   IPPROCS(0)                              MAXDEPTH(999999999)
   MAXMSGL(4194304)                        MONQ(QMGR)
   MSGDLVSQ(PRIORITY)                      NOTRIGGER
   NPMCLASS(NORMAL)                        OPPROCS(0)
   PROCESS( )                              PUT(ENABLED)
   PROPCTL(COMPAT)                         QDEPTHHI(80)
   QDEPTHLO(20)                            QDPHIEV(DISABLED)
   QDPLOEV(DISABLED)                       QDPMAXEV(ENABLED)
   QSVCIEV(NONE)                           QSVCINT(999999999)
   RETINTVL(999999999)                     SCOPE(QMGR)
   SHARE                                   STATQ(QMGR)
   TRIGDATA( )                             TRIGDPTH(1)
   TRIGMPRI(0)                             TRIGTYPE(FIRST)
   USAGE(NORMAL)                        
AMQ8409: Display Queue details.
   QUEUE(SYSTEM.PENDING.DATA.QUEUE)        TYPE(QLOCAL)
   ACCTQ(QMGR)                             ALTDATE(2026-06-22)
   ALTTIME(16.15.56)                       BOQNAME( )
   BOTHRESH(0)                             CLUSNL( )
   CLUSTER( )                              CLCHNAME( )
   CLWLPRTY(0)                             CLWLRANK(0)
   CLWLUSEQ(QMGR)                          CRDATE(2026-06-22)
   CRTIME(16.15.56)                        CURDEPTH(0)
   CUSTOM( )                               DEFBIND(OPEN)
   DEFPRTY(0)                              DEFPSIST(NO)
   DEFPRESP(SYNC)                          DEFREADA(NO)
   DEFSOPT(EXCL)                           DEFTYPE(PREDEFINED)
   DESCR(IBM MQ Deferred Message Queue)    DISTL(NO)
   GET(ENABLED)                            HARDENBO
   INITQ( )                                IPPROCS(1)
   MAXDEPTH(999999999)                     MAXMSGL(4194304)
   MONQ(QMGR)                              MSGDLVSQ(FIFO)
   NOTRIGGER                               NPMCLASS(NORMAL)
   OPPROCS(1)                              PROCESS( )
   PUT(ENABLED)                            PROPCTL(COMPAT)
   QDEPTHHI(80)                            QDEPTHLO(20)
   QDPHIEV(DISABLED)                       QDPLOEV(DISABLED)
   QDPMAXEV(DISABLED)                      QSVCIEV(NONE)
   QSVCINT(999999999)                      RETINTVL(999999999)
   SCOPE(QMGR)                             NOSHARE
   STATQ(QMGR)                             TRIGDATA( )
   TRIGDPTH(1)                             TRIGMPRI(0)
   TRIGTYPE(FIRST)                         USAGE(NORMAL)
AMQ8409: Display Queue details.
   QUEUE(SYSTEM.RETAINED.PUB.QUEUE)        TYPE(QLOCAL)
   ACCTQ(QMGR)                             ALTDATE(2026-06-22)
   ALTTIME(16.15.56)                       BOQNAME( )
   BOTHRESH(0)                             CLUSNL( )
   CLUSTER( )                              CLCHNAME( )
   CLWLPRTY(0)                             CLWLRANK(0)
   CLWLUSEQ(QMGR)                          CRDATE(2026-06-22)
   CRTIME(16.15.56)                        CURDEPTH(2)
   CUSTOM( )                               DEFBIND(OPEN)
   DEFPRTY(0)                              DEFPSIST(NO)
   DEFPRESP(SYNC)                          DEFREADA(NO)
   DEFSOPT(SHARED)                         DEFTYPE(PREDEFINED)
   DESCR(Store of retained publications)   DISTL(NO)
   GET(ENABLED)                            HARDENBO
   INITQ( )                                IPPROCS(0)
   MAXDEPTH(999999999)                     MAXMSGL(104857600)
   MONQ(QMGR)                              MSGDLVSQ(FIFO)
   NOTRIGGER                               NPMCLASS(NORMAL)
   OPPROCS(0)                              PROCESS( )
   PUT(ENABLED)                            PROPCTL(COMPAT)
   QDEPTHHI(80)                            QDEPTHLO(20)
   QDPHIEV(DISABLED)                       QDPLOEV(DISABLED)
   QDPMAXEV(ENABLED)                       QSVCIEV(NONE)
   QSVCINT(999999999)                      RETINTVL(999999999)
   SCOPE(QMGR)                             SHARE
   STATQ(QMGR)                             TRIGDATA( )
   TRIGDPTH(1)                             TRIGMPRI(0)
   TRIGTYPE(FIRST)                         USAGE(NORMAL)
AMQ8409: Display Queue details.
   QUEUE(SYSTEM.SELECTION.EVALUATION.QUEUE)
   TYPE(QLOCAL)                            ACCTQ(QMGR)
   ALTDATE(2026-06-22)                     ALTTIME(16.15.56)
   BOQNAME( )                              BOTHRESH(0)
   CLUSNL( )                               CLUSTER( )
   CLCHNAME( )                             CLWLPRTY(0)
   CLWLRANK(0)                             CLWLUSEQ(QMGR)
   CRDATE(2026-06-22)                      CRTIME(16.15.56)
   CURDEPTH(0)                             CUSTOM( )
   DEFBIND(OPEN)                           DEFPRTY(0)
   DEFPSIST(NO)                            DEFPRESP(SYNC)
   DEFREADA(NO)                            DEFSOPT(SHARED)
   DEFTYPE(PREDEFINED)                  
   DESCR(IBM MQ Selection Evaluation Queue)
   DISTL(NO)                               GET(ENABLED)
   HARDENBO                                INITQ( )
   IPPROCS(0)                              MAXDEPTH(999999999)
   MAXMSGL(104857600)                      MONQ(QMGR)
   MSGDLVSQ(PRIORITY)                      NOTRIGGER
   NPMCLASS(NORMAL)                        OPPROCS(0)
   PROCESS( )                              PUT(ENABLED)
   PROPCTL(COMPAT)                         QDEPTHHI(80)
   QDEPTHLO(20)                            QDPHIEV(DISABLED)
   QDPLOEV(DISABLED)                       QDPMAXEV(ENABLED)
   QSVCIEV(NONE)                           QSVCINT(999999999)
   RETINTVL(999999999)                     SCOPE(QMGR)
   SHARE                                   STATQ(QMGR)
   TRIGDATA( )                             TRIGDPTH(1)
   TRIGMPRI(0)                             TRIGTYPE(FIRST)
   USAGE(NORMAL)                        
AMQ8409: Display Queue details.
   QUEUE(SYSTEM.SELECTION.VALIDATION.QUEUE)
   TYPE(QLOCAL)                            ACCTQ(QMGR)
   ALTDATE(2026-06-22)                     ALTTIME(16.15.56)
   BOQNAME( )                              BOTHRESH(0)
   CLUSNL( )                               CLUSTER( )
   CLCHNAME( )                             CLWLPRTY(0)
   CLWLRANK(0)                             CLWLUSEQ(QMGR)
   CRDATE(2026-06-22)                      CRTIME(16.15.56)
   CURDEPTH(0)                             CUSTOM( )
   DEFBIND(OPEN)                           DEFPRTY(0)
   DEFPSIST(NO)                            DEFPRESP(SYNC)
   DEFREADA(NO)                            DEFSOPT(SHARED)
   DEFTYPE(PREDEFINED)                  
   DESCR(IBM MQ Selection Validation Queue)
   DISTL(NO)                               GET(ENABLED)
   HARDENBO                                INITQ( )
   IPPROCS(0)                              MAXDEPTH(999999999)
   MAXMSGL(4194304)                        MONQ(QMGR)
   MSGDLVSQ(PRIORITY)                      NOTRIGGER
   NPMCLASS(NORMAL)                        OPPROCS(0)
   PROCESS( )                              PUT(ENABLED)
   PROPCTL(COMPAT)                         QDEPTHHI(80)
   QDEPTHLO(20)                            QDPHIEV(DISABLED)
   QDPLOEV(DISABLED)                       QDPMAXEV(ENABLED)
   QSVCIEV(NONE)                           QSVCINT(999999999)
   RETINTVL(999999999)                     SCOPE(QMGR)
   SHARE                                   STATQ(QMGR)
   TRIGDATA( )                             TRIGDPTH(1)
   TRIGMPRI(0)                             TRIGTYPE(FIRST)
   USAGE(NORMAL)                        
AMQ8409: Display Queue details.
   QUEUE(WEB01_FO.QL.GCGTDM.BAPWC01)       TYPE(QLOCAL)
   ACCTQ(QMGR)                             ALTDATE(2026-06-22)
   ALTTIME(16.30.48)                       BOQNAME( )
   BOTHRESH(0)                             CLUSNL( )
   CLUSTER( )                              CLCHNAME( )
   CLWLPRTY(0)                             CLWLRANK(0)
   CLWLUSEQ(QMGR)                          CRDATE(2026-06-22)
   CRTIME(16.30.48)                        CURDEPTH(0)
   CUSTOM( )                               DEFBIND(OPEN)
   DEFPRTY(0)                              DEFPSIST(NO)
   DEFPRESP(SYNC)                          DEFREADA(NO)
   DEFSOPT(SHARED)                         DEFTYPE(PREDEFINED)
   DESCR(GCGTDM.BAPWC01)                   DISTL(NO)
   GET(ENABLED)                            HARDENBO
   INITQ( )                                IPPROCS(0)
   MAXDEPTH(5000)                          MAXMSGL(4194304)
   MONQ(QMGR)                              MSGDLVSQ(PRIORITY)
   NOTRIGGER                               NPMCLASS(NORMAL)
   OPPROCS(0)                              PROCESS( )
   PUT(ENABLED)                            PROPCTL(COMPAT)
   QDEPTHHI(80)                            QDEPTHLO(20)
   QDPHIEV(DISABLED)                       QDPLOEV(DISABLED)
   QDPMAXEV(ENABLED)                       QSVCIEV(NONE)
   QSVCINT(999999999)                      RETINTVL(999999999)
   SCOPE(QMGR)                             SHARE
   STATQ(QMGR)                             TRIGDATA( )
   TRIGDPTH(1)                             TRIGMPRI(0)
   TRIGTYPE(FIRST)                         USAGE(NORMAL)
AMQ8409: Display Queue details.
   QUEUE(WEB01_FO.QL.GCGTDM.BIPWC01)       TYPE(QLOCAL)
   ACCTQ(QMGR)                             ALTDATE(2026-06-22)
   ALTTIME(16.30.48)                       BOQNAME( )
   BOTHRESH(0)                             CLUSNL( )
   CLUSTER( )                              CLCHNAME( )
   CLWLPRTY(0)                             CLWLRANK(0)
   CLWLUSEQ(QMGR)                          CRDATE(2026-06-22)
   CRTIME(16.30.48)                        CURDEPTH(0)
   CUSTOM( )                               DEFBIND(OPEN)
   DEFPRTY(0)                              DEFPSIST(NO)
   DEFPRESP(SYNC)                          DEFREADA(NO)
   DEFSOPT(SHARED)                         DEFTYPE(PREDEFINED)
   DESCR(GCGTDM.BIPWC01)                   DISTL(NO)
   GET(ENABLED)                            HARDENBO
   INITQ( )                                IPPROCS(0)
   MAXDEPTH(5000)                          MAXMSGL(4194304)
   MONQ(QMGR)                              MSGDLVSQ(PRIORITY)
   NOTRIGGER                               NPMCLASS(NORMAL)
   OPPROCS(0)                              PROCESS( )
   PUT(ENABLED)                            PROPCTL(COMPAT)
   QDEPTHHI(80)                            QDEPTHLO(20)
   QDPHIEV(DISABLED)                       QDPLOEV(DISABLED)
   QDPMAXEV(ENABLED)                       QSVCIEV(NONE)
   QSVCINT(999999999)                      RETINTVL(999999999)
   SCOPE(QMGR)                             SHARE
   STATQ(QMGR)                             TRIGDATA( )
   TRIGDPTH(1)                             TRIGMPRI(0)
   TRIGTYPE(FIRST)                         USAGE(NORMAL)
AMQ8409: Display Queue details.
   QUEUE(WEB01_FO.QL.GCGTDM.BSPWC01)       TYPE(QLOCAL)
   ACCTQ(QMGR)                             ALTDATE(2026-06-22)
   ALTTIME(16.30.48)                       BOQNAME( )
   BOTHRESH(0)                             CLUSNL( )
   CLUSTER( )                              CLCHNAME( )
   CLWLPRTY(0)                             CLWLRANK(0)
   CLWLUSEQ(QMGR)                          CRDATE(2026-06-22)
   CRTIME(16.30.48)                        CURDEPTH(0)
   CUSTOM( )                               DEFBIND(OPEN)
   DEFPRTY(0)                              DEFPSIST(NO)
   DEFPRESP(SYNC)                          DEFREADA(NO)
   DEFSOPT(SHARED)                         DEFTYPE(PREDEFINED)
   DESCR(GCGTDM.BSPWC01)                   DISTL(NO)
   GET(ENABLED)                            HARDENBO
   INITQ( )                                IPPROCS(0)
   MAXDEPTH(5000)                          MAXMSGL(4194304)
   MONQ(QMGR)                              MSGDLVSQ(PRIORITY)
   NOTRIGGER                               NPMCLASS(NORMAL)
   OPPROCS(0)                              PROCESS( )
   PUT(ENABLED)                            PROPCTL(COMPAT)
   QDEPTHHI(80)                            QDEPTHLO(20)
   QDPHIEV(DISABLED)                       QDPLOEV(DISABLED)
   QDPMAXEV(ENABLED)                       QSVCIEV(NONE)
   QSVCINT(999999999)                      RETINTVL(999999999)
   SCOPE(QMGR)                             SHARE
   STATQ(QMGR)                             TRIGDATA( )
   TRIGDPTH(1)                             TRIGMPRI(0)
   TRIGTYPE(FIRST)                         USAGE(NORMAL)
AMQ8409: Display Queue details.
   QUEUE(WEB02_FO.QL.GCGTDM.BAPWC01)       TYPE(QLOCAL)
   ACCTQ(QMGR)                             ALTDATE(2026-06-22)
   ALTTIME(16.30.48)                       BOQNAME( )
   BOTHRESH(0)                             CLUSNL( )
   CLUSTER( )                              CLCHNAME( )
   CLWLPRTY(0)                             CLWLRANK(0)
   CLWLUSEQ(QMGR)                          CRDATE(2026-06-22)
   CRTIME(16.30.48)                        CURDEPTH(0)
   CUSTOM( )                               DEFBIND(OPEN)
   DEFPRTY(0)                              DEFPSIST(NO)
   DEFPRESP(SYNC)                          DEFREADA(NO)
   DEFSOPT(SHARED)                         DEFTYPE(PREDEFINED)
   DESCR(GCGTDM.BAPWC01)                   DISTL(NO)
   GET(ENABLED)                            HARDENBO
   INITQ( )                                IPPROCS(0)
   MAXDEPTH(5000)                          MAXMSGL(4194304)
   MONQ(QMGR)                              MSGDLVSQ(PRIORITY)
   NOTRIGGER                               NPMCLASS(NORMAL)
   OPPROCS(0)                              PROCESS( )
   PUT(ENABLED)                            PROPCTL(COMPAT)
   QDEPTHHI(80)                            QDEPTHLO(20)
   QDPHIEV(DISABLED)                       QDPLOEV(DISABLED)
   QDPMAXEV(ENABLED)                       QSVCIEV(NONE)
   QSVCINT(999999999)                      RETINTVL(999999999)
   SCOPE(QMGR)                             SHARE
   STATQ(QMGR)                             TRIGDATA( )
   TRIGDPTH(1)                             TRIGMPRI(0)
   TRIGTYPE(FIRST)                         USAGE(NORMAL)
AMQ8409: Display Queue details.
   QUEUE(WEB02_FO.QL.GCGTDM.BIPWC01)       TYPE(QLOCAL)
   ACCTQ(QMGR)                             ALTDATE(2026-06-22)
   ALTTIME(16.30.48)                       BOQNAME( )
   BOTHRESH(0)                             CLUSNL( )
   CLUSTER( )                              CLCHNAME( )
   CLWLPRTY(0)                             CLWLRANK(0)
   CLWLUSEQ(QMGR)                          CRDATE(2026-06-22)
   CRTIME(16.30.48)                        CURDEPTH(0)
   CUSTOM( )                               DEFBIND(OPEN)
   DEFPRTY(0)                              DEFPSIST(NO)
   DEFPRESP(SYNC)                          DEFREADA(NO)
   DEFSOPT(SHARED)                         DEFTYPE(PREDEFINED)
   DESCR(GCGTDM.BIPWC01)                   DISTL(NO)
   GET(ENABLED)                            HARDENBO
   INITQ( )                                IPPROCS(0)
   MAXDEPTH(5000)                          MAXMSGL(4194304)
   MONQ(QMGR)                              MSGDLVSQ(PRIORITY)
   NOTRIGGER                               NPMCLASS(NORMAL)
   OPPROCS(0)                              PROCESS( )
   PUT(ENABLED)                            PROPCTL(COMPAT)
   QDEPTHHI(80)                            QDEPTHLO(20)
   QDPHIEV(DISABLED)                       QDPLOEV(DISABLED)
   QDPMAXEV(ENABLED)                       QSVCIEV(NONE)
   QSVCINT(999999999)                      RETINTVL(999999999)
   SCOPE(QMGR)                             SHARE
   STATQ(QMGR)                             TRIGDATA( )
   TRIGDPTH(1)                             TRIGMPRI(0)
   TRIGTYPE(FIRST)                         USAGE(NORMAL)
AMQ8409: Display Queue details.
   QUEUE(WEB02_FO.QL.GCGTDM.BSPWC01)       TYPE(QLOCAL)
   ACCTQ(QMGR)                             ALTDATE(2026-06-22)
   ALTTIME(16.30.48)                       BOQNAME( )
   BOTHRESH(0)                             CLUSNL( )
   CLUSTER( )                              CLCHNAME( )
   CLWLPRTY(0)                             CLWLRANK(0)
   CLWLUSEQ(QMGR)                          CRDATE(2026-06-22)
   CRTIME(16.30.48)                        CURDEPTH(0)
   CUSTOM( )                               DEFBIND(OPEN)
   DEFPRTY(0)                              DEFPSIST(NO)
   DEFPRESP(SYNC)                          DEFREADA(NO)
   DEFSOPT(SHARED)                         DEFTYPE(PREDEFINED)
   DESCR(GCGTDM.BSPWC01)                   DISTL(NO)
   GET(ENABLED)                            HARDENBO
   INITQ( )                                IPPROCS(0)
   MAXDEPTH(5000)                          MAXMSGL(4194304)
   MONQ(QMGR)                              MSGDLVSQ(PRIORITY)
   NOTRIGGER                               NPMCLASS(NORMAL)
   OPPROCS(0)                              PROCESS( )
   PUT(ENABLED)                            PROPCTL(COMPAT)
   QDEPTHHI(80)                            QDEPTHLO(20)
   QDPHIEV(DISABLED)                       QDPLOEV(DISABLED)
   QDPMAXEV(ENABLED)                       QSVCIEV(NONE)
   QSVCINT(999999999)                      RETINTVL(999999999)
   SCOPE(QMGR)                             SHARE
   STATQ(QMGR)                             TRIGDATA( )
   TRIGDPTH(1)                             TRIGMPRI(0)
   TRIGTYPE(FIRST)                         USAGE(NORMAL)
AMQ8409: Display Queue details.
   QUEUE(WEB03_FO.QL.GCGTDM.BAPWC01)       TYPE(QLOCAL)
   ACCTQ(QMGR)                             ALTDATE(2026-06-22)
   ALTTIME(16.30.48)                       BOQNAME( )
   BOTHRESH(0)                             CLUSNL( )
   CLUSTER( )                              CLCHNAME( )
   CLWLPRTY(0)                             CLWLRANK(0)
   CLWLUSEQ(QMGR)                          CRDATE(2026-06-22)
   CRTIME(16.30.48)                        CURDEPTH(0)
   CUSTOM( )                               DEFBIND(OPEN)
   DEFPRTY(0)                              DEFPSIST(NO)
   DEFPRESP(SYNC)                          DEFREADA(NO)
   DEFSOPT(SHARED)                         DEFTYPE(PREDEFINED)
   DESCR(GCGTDM.BAPWC01)                   DISTL(NO)
   GET(ENABLED)                            HARDENBO
   INITQ( )                                IPPROCS(0)
   MAXDEPTH(5000)                          MAXMSGL(4194304)
   MONQ(QMGR)                              MSGDLVSQ(PRIORITY)
   NOTRIGGER                               NPMCLASS(NORMAL)
   OPPROCS(0)                              PROCESS( )
   PUT(ENABLED)                            PROPCTL(COMPAT)
   QDEPTHHI(80)                            QDEPTHLO(20)
   QDPHIEV(DISABLED)                       QDPLOEV(DISABLED)
   QDPMAXEV(ENABLED)                       QSVCIEV(NONE)
   QSVCINT(999999999)                      RETINTVL(999999999)
   SCOPE(QMGR)                             SHARE
   STATQ(QMGR)                             TRIGDATA( )
   TRIGDPTH(1)                             TRIGMPRI(0)
   TRIGTYPE(FIRST)                         USAGE(NORMAL)
AMQ8409: Display Queue details.
   QUEUE(WEB03_FO.QL.GCGTDM.BIPWC01)       TYPE(QLOCAL)
   ACCTQ(QMGR)                             ALTDATE(2026-06-22)
   ALTTIME(16.30.49)                       BOQNAME( )
   BOTHRESH(0)                             CLUSNL( )
   CLUSTER( )                              CLCHNAME( )
   CLWLPRTY(0)                             CLWLRANK(0)
   CLWLUSEQ(QMGR)                          CRDATE(2026-06-22)
   CRTIME(16.30.49)                        CURDEPTH(0)
   CUSTOM( )                               DEFBIND(OPEN)
   DEFPRTY(0)                              DEFPSIST(NO)
   DEFPRESP(SYNC)                          DEFREADA(NO)
   DEFSOPT(SHARED)                         DEFTYPE(PREDEFINED)
   DESCR(GCGTDM.BIPWC01)                   DISTL(NO)
   GET(ENABLED)                            HARDENBO
   INITQ( )                                IPPROCS(0)
   MAXDEPTH(5000)                          MAXMSGL(4194304)
   MONQ(QMGR)                              MSGDLVSQ(PRIORITY)
   NOTRIGGER                               NPMCLASS(NORMAL)
   OPPROCS(0)                              PROCESS( )
   PUT(ENABLED)                            PROPCTL(COMPAT)
   QDEPTHHI(80)                            QDEPTHLO(20)
   QDPHIEV(DISABLED)                       QDPLOEV(DISABLED)
   QDPMAXEV(ENABLED)                       QSVCIEV(NONE)
   QSVCINT(999999999)                      RETINTVL(999999999)
   SCOPE(QMGR)                             SHARE
   STATQ(QMGR)                             TRIGDATA( )
   TRIGDPTH(1)                             TRIGMPRI(0)
   TRIGTYPE(FIRST)                         USAGE(NORMAL)
AMQ8409: Display Queue details.
   QUEUE(WEB03_FO.QL.GCGTDM.BSPWC01)       TYPE(QLOCAL)
   ACCTQ(QMGR)                             ALTDATE(2026-06-22)
   ALTTIME(16.30.49)                       BOQNAME( )
   BOTHRESH(0)                             CLUSNL( )
   CLUSTER( )                              CLCHNAME( )
   CLWLPRTY(0)                             CLWLRANK(0)
   CLWLUSEQ(QMGR)                          CRDATE(2026-06-22)
   CRTIME(16.30.49)                        CURDEPTH(0)
   CUSTOM( )                               DEFBIND(OPEN)
   DEFPRTY(0)                              DEFPSIST(NO)
   DEFPRESP(SYNC)                          DEFREADA(NO)
   DEFSOPT(SHARED)                         DEFTYPE(PREDEFINED)
   DESCR(GCGTDM.BSPWC01)                   DISTL(NO)
   GET(ENABLED)                            HARDENBO
   INITQ( )                                IPPROCS(0)
   MAXDEPTH(5000)                          MAXMSGL(4194304)
   MONQ(QMGR)                              MSGDLVSQ(PRIORITY)
   NOTRIGGER                               NPMCLASS(NORMAL)
   OPPROCS(0)                              PROCESS( )
   PUT(ENABLED)                            PROPCTL(COMPAT)
   QDEPTHHI(80)                            QDEPTHLO(20)
   QDPHIEV(DISABLED)                       QDPLOEV(DISABLED)
   QDPMAXEV(ENABLED)                       QSVCIEV(NONE)
   QSVCINT(999999999)                      RETINTVL(999999999)
   SCOPE(QMGR)                             SHARE
   STATQ(QMGR)                             TRIGDATA( )
   TRIGDPTH(1)                             TRIGMPRI(0)
   TRIGTYPE(FIRST)                         USAGE(NORMAL)
AMQ8409: Display Queue details.
   QUEUE(WEB04_FO.QL.GCGTDM.BAPWC01)       TYPE(QLOCAL)
   ACCTQ(QMGR)                             ALTDATE(2026-06-22)
   ALTTIME(16.30.49)                       BOQNAME( )
   BOTHRESH(0)                             CLUSNL( )
   CLUSTER( )                              CLCHNAME( )
   CLWLPRTY(0)                             CLWLRANK(0)
   CLWLUSEQ(QMGR)                          CRDATE(2026-06-22)
   CRTIME(16.30.49)                        CURDEPTH(0)
   CUSTOM( )                               DEFBIND(OPEN)
   DEFPRTY(0)                              DEFPSIST(NO)
   DEFPRESP(SYNC)                          DEFREADA(NO)
   DEFSOPT(SHARED)                         DEFTYPE(PREDEFINED)
   DESCR(GCGTDM.BAPWC01)                   DISTL(NO)
   GET(ENABLED)                            HARDENBO
   INITQ( )                                IPPROCS(0)
   MAXDEPTH(5000)                          MAXMSGL(4194304)
   MONQ(QMGR)                              MSGDLVSQ(PRIORITY)
   NOTRIGGER                               NPMCLASS(NORMAL)
   OPPROCS(0)                              PROCESS( )
   PUT(ENABLED)                            PROPCTL(COMPAT)
   QDEPTHHI(80)                            QDEPTHLO(20)
   QDPHIEV(DISABLED)                       QDPLOEV(DISABLED)
   QDPMAXEV(ENABLED)                       QSVCIEV(NONE)
   QSVCINT(999999999)                      RETINTVL(999999999)
   SCOPE(QMGR)                             SHARE
   STATQ(QMGR)                             TRIGDATA( )
   TRIGDPTH(1)                             TRIGMPRI(0)
   TRIGTYPE(FIRST)                         USAGE(NORMAL)
AMQ8409: Display Queue details.
   QUEUE(WEB04_FO.QL.GCGTDM.BIPWC01)       TYPE(QLOCAL)
   ACCTQ(QMGR)                             ALTDATE(2026-06-22)
   ALTTIME(16.30.49)                       BOQNAME( )
   BOTHRESH(0)                             CLUSNL( )
   CLUSTER( )                              CLCHNAME( )
   CLWLPRTY(0)                             CLWLRANK(0)
   CLWLUSEQ(QMGR)                          CRDATE(2026-06-22)
   CRTIME(16.30.49)                        CURDEPTH(0)
   CUSTOM( )                               DEFBIND(OPEN)
   DEFPRTY(0)                              DEFPSIST(NO)
   DEFPRESP(SYNC)                          DEFREADA(NO)
   DEFSOPT(SHARED)                         DEFTYPE(PREDEFINED)
   DESCR(GCGTDM.BIPWC01)                   DISTL(NO)
   GET(ENABLED)                            HARDENBO
   INITQ( )                                IPPROCS(0)
   MAXDEPTH(5000)                          MAXMSGL(4194304)
   MONQ(QMGR)                              MSGDLVSQ(PRIORITY)
   NOTRIGGER                               NPMCLASS(NORMAL)
   OPPROCS(0)                              PROCESS( )
   PUT(ENABLED)                            PROPCTL(COMPAT)
   QDEPTHHI(80)                            QDEPTHLO(20)
   QDPHIEV(DISABLED)                       QDPLOEV(DISABLED)
   QDPMAXEV(ENABLED)                       QSVCIEV(NONE)
   QSVCINT(999999999)                      RETINTVL(999999999)
   SCOPE(QMGR)                             SHARE
   STATQ(QMGR)                             TRIGDATA( )
   TRIGDPTH(1)                             TRIGMPRI(0)
   TRIGTYPE(FIRST)                         USAGE(NORMAL)
AMQ8409: Display Queue details.
   QUEUE(WEB04_FO.QL.GCGTDM.BSPWC01)       TYPE(QLOCAL)
   ACCTQ(QMGR)                             ALTDATE(2026-06-22)
   ALTTIME(16.30.50)                       BOQNAME( )
   BOTHRESH(0)                             CLUSNL( )
   CLUSTER( )                              CLCHNAME( )
   CLWLPRTY(0)                             CLWLRANK(0)
   CLWLUSEQ(QMGR)                          CRDATE(2026-06-22)
   CRTIME(16.30.50)                        CURDEPTH(0)
   CUSTOM( )                               DEFBIND(OPEN)
   DEFPRTY(0)                              DEFPSIST(NO)
   DEFPRESP(SYNC)                          DEFREADA(NO)
   DEFSOPT(SHARED)                         DEFTYPE(PREDEFINED)
   DESCR(GCGTDM.BSPWC01)                   DISTL(NO)
   GET(ENABLED)                            HARDENBO
   INITQ( )                                IPPROCS(0)
   MAXDEPTH(5000)                          MAXMSGL(4194304)
   MONQ(QMGR)                              MSGDLVSQ(PRIORITY)
   NOTRIGGER                               NPMCLASS(NORMAL)
   OPPROCS(0)                              PROCESS( )
   PUT(ENABLED)                            PROPCTL(COMPAT)
   QDEPTHHI(80)                            QDEPTHLO(20)
   QDPHIEV(DISABLED)                       QDPLOEV(DISABLED)
   QDPMAXEV(ENABLED)                       QSVCIEV(NONE)
   QSVCINT(999999999)                      RETINTVL(999999999)
   SCOPE(QMGR)                             SHARE
   STATQ(QMGR)                             TRIGDATA( )
   TRIGDPTH(1)                             TRIGMPRI(0)
   TRIGTYPE(FIRST)                         USAGE(NORMAL)
MQSC >      5 : DISPLAY QALIAS(*) ALL
AMQ8409: Display Queue details.
   QUEUE(FL.ZAS.ANNUAIRE)                  TYPE(QALIAS)
   ALTDATE(2026-06-22)                     ALTTIME(16.29.11)
   TARGET(QL.FO.ZAS.ANNUAIRE)              CLUSNL( )
   CLUSTER( )                              CLWLPRTY(0)
   CLWLRANK(0)                             CUSTOM( )
   DEFBIND(OPEN)                           DEFPRTY(0)
   DEFPSIST(YES)                           DEFPRESP(SYNC)
   DEFREADA(NO)                            DESCR(Alias QL.FL.ZAS.ANNUAIRE)
   GET(ENABLED)                            PUT(ENABLED)
   PROPCTL(COMPAT)                         SCOPE(QMGR)
   TARGTYPE(QUEUE)                      
AMQ8409: Display Queue details.
   QUEUE(GPS.001)                          TYPE(QALIAS)
   ALTDATE(2026-06-22)                     ALTTIME(16.29.12)
   TARGET(QL.FO.GPS.001)                   CLUSNL( )
   CLUSTER( )                              CLWLPRTY(0)
   CLWLRANK(0)                             CUSTOM( )
   DEFBIND(OPEN)                           DEFPRTY(0)
   DEFPSIST(NO)                            DEFPRESP(SYNC)
   DEFREADA(NO)                            DESCR(Alias QL.FO.GPS.001)
   GET(ENABLED)                            PUT(ENABLED)
   PROPCTL(COMPAT)                         SCOPE(QMGR)
   TARGTYPE(QUEUE)                      
AMQ8409: Display Queue details.
   QUEUE(GPS.002)                          TYPE(QALIAS)
   ALTDATE(2026-06-22)                     ALTTIME(16.29.12)
   TARGET(QR.FO.GPS.002)                   CLUSNL( )
   CLUSTER( )                              CLWLPRTY(0)
   CLWLRANK(0)                             CUSTOM( )
   DEFBIND(OPEN)                           DEFPRTY(0)
   DEFPSIST(NO)                            DEFPRESP(SYNC)
   DEFREADA(NO)                            DESCR(Alias QR.FO.GPS.002)
   GET(ENABLED)                            PUT(ENABLED)
   PROPCTL(COMPAT)                         SCOPE(QMGR)
   TARGTYPE(QUEUE)                      
AMQ8409: Display Queue details.
   QUEUE(MTL.001)                          TYPE(QALIAS)
   ALTDATE(2026-06-22)                     ALTTIME(16.29.13)
   TARGET(MNDFOPAO1.QL.MTL.001)            CLUSNL( )
   CLUSTER( )                              CLWLPRTY(0)
   CLWLRANK(0)                             CUSTOM( )
   DEFBIND(OPEN)                           DEFPRTY(0)
   DEFPSIST(NO)                            DEFPRESP(SYNC)
   DEFREADA(NO)                            DESCR(Alias Machine traction)
   GET(ENABLED)                            PUT(ENABLED)
   PROPCTL(COMPAT)                         SCOPE(QMGR)
   TARGTYPE(QUEUE)                      
AMQ8409: Display Queue details.
   QUEUE(MTR.001)                          TYPE(QALIAS)
   ALTDATE(2026-06-22)                     ALTTIME(16.29.13)
   TARGET(MNDFOPAO1.QR.MTR.001)            CLUSNL( )
   CLUSTER( )                              CLWLPRTY(0)
   CLWLRANK(0)                             CUSTOM( )
   DEFBIND(OPEN)                           DEFPRTY(0)
   DEFPSIST(NO)                            DEFPRESP(SYNC)
   DEFREADA(NO)                            DESCR(Alias Machine traction)
   GET(ENABLED)                            PUT(ENABLED)
   PROPCTL(COMPAT)                         SCOPE(QMGR)
   TARGTYPE(QUEUE)                      
AMQ8409: Display Queue details.
   QUEUE(MTRTDM.00000001)                  TYPE(QALIAS)
   ALTDATE(2026-06-22)                     ALTTIME(16.29.14)
   TARGET(MNDFLUNT_FO.QR.MTRTDM.00000001)
   CLUSNL( )                               CLUSTER( )
   CLWLPRTY(0)                             CLWLRANK(0)
   CUSTOM( )                               DEFBIND(OPEN)
   DEFPRTY(0)                              DEFPSIST(NO)
   DEFPRESP(SYNC)                          DEFREADA(NO)
   DESCR(Alias MNDFLUNT_FO.QR.MTRTDM.00000001)
   GET(ENABLED)                            PUT(ENABLED)
   PROPCTL(COMPAT)                         SCOPE(QMGR)
   TARGTYPE(QUEUE)                      
AMQ8409: Display Queue details.
   QUEUE(SICFOS.LEGX)                      TYPE(QALIAS)
   ALTDATE(2026-06-22)                     ALTTIME(16.29.15)
   TARGET(QL.SIC.TDM.LEG1.001)             CLUSNL( )
   CLUSTER( )                              CLWLPRTY(0)
   CLWLRANK(0)                             CUSTOM( )
   DEFBIND(OPEN)                           DEFPRTY(0)
   DEFPSIST(NO)                            DEFPRESP(SYNC)
   DEFREADA(NO)                            DESCR(alias de QL.SIC.TDM.LEG1.001)
   GET(ENABLED)                            PUT(ENABLED)
   PROPCTL(COMPAT)                         SCOPE(QMGR)
   TARGTYPE(QUEUE)                      
AMQ8409: Display Queue details.
   QUEUE(SYSTEM.DEFAULT.ALIAS.QUEUE)       TYPE(QALIAS)
   ALTDATE(2026-06-22)                     ALTTIME(16.15.55)
   TARGET( )                               CLUSNL( )
   CLUSTER( )                              CLWLPRTY(0)
   CLWLRANK(0)                             CUSTOM( )
   DEFBIND(OPEN)                           DEFPRTY(0)
   DEFPSIST(NO)                            DEFPRESP(SYNC)
   DEFREADA(NO)                            DESCR( )
   GET(ENABLED)                            PUT(ENABLED)
   PROPCTL(COMPAT)                         SCOPE(QMGR)
   TARGTYPE(QUEUE)                      
AMQ8409: Display Queue details.
   QUEUE(TDMMTR.00000001)                  TYPE(QALIAS)
   ALTDATE(2026-06-22)                     ALTTIME(16.29.15)
   TARGET(MNDFLUNT_FO.QL.TDMMTR.00000001)
   CLUSNL( )                               CLUSTER( )
   CLWLPRTY(0)                             CLWLRANK(0)
   CUSTOM( )                               DEFBIND(OPEN)
   DEFPRTY(0)                              DEFPSIST(NO)
   DEFPRESP(SYNC)                          DEFREADA(NO)
   DESCR(Alias MNDFLUNT_FO.QL.TDMMTR.00000001)
   GET(ENABLED)                            PUT(ENABLED)
   PROPCTL(COMPAT)                         SCOPE(QMGR)
   TARGTYPE(QUEUE)                      
AMQ8409: Display Queue details.
   QUEUE(TST02.002)                        TYPE(QALIAS)
   ALTDATE(2026-06-22)                     ALTTIME(16.29.17)
   TARGET(QR.FO.TST02.002)                 CLUSNL( )
   CLUSTER( )                              CLWLPRTY(0)
   CLWLRANK(0)                             CUSTOM( )
   DEFBIND(OPEN)                           DEFPRTY(0)
   DEFPSIST(NO)                            DEFPRESP(SYNC)
   DEFREADA(NO)                            DESCR(Alias QR.FO.TST02.002)
   GET(ENABLED)                            PUT(ENABLED)
   PROPCTL(COMPAT)                         SCOPE(QMGR)
   TARGTYPE(QUEUE)                      
MQSC >      6 : DISPLAY QREMOTE(*) ALL
AMQ8409: Display Queue details.
   QUEUE(MNDFLUNT_FO.QR.MTRTDM.00000001)   TYPE(QREMOTE)
   ALTDATE(2026-06-22)                     ALTTIME(16.31.09)
   CLUSNL( )                               CLUSTER( )
   CLWLPRTY(0)                             CLWLRANK(0)
   CUSTOM( )                               DEFBIND(OPEN)
   DEFPRTY(0)                              DEFPSIST(NO)
   DEFPRESP(SYNC)                          DESCR(Machine Traction C.Lebocq)
   PUT(ENABLED)                            RQMNAME(MNDFLUNT)
   RNAME(MNDFLUNT_FO.QL.MTRTDM.00000001)   SCOPE(QMGR)
   XMITQ(MNDFLUNT)                      
AMQ8409: Display Queue details.
   QUEUE(MNDFOPAO1.QR.MTR.001)             TYPE(QREMOTE)
   ALTDATE(2026-06-22)                     ALTTIME(16.31.10)
   CLUSNL( )                               CLUSTER( )
   CLWLPRTY(0)                             CLWLRANK(0)
   CUSTOM( )                               DEFBIND(OPEN)
   DEFPRTY(0)                              DEFPSIST(NO)
   DEFPRESP(SYNC)                          DESCR(Machine Traction)
   PUT(ENABLED)                            RQMNAME(MNDFOPAO1)
   RNAME(MNDFOPAO1.QL.MTL.001)             SCOPE(QMGR)
   XMITQ(MNDFOPAO1)                     
AMQ8409: Display Queue details.
   QUEUE(MNPOSTEFO)                        TYPE(QREMOTE)
   ALTDATE(2026-06-22)                     ALTTIME(16.31.10)
   CLUSNL( )                               CLUSTER( )
   CLWLPRTY(0)                             CLWLRANK(0)
   CUSTOM( )                               DEFBIND(OPEN)
   DEFPRTY(0)                              DEFPSIST(YES)
   DEFPRESP(SYNC)                          DESCR(Vers DK)
   PUT(ENABLED)                            RQMNAME(MNPADMFO)
   RNAME(MNPOSTEFO)                        SCOPE(QMGR)
   XMITQ(MNPADMFO)                      
AMQ8409: Display Queue details.
   QUEUE(MQSG_FO.QR.GNSU1.IT)              TYPE(QREMOTE)
   ALTDATE(2026-06-22)                     ALTTIME(16.31.11)
   CLUSNL( )                               CLUSTER( )
   CLWLPRTY(0)                             CLWLRANK(0)
   CUSTOM( )                               DEFBIND(OPEN)
   DEFPRTY(0)                              DEFPSIST(YES)
   DEFPRESP(SYNC)                          DESCR(Vers Sirius-GNSU1)
   PUT(ENABLED)                            RQMNAME(MQSG)
   RNAME(MQSG_FO.QL.GNSU1.IT)              SCOPE(QMGR)
   XMITQ(MQSG)                          
AMQ8409: Display Queue details.
   QUEUE(MQSG_FO.QR.GNSU2.IT)              TYPE(QREMOTE)
   ALTDATE(2026-06-22)                     ALTTIME(16.31.12)
   CLUSNL( )                               CLUSTER( )
   CLWLPRTY(0)                             CLWLRANK(0)
   CUSTOM( )                               DEFBIND(OPEN)
   DEFPRTY(0)                              DEFPSIST(YES)
   DEFPRESP(SYNC)                          DESCR(Vers Sirius-GNSU2)
   PUT(ENABLED)                            RQMNAME(MQSG)
   RNAME(MQSG_FO.QL.GNSU2.IT)              SCOPE(QMGR)
   XMITQ(MQSG)                          
AMQ8409: Display Queue details.
   QUEUE(MQSG_FO.QR.GNSU3.IT)              TYPE(QREMOTE)
   ALTDATE(2026-06-22)                     ALTTIME(16.31.13)
   CLUSNL( )                               CLUSTER( )
   CLWLPRTY(0)                             CLWLRANK(0)
   CUSTOM( )                               DEFBIND(OPEN)
   DEFPRTY(0)                              DEFPSIST(YES)
   DEFPRESP(SYNC)                          DESCR(Vers Sirius-GNSU3)
   PUT(ENABLED)                            RQMNAME(MQSG)
   RNAME(MQSG_FO.QL.GNSU3.IT)              SCOPE(QMGR)
   XMITQ(MQSG)                          
AMQ8409: Display Queue details.
   QUEUE(MQSG_FO.QR.GNSU4.TI)              TYPE(QREMOTE)
   ALTDATE(2026-08-31)                     ALTTIME(09.20.13)
   CLUSNL( )                               CLUSTER( )
   CLWLPRTY(0)                             CLWLRANK(0)
   CUSTOM( )                               DEFBIND(OPEN)
   DEFPRTY(0)                              DEFPSIST(NO)
   DEFPRESP(SYNC)                       
   DESCR(Flux GNSU4-TI. Retour des Acquittements)
   PUT(ENABLED)                            RQMNAME(MQSG)
   RNAME(MQSG_FO.QL.GNSU4.TI)              SCOPE(QMGR)
   XMITQ(MQSG)                          
AMQ8409: Display Queue details.
   QUEUE(MQSG_FO.QR.TRANSF.TABL.IT)        TYPE(QREMOTE)
   ALTDATE(2026-06-22)                     ALTTIME(16.31.14)
   CLUSNL( )                               CLUSTER( )
   CLWLPRTY(0)                             CLWLRANK(0)
   CUSTOM( )                               DEFBIND(OPEN)
   DEFPRTY(0)                              DEFPSIST(NO)
   DEFPRESP(SYNC)                          DESCR(Vers Sirius-Tables)
   PUT(ENABLED)                            RQMNAME(MQSG)
   RNAME(MQSG_FO.QL.TRANSF.TABL.IT)        SCOPE(QMGR)
   XMITQ(MQSG)                          
AMQ8409: Display Queue details.
   QUEUE(MSRF_FO.QR.GKCTDM.INFOCDE)        TYPE(QREMOTE)
   ALTDATE(2026-09-04)                     ALTTIME(09.49.30)
   CLUSNL( )                               CLUSTER( )
   CLWLPRTY(0)                             CLWLRANK(0)
   CUSTOM( )                               DEFBIND(OPEN)
   DEFPRTY(0)                              DEFPSIST(NO)
   DEFPRESP(SYNC)                          DESCR(Info Cde)
   PUT(ENABLED)                            RQMNAME(MQSG)
   RNAME(MSRF_FO.QL.GKCTDM.INFOCDE)        SCOPE(QMGR)
   XMITQ(MQSG)                          
AMQ8409: Display Queue details.
   QUEUE(MSRF_FO.QR.GKCTDM.POIDOPBOB)      TYPE(QREMOTE)
   ALTDATE(2026-09-04)                     ALTTIME(09.49.31)
   CLUSNL( )                               CLUSTER( )
   CLWLPRTY(0)                             CLWLRANK(0)
   CUSTOM( )                               DEFBIND(OPEN)
   DEFPRTY(0)                              DEFPSIST(NO)
   DEFPRESP(SYNC)                          DESCR(Poids Bobine)
   PUT(ENABLED)                            RQMNAME(MQSG)
   RNAME(MSRF_FO.QL.GKCTDM.POIDOPBOB)      SCOPE(QMGR)
   XMITQ(MQSG)                          
AMQ8409: Display Queue details.
   QUEUE(MT03_FO.QR.BOBXXX.RESBOBAR)       TYPE(QREMOTE)
   ALTDATE(2026-09-04)                     ALTTIME(09.49.31)
   CLUSNL( )                               CLUSTER( )
   CLWLPRTY(0)                             CLWLRANK(0)
   CUSTOM( )                               DEFBIND(OPEN)
   DEFPRTY(0)                              DEFPSIST(NO)
   DEFPRESP(SYNC)                          DESCR(Nt Florange)
   PUT(ENABLED)                            RQMNAME(MNDINTA1)
   RNAME(MT03_FO.QL.TDOBOB.RESBOB)         SCOPE(QMGR)
   XMITQ(MNDINTA1)                      
AMQ8409: Display Queue details.
   QUEUE(QR.FL.ZAS.ESSAI)                  TYPE(QREMOTE)
   ALTDATE(2026-09-04)                     ALTTIME(09.49.32)
   CLUSNL( )                               CLUSTER( )
   CLWLPRTY(0)                             CLWLRANK(0)
   CUSTOM( )                               DEFBIND(OPEN)
   DEFPRTY(0)                              DEFPSIST(NO)
   DEFPRESP(SYNC)                          DESCR(queue postage NT FLORANGE)
   PUT(ENABLED)                            RQMNAME(SIANT)
   RNAME(QL.FL.ZAS.ESSAI)                  SCOPE(QMGR)
   XMITQ(SIANT)                         
AMQ8409: Display Queue details.
   QUEUE(QR.FO.GPS.002)                    TYPE(QREMOTE)
   ALTDATE(2026-09-04)                     ALTTIME(09.49.32)
   CLUSNL( )                               CLUSTER( )
   CLWLPRTY(0)                             CLWLRANK(0)
   CUSTOM( )                               DEFBIND(OPEN)
   DEFPRTY(0)                              DEFPSIST(NO)
   DEFPRESP(SYNC)                          DESCR(Postage Sirius)
   PUT(ENABLED)                            RQMNAME(MQSG)
   RNAME(QL.FO.GPS.001)                    SCOPE(QMGR)
   XMITQ(MQSG)                          
AMQ8409: Display Queue details.
   QUEUE(QR.FO.R.GNRC1.001)                TYPE(QREMOTE)
   ALTDATE(2026-08-26)                     ALTTIME(11.24.16)
   CLUSNL( )                               CLUSTER( )
   CLWLPRTY(0)                             CLWLRANK(0)
   CUSTOM( )                               DEFBIND(OPEN)
   DEFPRTY(0)                              DEFPSIST(NO)
   DEFPRESP(SYNC)                          DESCR(Postage Sirius)
   PUT(ENABLED)                            RQMNAME(MQSG)
   RNAME(QL.FO.R.GNRC1.002)                SCOPE(QMGR)
   XMITQ(MQSG)                          
AMQ8409: Display Queue details.
   QUEUE(QR.FO.R.GNRC2.001)                TYPE(QREMOTE)
   ALTDATE(2026-09-04)                     ALTTIME(09.49.33)
   CLUSNL( )                               CLUSTER( )
   CLWLPRTY(0)                             CLWLRANK(0)
   CUSTOM( )                               DEFBIND(OPEN)
   DEFPRTY(0)                              DEFPSIST(NO)
   DEFPRESP(SYNC)                          DESCR(Demande specif Gpao BSGC2SPE)
   PUT(ENABLED)                            RQMNAME(MQSG)
   RNAME(QL.FO.R.GNRC2.002)                SCOPE(QMGR)
   XMITQ(MQSG)                          
AMQ8409: Display Queue details.
   QUEUE(QR.FO.R.GPS01.002)                TYPE(QREMOTE)
   ALTDATE(2026-09-04)                     ALTTIME(09.49.33)
   CLUSNL( )                               CLUSTER( )
   CLWLPRTY(0)                             CLWLRANK(0)
   CUSTOM( )                               DEFBIND(OPEN)
   DEFPRTY(0)                              DEFPSIST(NO)
   DEFPRESP(SYNC)                          DESCR(Stats Transferts)
   PUT(ENABLED)                            RQMNAME(MQSG)
   RNAME(QL.FO.R.GPS01.001)                SCOPE(QMGR)
   XMITQ(MQSG)                          
AMQ8409: Display Queue details.
   QUEUE(QR.FO.TST02.002)                  TYPE(QREMOTE)
   ALTDATE(2026-06-22)                     ALTTIME(16.31.14)
   CLUSNL( )                               CLUSTER( )
   CLWLPRTY(0)                             CLWLRANK(0)
   CUSTOM( )                               DEFBIND(OPEN)
   DEFPRTY(0)                              DEFPSIST(NO)
   DEFPRESP(SYNC)                          DESCR( )
   PUT(ENABLED)                            RQMNAME(MNDFLUNT)
   RNAME(QL.FO.TST02.002)                  SCOPE(QMGR)
   XMITQ(MNDFLUNT)                      
AMQ8409: Display Queue details.
   QUEUE(QR.FOSPW.DATAR)                   TYPE(QREMOTE)
   ALTDATE(2026-09-04)                     ALTTIME(09.49.34)
   CLUSNL( )                               CLUSTER( )
   CLWLPRTY(0)                             CLWLRANK(0)
   CUSTOM( )                               DEFBIND(OPEN)
   DEFPRTY(0)                              DEFPSIST(NO)
   DEFPRESP(SYNC)                          DESCR(Flux PlanWide - Em)
   PUT(ENABLED)                            RQMNAME(MXRGPQPW)
   RNAME(FOSPW.DATAR)                      SCOPE(QMGR)
   XMITQ(MXRGPQPW)                      
AMQ8409: Display Queue details.
   QUEUE(QR.FOSPW.RQQUALR)                 TYPE(QREMOTE)
   ALTDATE(2026-09-04)                     ALTTIME(09.49.36)
   CLUSNL( )                               CLUSTER( )
   CLWLPRTY(0)                             CLWLRANK(0)
   CUSTOM( )                               DEFBIND(OPEN)
   DEFPRTY(0)                              DEFPSIST(NO)
   DEFPRESP(SYNC)                       
   DESCR(QR.FOSPW.RQQUALRetour des Acquittements)
   PUT(ENABLED)                            RQMNAME(MXRGPQPW)
   RNAME(FOSPW.RQQUALR)                    SCOPE(QMGR)
   XMITQ(MXRGPQPW)                      
AMQ8409: Display Queue details.
   QUEUE(QR.FOSR.SIC.EECD500)              TYPE(QREMOTE)
   ALTDATE(2026-06-22)                     ALTTIME(16.31.15)
   CLUSNL( )                               CLUSTER( )
   CLWLPRTY(0)                             CLWLRANK(0)
   CUSTOM( )                               DEFBIND(OPEN)
   DEFPRTY(0)                              DEFPSIST(NO)
   DEFPRESP(SYNC)                          DESCR(ENVOI VERS ECD500)
   PUT(ENABLED)                            RQMNAME(QDIC)
   RNAME(QDIC.QL.FOSR.SIC.EECD500)         SCOPE(QMGR)
   XMITQ(QDIC)                          
AMQ8409: Display Queue details.
   QUEUE(QR.TDM.SIC.LEG1.001)              TYPE(QREMOTE)
   ALTDATE(2026-06-22)                     ALTTIME(16.31.17)
   CLUSNL( )                               CLUSTER( )
   CLWLPRTY(0)                             CLWLRANK(0)
   CUSTOM( )                               DEFBIND(OPEN)
   DEFPRTY(0)                              DEFPSIST(NO)
   DEFPRESP(SYNC)                          DESCR(Recette Lot 1MDI SIC on Line)
   PUT(ENABLED)                            RQMNAME(QDIC)
   RNAME(QDIC.QL.SICFOS.LEGX)              SCOPE(QMGR)
   XMITQ(QDIC)                          
AMQ8409: Display Queue details.
   QUEUE(SYSTEM.DEFAULT.REMOTE.QUEUE)      TYPE(QREMOTE)
   ALTDATE(2026-06-22)                     ALTTIME(16.15.56)
   CLUSNL( )                               CLUSTER( )
   CLWLPRTY(0)                             CLWLRANK(0)
   CUSTOM( )                               DEFBIND(OPEN)
   DEFPRTY(0)                              DEFPSIST(NO)
   DEFPRESP(SYNC)                          DESCR( )
   PUT(ENABLED)                            RQMNAME( )
   RNAME( )                                SCOPE(QMGR)
   XMITQ( )                             
MQSC >      7 : DISPLAY QMODEL(*) ALL
AMQ8409: Display Queue details.
   QUEUE(SYSTEM.CLUSTER.TRANSMIT.MODEL.QUEUE)
   TYPE(QMODEL)                            ACCTQ(QMGR)
   ALTDATE(2026-06-22)                     ALTTIME(16.15.56)
   BOQNAME( )                              BOTHRESH(0)
   CLCHNAME( )                             CRDATE(2026-06-22)
   CRTIME(16.15.56)                        CUSTOM( )
   DEFPRTY(0)                              DEFPSIST(NO)
   DEFPRESP(SYNC)                          DEFREADA(NO)
   DEFSOPT(SHARED)                         DEFTYPE(PERMDYN)
   DESCR(IBM MQ Cluster Transmission Model Queue)
   DISTL(NO)                               GET(ENABLED)
   HARDENBO                                INITQ( )
   MAXDEPTH(999999999)                     MAXMSGL(4194304)
   MONQ(QMGR)                              MSGDLVSQ(PRIORITY)
   NOTRIGGER                               NPMCLASS(NORMAL)
   PROCESS( )                              PUT(ENABLED)
   PROPCTL(COMPAT)                         QDEPTHHI(80)
   QDEPTHLO(20)                            QDPHIEV(DISABLED)
   QDPLOEV(DISABLED)                       QDPMAXEV(ENABLED)
   QSVCIEV(NONE)                           QSVCINT(999999999)
   RETINTVL(999999999)                     SHARE
   STATQ(QMGR)                             TRIGDATA( )
   TRIGDPTH(1)                             TRIGMPRI(0)
   TRIGTYPE(FIRST)                         USAGE(XMITQ)
AMQ8409: Display Queue details.
   QUEUE(SYSTEM.DEFAULT.MODEL.QUEUE)       TYPE(QMODEL)
   ACCTQ(QMGR)                             ALTDATE(2026-06-22)
   ALTTIME(16.15.55)                       BOQNAME( )
   BOTHRESH(0)                             CLCHNAME( )
   CRDATE(2026-06-22)                      CRTIME(16.15.55)
   CUSTOM( )                               DEFPRTY(0)
   DEFPSIST(NO)                            DEFPRESP(SYNC)
   DEFREADA(NO)                            DEFSOPT(EXCL)
   DEFTYPE(TEMPDYN)                        DESCR( )
   DISTL(NO)                               GET(ENABLED)
   HARDENBO                                INITQ( )
   MAXDEPTH(5000)                          MAXMSGL(4194304)
   MONQ(QMGR)                              MSGDLVSQ(PRIORITY)
   NOTRIGGER                               NPMCLASS(NORMAL)
   PROCESS( )                              PUT(ENABLED)
   PROPCTL(COMPAT)                         QDEPTHHI(80)
   QDEPTHLO(20)                            QDPHIEV(DISABLED)
   QDPLOEV(DISABLED)                       QDPMAXEV(ENABLED)
   QSVCIEV(NONE)                           QSVCINT(999999999)
   RETINTVL(999999999)                     NOSHARE
   STATQ(QMGR)                             TRIGDATA( )
   TRIGDPTH(1)                             TRIGMPRI(0)
   TRIGTYPE(FIRST)                         USAGE(NORMAL)
AMQ8409: Display Queue details.
   QUEUE(SYSTEM.DURABLE.MODEL.QUEUE)       TYPE(QMODEL)
   ACCTQ(QMGR)                             ALTDATE(2026-06-22)
   ALTTIME(16.15.56)                       BOQNAME( )
   BOTHRESH(0)                             CLCHNAME( )
   CRDATE(2026-06-22)                      CRTIME(16.15.56)
   CUSTOM( )                               DEFPRTY(0)
   DEFPSIST(NO)                            DEFPRESP(SYNC)
   DEFREADA(NO)                            DEFSOPT(SHARED)
   DEFTYPE(PERMDYN)                     
   DESCR(Model for managed queues for durable subscriptions)
   DISTL(NO)                               GET(ENABLED)
   HARDENBO                                INITQ( )
   MAXDEPTH(999999999)                     MAXMSGL(4194304)
   MONQ(QMGR)                              MSGDLVSQ(PRIORITY)
   NOTRIGGER                               NPMCLASS(NORMAL)
   PROCESS( )                              PUT(ENABLED)
   PROPCTL(COMPAT)                         QDEPTHHI(80)
   QDEPTHLO(20)                            QDPHIEV(DISABLED)
   QDPLOEV(DISABLED)                       QDPMAXEV(ENABLED)
   QSVCIEV(NONE)                           QSVCINT(999999999)
   RETINTVL(999999999)                     SHARE
   STATQ(QMGR)                             TRIGDATA( )
   TRIGDPTH(1)                             TRIGMPRI(0)
   TRIGTYPE(FIRST)                         USAGE(NORMAL)
AMQ8409: Display Queue details.
   QUEUE(SYSTEM.JMS.TEMPQ.MODEL)           TYPE(QMODEL)
   ACCTQ(QMGR)                             ALTDATE(2026-06-22)
   ALTTIME(16.15.56)                       BOQNAME( )
   BOTHRESH(0)                             CLCHNAME( )
   CRDATE(2026-06-22)                      CRTIME(16.15.56)
   CUSTOM( )                               DEFPRTY(0)
   DEFPSIST(NO)                            DEFPRESP(SYNC)
   DEFREADA(NO)                            DEFSOPT(SHARED)
   DEFTYPE(TEMPDYN)                     
   DESCR(Model for JMS temporary queues)
   DISTL(NO)                               GET(ENABLED)
   HARDENBO                                INITQ( )
   MAXDEPTH(5000)                          MAXMSGL(104857600)
   MONQ(QMGR)                              MSGDLVSQ(PRIORITY)
   NOTRIGGER                               NPMCLASS(NORMAL)
   PROCESS( )                              PUT(ENABLED)
   PROPCTL(COMPAT)                         QDEPTHHI(80)
   QDEPTHLO(20)                            QDPHIEV(DISABLED)
   QDPLOEV(DISABLED)                       QDPMAXEV(ENABLED)
   QSVCIEV(NONE)                           QSVCINT(999999999)
   RETINTVL(999999999)                     SHARE
   STATQ(QMGR)                             TRIGDATA( )
   TRIGDPTH(1)                             TRIGMPRI(0)
   TRIGTYPE(FIRST)                         USAGE(NORMAL)
AMQ8409: Display Queue details.
   QUEUE(SYSTEM.MQEXPLORER.REPLY.MODEL)    TYPE(QMODEL)
   ACCTQ(QMGR)                             ALTDATE(2026-06-22)
   ALTTIME(16.15.56)                       BOQNAME( )
   BOTHRESH(0)                             CLCHNAME( )
   CRDATE(2026-06-22)                      CRTIME(16.15.56)
   CUSTOM( )                               DEFPRTY(0)
   DEFPSIST(NO)                            DEFPRESP(SYNC)
   DEFREADA(YES)                           DEFSOPT(EXCL)
   DEFTYPE(TEMPDYN)                        DESCR( )
   DISTL(NO)                               GET(ENABLED)
   HARDENBO                                INITQ( )
   MAXDEPTH(5000)                          MAXMSGL(4194304)
   MONQ(QMGR)                              MSGDLVSQ(PRIORITY)
   NOTRIGGER                               NPMCLASS(NORMAL)
   PROCESS( )                              PUT(ENABLED)
   PROPCTL(COMPAT)                         QDEPTHHI(80)
   QDEPTHLO(20)                            QDPHIEV(DISABLED)
   QDPLOEV(DISABLED)                       QDPMAXEV(ENABLED)
   QSVCIEV(NONE)                           QSVCINT(999999999)
   RETINTVL(999999999)                     NOSHARE
   STATQ(QMGR)                             TRIGDATA( )
   TRIGDPTH(1)                             TRIGMPRI(0)
   TRIGTYPE(FIRST)                         USAGE(NORMAL)
AMQ8409: Display Queue details.
   QUEUE(SYSTEM.MQSC.REPLY.QUEUE)          TYPE(QMODEL)
   ACCTQ(QMGR)                             ALTDATE(2026-06-22)
   ALTTIME(16.15.56)                       BOQNAME( )
   BOTHRESH(0)                             CLCHNAME( )
   CRDATE(2026-06-22)                      CRTIME(16.15.56)
   CUSTOM( )                               DEFPRTY(0)
   DEFPSIST(NO)                            DEFPRESP(SYNC)
   DEFREADA(NO)                            DEFSOPT(EXCL)
   DEFTYPE(TEMPDYN)                        DESCR(IBM MQ MQSC Reply Queue)
   DISTL(NO)                               GET(ENABLED)
   HARDENBO                                INITQ( )
   MAXDEPTH(3000)                          MAXMSGL(32762)
   MONQ(QMGR)                              MSGDLVSQ(PRIORITY)
   NOTRIGGER                               NPMCLASS(NORMAL)
   PROCESS( )                              PUT(ENABLED)
   PROPCTL(COMPAT)                         QDEPTHHI(80)
   QDEPTHLO(20)                            QDPHIEV(DISABLED)
   QDPLOEV(DISABLED)                       QDPMAXEV(ENABLED)
   QSVCIEV(NONE)                           QSVCINT(999999999)
   RETINTVL(999999999)                     NOSHARE
   STATQ(QMGR)                             TRIGDATA( )
   TRIGDPTH(1)                             TRIGMPRI(0)
   TRIGTYPE(NONE)                          USAGE(NORMAL)
AMQ8409: Display Queue details.
   QUEUE(SYSTEM.NDURABLE.MODEL.QUEUE)      TYPE(QMODEL)
   ACCTQ(QMGR)                             ALTDATE(2026-06-22)
   ALTTIME(16.15.56)                       BOQNAME( )
   BOTHRESH(0)                             CLCHNAME( )
   CRDATE(2026-06-22)                      CRTIME(16.15.56)
   CUSTOM( )                               DEFPRTY(0)
   DEFPSIST(NO)                            DEFPRESP(SYNC)
   DEFREADA(YES)                           DEFSOPT(SHARED)
   DEFTYPE(TEMPDYN)                     
   DESCR(Model for managed queues for non durable subscriptions)
   DISTL(NO)                               GET(ENABLED)
   HARDENBO                                INITQ( )
   MAXDEPTH(999999999)                     MAXMSGL(4194304)
   MONQ(QMGR)                              MSGDLVSQ(PRIORITY)
   NOTRIGGER                               NPMCLASS(NORMAL)
   PROCESS( )                              PUT(ENABLED)
   PROPCTL(COMPAT)                         QDEPTHHI(80)
   QDEPTHLO(20)                            QDPHIEV(DISABLED)
   QDPLOEV(DISABLED)                       QDPMAXEV(ENABLED)
   QSVCIEV(NONE)                           QSVCINT(999999999)
   RETINTVL(999999999)                     SHARE
   STATQ(QMGR)                             TRIGDATA( )
   TRIGDPTH(1)                             TRIGMPRI(0)
   TRIGTYPE(FIRST)                         USAGE(NORMAL)
MQSC >      8 : DISPLAY CHANNEL(*) ALL
AMQ8414: Display Channel details.
   CHANNEL(CH.MQSG.MT03)                   CHLTYPE(RCVR)
   ALTDATE(2026-08-12)                     ALTTIME(17.13.11)
   BATCHSZ(50)                             CERTLABL( )
   COMPHDR(NONE)                           COMPMSG(NONE)
   DESCR( )                                HBINT(300)
   KAINT(AUTO)                             MAXMSGL(4194304)
   MCAUSER( )                              MONCHL(QMGR)
   MRDATA( )                               MREXIT( )
   MRRTY(10)                               MRTMR(1000)
   MSGDATA( )                              MSGEXIT( )
   NPMSPEED(FAST)                          PUTAUT(DEF)
   RCVDATA( )                              RCVEXIT( )
   RESETSEQ(NO)                            SCYDATA( )
   SCYEXIT( )                              SENDDATA( )
   SENDEXIT( )                             SEQWRAP(999999999)
   SSLCAUTH(REQUIRED)                      SSLCIPH( )
   SSLPEER( )                              STATCHL(QMGR)
   TRPTYPE(TCP)                            USEDLQ(YES)
AMQ8414: Display Channel details.
   CHANNEL(CH.MT03.MQSG)                   CHLTYPE(SDR)
   ALTDATE(2026-06-22)                     ALTTIME(16.25.58)
   BATCHHB(0)                              BATCHINT(0)
   BATCHLIM(5000)                          BATCHSZ(50)
   CERTLABL( )                             COMPHDR(NONE)
   COMPMSG(NONE)                        
   CONNAME(fos1.host.appliarmony.net(1415))
   CONVERT(YES)                            DESCR( )
   DISCINT(0)                              HBINT(300)
   KAINT(AUTO)                             LOCLADDR( )
   LONGRTY(999999999)                      LONGTMR(1200)
   MAXMSGL(4194304)                        MCANAME( )
   MCATYPE(PROCESS)                        MCAUSER( )
   MODENAME( )                             MONCHL(QMGR)
   MSGDATA( )                              MSGEXIT( )
   NPMSPEED(FAST)                          PASSWORD( )
   PROPCTL(COMPAT)                         RCVDATA( )
   RCVEXIT( )                              RESETSEQ(NO)
   SCYDATA( )                              SCYEXIT( )
   SENDDATA( )                             SENDEXIT( )
   SEQWRAP(999999999)                      SHORTRTY(10)
   SHORTTMR(60)                            SSLCIPH( )
   SSLPEER( )                              STATCHL(QMGR)
   TPNAME( )                               TRPTYPE(TCP)
   USEDLQ(YES)                             USERID( )
   XMITQ(MQSG)                          
AMQ8414: Display Channel details.
   CHANNEL(CH.SVRCONN.ETXT)                CHLTYPE(SVRCONN)
   ALTDATE(2026-07-15)                     ALTTIME(15.37.13)
   CERTLABL( )                             COMPHDR(NONE)
   COMPMSG(NONE)                           DESCR( )
   DISCINT(0)                              HBINT(300)
   KAINT(AUTO)                             MAXINST(999999999)
   MAXINSTC(999999999)                     MAXMSGL(4194304)
   MCAUSER(appmqm)                         MONCHL(QMGR)
   RCVDATA( )                              RCVEXIT( )
   SCYDATA( )                              SCYEXIT( )
   SENDDATA( )                             SENDEXIT( )
   SHARECNV(10)                            SSLCAUTH(REQUIRED)
   SSLCIPH( )                              SSLPEER( )
   TRPTYPE(TCP)                         
AMQ8414: Display Channel details.
   CHANNEL(CH.SVRCONN.PGB)                 CHLTYPE(SVRCONN)
   ALTDATE(2026-07-15)                     ALTTIME(15.37.24)
   CERTLABL( )                             COMPHDR(NONE)
   COMPMSG(NONE)                           DESCR( )
   DISCINT(0)                              HBINT(300)
   KAINT(AUTO)                             MAXINST(999999999)
   MAXINSTC(999999999)                     MAXMSGL(4194304)
   MCAUSER(appmqm)                         MONCHL(QMGR)
   RCVDATA( )                              RCVEXIT( )
   SCYDATA( )                              SCYEXIT( )
   SENDDATA( )                             SENDEXIT( )
   SHARECNV(10)                            SSLCAUTH(REQUIRED)
   SSLCIPH( )                              SSLPEER( )
   TRPTYPE(TCP)                         
AMQ8414: Display Channel details.
   CHANNEL(CH.SVRCONN.PGB2)                CHLTYPE(SVRCONN)
   ALTDATE(2026-07-15)                     ALTTIME(15.37.33)
   CERTLABL( )                             COMPHDR(NONE)
   COMPMSG(NONE)                           DESCR(Gestio)
   DISCINT(0)                              HBINT(300)
   KAINT(AUTO)                             MAXINST(999999999)
   MAXINSTC(999999999)                     MAXMSGL(4194304)
   MCAUSER(appmqm)                         MONCHL(QMGR)
   RCVDATA( )                              RCVEXIT( )
   SCYDATA( )                              SCYEXIT( )
   SENDDATA( )                             SENDEXIT( )
   SHARECNV(10)                            SSLCAUTH(REQUIRED)
   SSLCIPH( )                              SSLPEER( )
   TRPTYPE(TCP)                         
AMQ8414: Display Channel details.
   CHANNEL(CH.SVRCONN.PMAD)                CHLTYPE(SVRCONN)
   ALTDATE(2026-07-15)                     ALTTIME(15.37.42)
   CERTLABL( )                             COMPHDR(NONE)
   COMPMSG(NONE)                           DESCR( )
   DISCINT(0)                              HBINT(300)
   KAINT(AUTO)                             MAXINST(999999999)
   MAXINSTC(999999999)                     MAXMSGL(4194304)
   MCAUSER(appmqm)                         MONCHL(QMGR)
   RCVDATA( )                              RCVEXIT( )
   SCYDATA( )                              SCYEXIT( )
   SENDDATA( )                             SENDEXIT( )
   SHARECNV(10)                            SSLCAUTH(REQUIRED)
   SSLCIPH( )                              SSLPEER( )
   TRPTYPE(TCP)                         
AMQ8414: Display Channel details.
   CHANNEL(CH.SVRCONN.POSTECOR)            CHLTYPE(SVRCONN)
   ALTDATE(2026-07-15)                     ALTTIME(15.37.52)
   CERTLABL( )                             COMPHDR(NONE)
   COMPMSG(NONE)                           DESCR( )
   DISCINT(0)                              HBINT(300)
   KAINT(AUTO)                             MAXINST(999999999)
   MAXINSTC(999999999)                     MAXMSGL(4194304)
   MCAUSER(appmqm)                         MONCHL(QMGR)
   RCVDATA( )                              RCVEXIT( )
   SCYDATA( )                              SCYEXIT( )
   SENDDATA( )                             SENDEXIT( )
   SHARECNV(10)                            SSLCAUTH(REQUIRED)
   SSLCIPH( )                              SSLPEER( )
   TRPTYPE(TCP)                         
AMQ8414: Display Channel details.
   CHANNEL(CH.SVRCONN.SI48H)               CHLTYPE(SVRCONN)
   ALTDATE(2026-07-15)                     ALTTIME(15.38.03)
   CERTLABL( )                             COMPHDR(NONE)
   COMPMSG(NONE)                           DESCR( )
   DISCINT(0)                              HBINT(300)
   KAINT(AUTO)                             MAXINST(999999999)
   MAXINSTC(999999999)                     MAXMSGL(4194304)
   MCAUSER(appmqm)                         MONCHL(QMGR)
   RCVDATA( )                              RCVEXIT( )
   SCYDATA( )                              SCYEXIT( )
   SENDDATA( )                             SENDEXIT( )
   SHARECNV(10)                            SSLCAUTH(REQUIRED)
   SSLCIPH( )                              SSLPEER( )
   TRPTYPE(TCP)                         
AMQ8414: Display Channel details.
   CHANNEL(CH.SVRCONN.TEPROUV)             CHLTYPE(SVRCONN)
   ALTDATE(2026-07-10)                     ALTTIME(17.54.30)
   CERTLABL( )                             COMPHDR(NONE)
   COMPMSG(NONE)                           DESCR( )
   DISCINT(0)                              HBINT(300)
   KAINT(AUTO)                             MAXINST(999999999)
   MAXINSTC(999999999)                     MAXMSGL(4194304)
   MCAUSER(appmqm)                         MONCHL(QMGR)
   RCVDATA( )                              RCVEXIT( )
   SCYDATA( )                              SCYEXIT( )
   SENDDATA( )                             SENDEXIT( )
   SHARECNV(10)                            SSLCAUTH(REQUIRED)
   SSLCIPH( )                              SSLPEER( )
   TRPTYPE(TCP)                         
AMQ8414: Display Channel details.
   CHANNEL(CH.SVRCONN.TRACTION)            CHLTYPE(SVRCONN)
   ALTDATE(2026-07-15)                     ALTTIME(15.38.15)
   CERTLABL( )                             COMPHDR(NONE)
   COMPMSG(NONE)                           DESCR( )
   DISCINT(0)                              HBINT(300)
   KAINT(AUTO)                             MAXINST(999999999)
   MAXINSTC(999999999)                     MAXMSGL(4194304)
   MCAUSER(appmqm)                         MONCHL(QMGR)
   RCVDATA( )                              RCVEXIT( )
   SCYDATA( )                              SCYEXIT( )
   SENDDATA( )                             SENDEXIT( )
   SHARECNV(10)                            SSLCAUTH(REQUIRED)
   SSLCIPH( )                              SSLPEER( )
   TRPTYPE(TCP)                         
AMQ8414: Display Channel details.
   CHANNEL(MNDFLUNT.CH.MT03)               CHLTYPE(RCVR)
   ALTDATE(2026-06-22)                     ALTTIME(16.25.44)
   BATCHSZ(50)                             CERTLABL( )
   COMPHDR(NONE)                           COMPMSG(NONE)
   DESCR( )                                HBINT(300)
   KAINT(AUTO)                             MAXMSGL(4194304)
   MCAUSER( )                              MONCHL(QMGR)
   MRDATA( )                               MREXIT( )
   MRRTY(10)                               MRTMR(1000)
   MSGDATA( )                              MSGEXIT( )
   NPMSPEED(FAST)                          PUTAUT(DEF)
   RCVDATA( )                              RCVEXIT( )
   RESETSEQ(NO)                            SCYDATA( )
   SCYEXIT( )                              SENDDATA( )
   SENDEXIT( )                             SEQWRAP(999999999)
   SSLCAUTH(REQUIRED)                      SSLCIPH( )
   SSLPEER( )                              STATCHL(QMGR)
   TRPTYPE(TCP)                            USEDLQ(YES)
AMQ8414: Display Channel details.
   CHANNEL(MNDFOIN2.CH.CLIENTS)            CHLTYPE(SVRCONN)
   ALTDATE(2026-06-22)                     ALTTIME(16.26.13)
   CERTLABL( )                             COMPHDR(NONE)
   COMPMSG(NONE)                           DESCR( )
   DISCINT(0)                              HBINT(300)
   KAINT(AUTO)                             MAXINST(999999999)
   MAXINSTC(999999999)                     MAXMSGL(4194304)
   MCAUSER(NOBODY)                         MONCHL(QMGR)
   RCVDATA( )                              RCVEXIT( )
   SCYDATA( )                              SCYEXIT( )
   SENDDATA( )                             SENDEXIT( )
   SHARECNV(10)                            SSLCAUTH(REQUIRED)
   SSLCIPH( )                              SSLPEER( )
   TRPTYPE(TCP)                         
AMQ8414: Display Channel details.
   CHANNEL(MNDINTA1.CH.MT03)               CHLTYPE(RCVR)
   ALTDATE(2026-06-22)                     ALTTIME(16.25.44)
   BATCHSZ(50)                             CERTLABL( )
   COMPHDR(NONE)                           COMPMSG(NONE)
   DESCR( )                                HBINT(300)
   KAINT(AUTO)                             MAXMSGL(4194304)
   MCAUSER( )                              MONCHL(QMGR)
   MRDATA( )                               MREXIT( )
   MRRTY(10)                               MRTMR(1000)
   MSGDATA( )                              MSGEXIT( )
   NPMSPEED(FAST)                          PUTAUT(DEF)
   RCVDATA( )                              RCVEXIT( )
   RESETSEQ(NO)                            SCYDATA( )
   SCYEXIT( )                              SENDDATA( )
   SENDEXIT( )                             SEQWRAP(999999999)
   SSLCAUTH(REQUIRED)                      SSLCIPH( )
   SSLPEER( )                              STATCHL(QMGR)
   TRPTYPE(TCP)                            USEDLQ(YES)
AMQ8414: Display Channel details.
   CHANNEL(MNPADMFO.CH.MT03)               CHLTYPE(RCVR)
   ALTDATE(2026-06-22)                     ALTTIME(16.25.44)
   BATCHSZ(50)                             CERTLABL( )
   COMPHDR(NONE)                           COMPMSG(NONE)
   DESCR( )                                HBINT(300)
   KAINT(AUTO)                             MAXMSGL(4194304)
   MCAUSER( )                              MONCHL(QMGR)
   MRDATA( )                               MREXIT( )
   MRRTY(10)                               MRTMR(1000)
   MSGDATA( )                              MSGEXIT( )
   NPMSPEED(FAST)                          PUTAUT(DEF)
   RCVDATA( )                              RCVEXIT( )
   RESETSEQ(NO)                            SCYDATA( )
   SCYEXIT( )                              SENDDATA( )
   SENDEXIT( )                             SEQWRAP(999999999)
   SSLCAUTH(REQUIRED)                      SSLCIPH( )
   SSLPEER( )                              STATCHL(QMGR)
   TRPTYPE(TCP)                            USEDLQ(YES)
AMQ8414: Display Channel details.
   CHANNEL(MSRS.CH.MT03)                   CHLTYPE(RCVR)
   ALTDATE(2026-06-22)                     ALTTIME(16.25.44)
   BATCHSZ(50)                             CERTLABL( )
   COMPHDR(NONE)                           COMPMSG(NONE)
   DESCR( )                                HBINT(300)
   KAINT(AUTO)                             MAXMSGL(4194304)
   MCAUSER( )                              MONCHL(QMGR)
   MRDATA( )                               MREXIT( )
   MRRTY(10)                               MRTMR(1000)
   MSGDATA( )                              MSGEXIT( )
   NPMSPEED(FAST)                          PUTAUT(DEF)
   RCVDATA( )                              RCVEXIT( )
   RESETSEQ(NO)                            SCYDATA( )
   SCYEXIT( )                              SENDDATA( )
   SENDEXIT( )                             SEQWRAP(999999999)
   SSLCAUTH(REQUIRED)                      SSLCIPH( )
   SSLPEER( )                              STATCHL(QMGR)
   TRPTYPE(TCP)                            USEDLQ(YES)
AMQ8414: Display Channel details.
   CHANNEL(MT03.CH.MNDINTA1)               CHLTYPE(SDR)
   ALTDATE(2026-06-22)                     ALTTIME(16.25.58)
   BATCHHB(0)                              BATCHINT(0)
   BATCHLIM(5000)                          BATCHSZ(50)
   CERTLABL( )                             COMPHDR(NONE)
   COMPMSG(NONE)                           CONNAME(150.39.43.3(1416))
   CONVERT(YES)                            DESCR( )
   DISCINT(6000)                           HBINT(300)
   KAINT(AUTO)                             LOCLADDR( )
   LONGRTY(999999999)                      LONGTMR(1200)
   MAXMSGL(4194304)                        MCANAME( )
   MCATYPE(PROCESS)                        MCAUSER( )
   MODENAME( )                             MONCHL(QMGR)
   MSGDATA( )                              MSGEXIT( )
   NPMSPEED(FAST)                          PASSWORD( )
   PROPCTL(COMPAT)                         RCVDATA( )
   RCVEXIT( )                              RESETSEQ(NO)
   SCYDATA( )                              SCYEXIT( )
   SENDDATA( )                             SENDEXIT( )
   SEQWRAP(999999999)                      SHORTRTY(10)
   SHORTTMR(60)                            SSLCIPH( )
   SSLPEER( )                              STATCHL(QMGR)
   TPNAME( )                               TRPTYPE(TCP)
   USEDLQ(YES)                             USERID( )
   XMITQ(MNDINTA1)                      
AMQ8414: Display Channel details.
   CHANNEL(MT03.CH.MNPADMFO)               CHLTYPE(SDR)
   ALTDATE(2026-06-22)                     ALTTIME(16.25.58)
   BATCHHB(0)                              BATCHINT(0)
   BATCHLIM(5000)                          BATCHSZ(50)
   CERTLABL( )                             COMPHDR(NONE)
   COMPMSG(NONE)                           CONNAME(SUD-SUP-MQSER01(1416))
   CONVERT(YES)                            DESCR( )
   DISCINT(6000)                           HBINT(300)
   KAINT(AUTO)                             LOCLADDR( )
   LONGRTY(999999999)                      LONGTMR(1200)
   MAXMSGL(4194304)                        MCANAME( )
   MCATYPE(PROCESS)                        MCAUSER( )
   MODENAME( )                             MONCHL(QMGR)
   MSGDATA( )                              MSGEXIT( )
   NPMSPEED(FAST)                          PASSWORD( )
   PROPCTL(COMPAT)                         RCVDATA( )
   RCVEXIT( )                              RESETSEQ(NO)
   SCYDATA( )                              SCYEXIT( )
   SENDDATA( )                             SENDEXIT( )
   SEQWRAP(999999999)                      SHORTRTY(10)
   SHORTTMR(60)                            SSLCIPH( )
   SSLPEER( )                              STATCHL(QMGR)
   TPNAME( )                               TRPTYPE(TCP)
   USEDLQ(YES)                             USERID( )
   XMITQ(MNPADMFO)                      
AMQ8414: Display Channel details.
   CHANNEL(MT03.CH.MSRS)                   CHLTYPE(SDR)
   ALTDATE(2026-06-22)                     ALTTIME(16.25.58)
   BATCHHB(0)                              BATCHINT(0)
   BATCHLIM(5000)                          BATCHSZ(50)
   CERTLABL( )                             COMPHDR(NONE)
   COMPMSG(NONE)                        
   CONNAME(fos1.host.appliarmony.net(1416))
   CONVERT(YES)                            DESCR( )
   DISCINT(6000)                           HBINT(300)
   KAINT(AUTO)                             LOCLADDR( )
   LONGRTY(999999999)                      LONGTMR(1200)
   MAXMSGL(4194304)                        MCANAME( )
   MCATYPE(PROCESS)                        MCAUSER( )
   MODENAME( )                             MONCHL(QMGR)
   MSGDATA( )                              MSGEXIT( )
   NPMSPEED(FAST)                          PASSWORD( )
   PROPCTL(COMPAT)                         RCVDATA( )
   RCVEXIT( )                              RESETSEQ(NO)
   SCYDATA( )                              SCYEXIT( )
   SENDDATA( )                             SENDEXIT( )
   SEQWRAP(999999999)                      SHORTRTY(10)
   SHORTTMR(60)                            SSLCIPH( )
   SSLPEER( )                              STATCHL(QMGR)
   TPNAME( )                               TRPTYPE(TCP)
   USEDLQ(YES)                             USERID( )
   XMITQ(MSRS)                          
AMQ8414: Display Channel details.
   CHANNEL(MT03.CH.MXRGPQPW)               CHLTYPE(SDR)
   ALTDATE(2026-06-22)                     ALTTIME(16.25.58)
   BATCHHB(0)                              BATCHINT(0)
   BATCHLIM(5000)                          BATCHSZ(50)
   CERTLABL( )                             COMPHDR(NONE)
   COMPMSG(NONE)                        
   CONNAME(s-afe-mqs-cint1.europe.mittalco.com(14124))
   CONVERT(YES)                            DESCR( )
   DISCINT(0)                              HBINT(300)
   KAINT(AUTO)                             LOCLADDR( )
   LONGRTY(999999999)                      LONGTMR(1200)
   MAXMSGL(4194304)                        MCANAME( )
   MCATYPE(PROCESS)                        MCAUSER( )
   MODENAME( )                             MONCHL(QMGR)
   MSGDATA( )                              MSGEXIT( )
   NPMSPEED(FAST)                          PASSWORD( )
   PROPCTL(COMPAT)                         RCVDATA( )
   RCVEXIT( )                              RESETSEQ(NO)
   SCYDATA( )                              SCYEXIT( )
   SENDDATA( )                             SENDEXIT( )
   SEQWRAP(999999999)                      SHORTRTY(10)
   SHORTTMR(60)                            SSLCIPH( )
   SSLPEER( )                              STATCHL(QMGR)
   TPNAME( )                               TRPTYPE(TCP)
   USEDLQ(YES)                             USERID( )
   XMITQ(MXRGPQPW)                      
AMQ8414: Display Channel details.
   CHANNEL(MT03.CH.QDIC)                   CHLTYPE(SDR)
   ALTDATE(2026-06-22)                     ALTTIME(16.25.59)
   BATCHHB(0)                              BATCHINT(0)
   BATCHLIM(5000)                          BATCHSZ(50)
   CERTLABL( )                             COMPHDR(NONE)
   COMPMSG(NONE)                           CONNAME(194.4.118.115(1415))
   CONVERT(YES)                            DESCR( )
   DISCINT(0)                              HBINT(300)
   KAINT(AUTO)                             LOCLADDR( )
   LONGRTY(999999999)                      LONGTMR(1200)
   MAXMSGL(4194304)                        MCANAME( )
   MCATYPE(PROCESS)                        MCAUSER( )
   MODENAME( )                             MONCHL(QMGR)
   MSGDATA( )                              MSGEXIT( )
   NPMSPEED(FAST)                          PASSWORD( )
   PROPCTL(COMPAT)                         RCVDATA( )
   RCVEXIT( )                              RESETSEQ(NO)
   SCYDATA( )                              SCYEXIT( )
   SENDDATA( )                             SENDEXIT( )
   SEQWRAP(999999999)                      SHORTRTY(10)
   SHORTTMR(60)                            SSLCIPH( )
   SSLPEER( )                              STATCHL(QMGR)
   TPNAME( )                               TRPTYPE(TCP)
   USEDLQ(YES)                             USERID( )
   XMITQ(QDIC)                          
AMQ8414: Display Channel details.
   CHANNEL(MXRGPQPW.CH.MT03)               CHLTYPE(RCVR)
   ALTDATE(2026-06-22)                     ALTTIME(16.25.44)
   BATCHSZ(50)                             CERTLABL( )
   COMPHDR(NONE)                           COMPMSG(NONE)
   DESCR(Reception de MXRGPQPW)            HBINT(300)
   KAINT(AUTO)                             MAXMSGL(4194304)
   MCAUSER( )                              MONCHL(QMGR)
   MRDATA( )                               MREXIT( )
   MRRTY(10)                               MRTMR(1000)
   MSGDATA( )                              MSGEXIT( )
   NPMSPEED(FAST)                          PUTAUT(DEF)
   RCVDATA( )                              RCVEXIT( )
   RESETSEQ(NO)                            SCYDATA( )
   SCYEXIT( )                              SENDDATA( )
   SENDEXIT( )                             SEQWRAP(999999999)
   SSLCAUTH(REQUIRED)                      SSLCIPH( )
   SSLPEER( )                              STATCHL(QMGR)
   TRPTYPE(TCP)                            USEDLQ(YES)
AMQ8414: Display Channel details.
   CHANNEL(QDIC.CH.MT03)                   CHLTYPE(RCVR)
   ALTDATE(2026-06-22)                     ALTTIME(16.25.44)
   BATCHSZ(50)                             CERTLABL( )
   COMPHDR(NONE)                           COMPMSG(NONE)
   DESCR(Reception des ECD500)             HBINT(300)
   KAINT(AUTO)                             MAXMSGL(4194304)
   MCAUSER( )                              MONCHL(QMGR)
   MRDATA( )                               MREXIT( )
   MRRTY(10)                               MRTMR(1000)
   MSGDATA( )                              MSGEXIT( )
   NPMSPEED(FAST)                          PUTAUT(DEF)
   RCVDATA( )                              RCVEXIT( )
   RESETSEQ(NO)                            SCYDATA( )
   SCYEXIT( )                              SENDDATA( )
   SENDEXIT( )                             SEQWRAP(999999999)
   SSLCAUTH(REQUIRED)                      SSLCIPH( )
   SSLPEER( )                              STATCHL(QMGR)
   TRPTYPE(TCP)                            USEDLQ(YES)
AMQ8414: Display Channel details.
   CHANNEL(SYSTEM.AUTO.RECEIVER)           CHLTYPE(RCVR)
   ALTDATE(2026-06-22)                     ALTTIME(16.26.34)
   BATCHSZ(50)                             CERTLABL( )
   COMPHDR(NONE)                           COMPMSG(NONE)
   DESCR( )                                HBINT(300)
   KAINT(AUTO)                             MAXMSGL(4194304)
   MCAUSER( )                              MONCHL(QMGR)
   MRDATA( )                               MREXIT( )
   MRRTY(10)                               MRTMR(1000)
   MSGDATA( )                              MSGEXIT( )
   NPMSPEED(FAST)                          PUTAUT(DEF)
   RCVDATA( )                              RCVEXIT( )
   RESETSEQ(NO)                            SCYDATA( )
   SCYEXIT( )                              SENDDATA( )
   SENDEXIT( )                             SEQWRAP(999999999)
   SSLCAUTH(REQUIRED)                      SSLCIPH( )
   SSLPEER( )                              STATCHL(QMGR)
   TRPTYPE(TCP)                            USEDLQ(YES)
AMQ8414: Display Channel details.
   CHANNEL(SYSTEM.AUTO.SVRCONN)            CHLTYPE(SVRCONN)
   ALTDATE(2026-08-14)                     ALTTIME(11.45.38)
   CERTLABL( )                             COMPHDR(NONE)
   COMPMSG(NONE)                           DESCR( )
   DISCINT(0)                              HBINT(300)
   KAINT(AUTO)                             MAXINST(999999999)
   MAXINSTC(999999999)                     MAXMSGL(4194304)
   MCAUSER(MQM.ADMIN)                      MONCHL(QMGR)
   RCVDATA( )                              RCVEXIT( )
   SCYDATA( )                              SCYEXIT( )
   SENDDATA( )                             SENDEXIT( )
   SHARECNV(10)                            SSLCAUTH(REQUIRED)
   SSLCIPH( )                              SSLPEER( )
   TRPTYPE(TCP)                         
AMQ8414: Display Channel details.
   CHANNEL(SYSTEM.DEF.CLUSRCVR)            CHLTYPE(CLUSRCVR)
   ALTDATE(2026-06-22)                     ALTTIME(16.26.34)
   BATCHHB(0)                              BATCHINT(0)
   BATCHLIM(5000)                          BATCHSZ(50)
   CERTLABL( )                             CLUSNL( )
   CLUSTER( )                              CLWLPRTY(0)
   CLWLRANK(0)                             CLWLWGHT(50)
   COMPHDR(NONE)                           COMPMSG(NONE)
   CONNAME( )                              CONVERT(NO)
   DESCR( )                                DISCINT(6000)
   HBINT(300)                              KAINT(AUTO)
   LOCLADDR( )                             LONGRTY(999999999)
   LONGTMR(1200)                           MAXMSGL(4194304)
   MCANAME( )                              MCATYPE(THREAD)
   MCAUSER( )                              MODENAME( )
   MONCHL(QMGR)                            MRDATA( )
   MREXIT( )                               MRRTY(10)
   MRTMR(1000)                             MSGDATA( )
   MSGEXIT( )                              NETPRTY(0)
   NPMSPEED(FAST)                          PROPCTL(COMPAT)
   PUTAUT(DEF)                             RCVDATA( )
   RCVEXIT( )                              RESETSEQ(NO)
   SCYDATA( )                              SCYEXIT( )
   SENDDATA( )                             SENDEXIT( )
   SEQWRAP(999999999)                      SHORTRTY(10)
   SHORTTMR(60)                            SSLCAUTH(REQUIRED)
   SSLCIPH( )                              SSLPEER( )
   STATCHL(QMGR)                           TPNAME( )
   TRPTYPE(TCP)                            USEDLQ(YES)
AMQ8414: Display Channel details.
   CHANNEL(SYSTEM.DEF.CLUSSDR)             CHLTYPE(CLUSSDR)
   ALTDATE(2026-06-22)                     ALTTIME(16.26.34)
   BATCHHB(0)                              BATCHINT(0)
   BATCHLIM(5000)                          BATCHSZ(50)
   CLUSNL( )                               CLUSTER( )
   CLWLPRTY(0)                             CLWLRANK(0)
   CLWLWGHT(50)                            COMPHDR(NONE)
   COMPMSG(NONE)                           CONNAME( )
   CONVERT(NO)                             DESCR( )
   DISCINT(6000)                           HBINT(300)
   KAINT(AUTO)                             LOCLADDR( )
   LONGRTY(999999999)                      LONGTMR(1200)
   MAXMSGL(4194304)                        MCANAME( )
   MCATYPE(THREAD)                         MCAUSER( )
   MODENAME( )                             MONCHL(QMGR)
   MSGDATA( )                              MSGEXIT( )
   NPMSPEED(FAST)                          PASSWORD( )
   PROPCTL(COMPAT)                         RCVDATA( )
   RCVEXIT( )                              RESETSEQ(NO)
   SCYDATA( )                              SCYEXIT( )
   SENDDATA( )                             SENDEXIT( )
   SEQWRAP(999999999)                      SHORTRTY(10)
   SHORTTMR(60)                            SSLCIPH( )
   SSLPEER( )                              STATCHL(QMGR)
   TPNAME( )                               TRPTYPE(TCP)
   USEDLQ(YES)                             USERID( )
AMQ8414: Display Channel details.
   CHANNEL(SYSTEM.DEF.RECEIVER)            CHLTYPE(RCVR)
   ALTDATE(2026-06-22)                     ALTTIME(16.26.34)
   BATCHSZ(50)                             CERTLABL( )
   COMPHDR(NONE)                           COMPMSG(NONE)
   DESCR( )                                HBINT(300)
   KAINT(AUTO)                             MAXMSGL(4194304)
   MCAUSER( )                              MONCHL(QMGR)
   MRDATA( )                               MREXIT( )
   MRRTY(10)                               MRTMR(1000)
   MSGDATA( )                              MSGEXIT( )
   NPMSPEED(FAST)                          PUTAUT(DEF)
   RCVDATA( )                              RCVEXIT( )
   RESETSEQ(NO)                            SCYDATA( )
   SCYEXIT( )                              SENDDATA( )
   SENDEXIT( )                             SEQWRAP(999999999)
   SSLCAUTH(REQUIRED)                      SSLCIPH( )
   SSLPEER( )                              STATCHL(QMGR)
   TRPTYPE(TCP)                            USEDLQ(YES)
AMQ8414: Display Channel details.
   CHANNEL(SYSTEM.DEF.REQUESTER)           CHLTYPE(RQSTR)
   ALTDATE(2026-06-22)                     ALTTIME(16.26.35)
   BATCHSZ(50)                             CERTLABL( )
   COMPHDR(NONE)                           COMPMSG(NONE)
   CONNAME( )                              DESCR( )
   HBINT(300)                              KAINT(AUTO)
   LOCLADDR( )                             MAXMSGL(4194304)
   MCANAME( )                              MCATYPE(PROCESS)
   MCAUSER( )                              MODENAME( )
   MONCHL(QMGR)                            MRDATA( )
   MREXIT( )                               MRRTY(10)
   MRTMR(1000)                             MSGDATA( )
   MSGEXIT( )                              NPMSPEED(FAST)
   PASSWORD( )                             PUTAUT(DEF)
   RCVDATA( )                              RCVEXIT( )
   RESETSEQ(NO)                            SCYDATA( )
   SCYEXIT( )                              SENDDATA( )
   SENDEXIT( )                             SEQWRAP(999999999)
   SSLCAUTH(REQUIRED)                      SSLCIPH( )
   SSLPEER( )                              STATCHL(QMGR)
   TPNAME( )                               TRPTYPE(TCP)
   USEDLQ(YES)                             USERID( )
AMQ8414: Display Channel details.
   CHANNEL(SYSTEM.DEF.SENDER)              CHLTYPE(SDR)
   ALTDATE(2026-06-22)                     ALTTIME(16.15.56)
   BATCHHB(0)                              BATCHINT(0)
   BATCHLIM(5000)                          BATCHSZ(50)
   CERTLABL( )                             COMPHDR(NONE)
   COMPMSG(NONE)                           CONNAME( )
   CONVERT(NO)                             DESCR( )
   DISCINT(6000)                           HBINT(300)
   KAINT(AUTO)                             LOCLADDR( )
   LONGRTY(999999999)                      LONGTMR(1200)
   MAXMSGL(4194304)                        MCANAME( )
   MCATYPE(PROCESS)                        MCAUSER( )
   MODENAME( )                             MONCHL(QMGR)
   MSGDATA( )                              MSGEXIT( )
   NPMSPEED(FAST)                          PASSWORD( )
   PROPCTL(COMPAT)                         RCVDATA( )
   RCVEXIT( )                              RESETSEQ(NO)
   SCYDATA( )                              SCYEXIT( )
   SENDDATA( )                             SENDEXIT( )
   SEQWRAP(999999999)                      SHORTRTY(10)
   SHORTTMR(60)                            SSLCIPH( )
   SSLPEER( )                              STATCHL(QMGR)
   TPNAME( )                               TRPTYPE(TCP)
   USEDLQ(YES)                             USERID( )
   XMITQ( )                             
AMQ8414: Display Channel details.
   CHANNEL(SYSTEM.DEF.SERVER)              CHLTYPE(SVR)
   ALTDATE(2026-06-22)                     ALTTIME(16.15.56)
   BATCHHB(0)                              BATCHINT(0)
   BATCHLIM(5000)                          BATCHSZ(50)
   CERTLABL( )                             COMPHDR(NONE)
   COMPMSG(NONE)                           CONNAME( )
   CONVERT(NO)                             DESCR( )
   DISCINT(6000)                           HBINT(300)
   KAINT(AUTO)                             LOCLADDR( )
   LONGRTY(999999999)                      LONGTMR(1200)
   MAXMSGL(4194304)                        MCANAME( )
   MCATYPE(PROCESS)                        MCAUSER( )
   MODENAME( )                             MONCHL(QMGR)
   MSGDATA( )                              MSGEXIT( )
   NPMSPEED(FAST)                          PASSWORD( )
   PROPCTL(COMPAT)                         RCVDATA( )
   RCVEXIT( )                              RESETSEQ(NO)
   SCYDATA( )                              SCYEXIT( )
   SENDDATA( )                             SENDEXIT( )
   SEQWRAP(999999999)                      SHORTRTY(10)
   SHORTTMR(60)                            SSLCAUTH(REQUIRED)
   SSLCIPH( )                              SSLPEER( )
   STATCHL(QMGR)                           TPNAME( )
   TRPTYPE(TCP)                            USEDLQ(YES)
   USERID( )                               XMITQ( )
AMQ8414: Display Channel details.
   CHANNEL(SYSTEM.DEF.SVRCONN)             CHLTYPE(SVRCONN)
   ALTDATE(2026-06-22)                     ALTTIME(16.26.35)
   CERTLABL( )                             COMPHDR(NONE)
   COMPMSG(NONE)                           DESCR( )
   DISCINT(0)                              HBINT(300)
   KAINT(AUTO)                             MAXINST(999999999)
   MAXINSTC(999999999)                     MAXMSGL(4194304)
   MCAUSER( )                              MONCHL(QMGR)
   RCVDATA( )                              RCVEXIT( )
   SCYDATA( )                              SCYEXIT( )
   SENDDATA( )                             SENDEXIT( )
   SHARECNV(10)                            SSLCAUTH(REQUIRED)
   SSLCIPH( )                              SSLPEER( )
   TRPTYPE(TCP)                         
AMQ8414: Display Channel details.
   CHANNEL(WEBMQ.CH.CLIENTS)               CHLTYPE(SVRCONN)
   ALTDATE(2026-06-22)                     ALTTIME(16.26.14)
   CERTLABL( )                             COMPHDR(NONE)
   COMPMSG(NONE)                           DESCR( )
   DISCINT(0)                              HBINT(300)
   KAINT(AUTO)                             MAXINST(999999999)
   MAXINSTC(999999999)                     MAXMSGL(4194304)
   MCAUSER( )                              MONCHL(QMGR)
   RCVDATA( )                              RCVEXIT( )
   SCYDATA( )                              SCYEXIT( )
   SENDDATA( )                             SENDEXIT( )
   SHARECNV(10)                            SSLCAUTH(REQUIRED)
   SSLCIPH( )                              SSLPEER( )
   TRPTYPE(TCP)                         
AMQ8414: Display Channel details.
   CHANNEL(SYSTEM.DEF.CLNTCONN)            CHLTYPE(CLNTCONN)
   AFFINITY(PREFERRED)                     ALTDATE(2026-06-22)
   ALTTIME(16.26.37)                       CERTLABL( )
   CLNTWGHT(0)                             COMPHDR(NONE)
   COMPMSG(NONE)                           CONNAME( )
   DEFRECON(NO)                            DESCR( )
   HBINT(300)                              KAINT(AUTO)
   LOCLADDR( )                             MAXMSGL(4194304)
   MODENAME( )                             PASSWORD( )
   QMNAME( )                               RCVDATA( )
   RCVEXIT( )                              SCYDATA( )
   SCYEXIT( )                              SENDDATA( )
   SENDEXIT( )                             SHARECNV(10)
   SSLCIPH( )                              SSLPEER( )
   TPNAME( )                               TRPTYPE(TCP)
   USERID( )                            
MQSC >      9 : DISPLAY PROCESS(*) ALL
AMQ8407: Display Process details.
   PROCESS(PR.MT03.MNDINTA1)               APPLTYPE(NSK)
   APPLICID( )                             ENVRDATA( )
   USERDATA(MT03.CH.MNDINTA1)              DESCR( )
   ALTDATE(2026-06-22)                     ALTTIME(16.28.19)
AMQ8407: Display Process details.
   PROCESS(PR.MT03.MNPADMFO)               APPLTYPE(NSK)
   APPLICID( )                             ENVRDATA( )
   USERDATA(MT03.CH.MNPADMFO)              DESCR( )
   ALTDATE(2026-06-22)                     ALTTIME(16.28.30)
AMQ8407: Display Process details.
   PROCESS(PR.MT03.MQSG)                   APPLTYPE(NSK)
   APPLICID( )                             ENVRDATA( )
   USERDATA(CH.MT03.MQSG)                  DESCR( )
   ALTDATE(2026-06-22)                     ALTTIME(16.28.44)
AMQ8407: Display Process details.
   PROCESS(PR.MT03.MSPQPWR)                APPLTYPE(NSK)
   APPLICID( )                             ENVRDATA( )
   USERDATA(MT03.CH.MXRGPQPW)              DESCR( )
   ALTDATE(2026-06-22)                     ALTTIME(16.28.45)
AMQ8407: Display Process details.
   PROCESS(PR.MT03.QDIC)                   APPLTYPE(NSK)
   APPLICID( )                             ENVRDATA( )
   USERDATA(MT03.CH.QDIC)                  DESCR( )
   ALTDATE(2026-06-22)                     ALTTIME(16.28.47)
AMQ8407: Display Process details.
   PROCESS(SYSTEM.DEFAULT.PROCESS)         APPLTYPE(NSK)
   APPLICID( )                             ENVRDATA( )
   USERDATA( )                             DESCR( )
   ALTDATE(2026-06-22)                     ALTTIME(16.15.56)
MQSC > DISPLAY NAMELIST(*) ALL
    10 : DISPLAY NAMELIST(*) ALLDISPLAY NAMELIST(*) ALL
AMQ8405: Syntax error detected at or near end of command segment below:-
DISPLAY NAMELIST(*) ALLD

AMQ8427: Valid syntax for the MQSC command:

  DISPLAY NAMELIST( generic_namelist_name )

     [ WHERE( filter_keyword operator filter_value ) ]

     [ ALL      ] [ ALTDATE  ] [ ALTTIME  ] [ DESCR    ] [ NAMCOUNT ]
     [ NAMES    ]
MQSC > 

================================ OV Log End ==================================
                           Tue Sep 15 14:38:22 2026
==============================================================================

